ISO-10303-21;
HEADER;
FILE_DESCRIPTION (( 'STEP AP214' ),
    '1' );
FILE_NAME ('35rapc4bvn4.STEP',
    '2014-07-01T20:35:00',
    ( '' ),
    ( '' ),
    'SwSTEP 2.0',
    'SolidWorks 2014',
    '' );
FILE_SCHEMA (( 'AUTOMOTIVE_DESIGN' ));
ENDSEC;

DATA;
#1 = LINE ( 'NONE', #328, #156 ) ;
#2 = ORIENTED_EDGE ( 'NONE', *, *, #98, .T. ) ;
#3 = LINE ( 'NONE', #663, #442 ) ;
#4 = VECTOR ( 'NONE', #371, 1000.000000000000000 ) ;
#5 = EDGE_LOOP ( 'NONE', ( #1347, #1415, #1363, #893, #820, #90, #1438, #102 ) ) ;
#6 = ORIENTED_EDGE ( 'NONE', *, *, #223, .T. ) ;
#7 = CIRCLE ( 'NONE', #555, 2.999999999999903600 ) ;
#8 = CYLINDRICAL_SURFACE ( 'NONE', #609, 0.7499999999994533300 ) ;
#9 = ADVANCED_FACE ( 'NONE', ( #70 ), #8, .T. ) ;
#10 = FACE_OUTER_BOUND ( 'NONE', #612, .T. ) ;
#11 = ORIENTED_EDGE ( 'NONE', *, *, #138, .T. ) ;
#12 = LINE ( 'NONE', #338, #325 ) ;
#13 = ADVANCED_FACE ( 'NONE', ( #596 ), #924, .T. ) ;
#14 = ORIENTED_EDGE ( 'NONE', *, *, #96, .T. ) ;
#15 = ADVANCED_FACE ( 'NONE', ( #44 ), #923, .T. ) ;
#16 = ADVANCED_FACE ( 'NONE', ( #191 ), #541, .F. ) ;
#17 = ORIENTED_EDGE ( 'NONE', *, *, #126, .T. ) ;
#18 = ORIENTED_EDGE ( 'NONE', *, *, #137, .F. ) ;
#19 = VERTEX_POINT ( 'NONE', #1427 ) ;
#20 = ADVANCED_FACE ( 'NONE', ( #10 ), #1420, .T. ) ;
#21 = ORIENTED_EDGE ( 'NONE', *, *, #654, .T. ) ;
#22 = VERTEX_POINT ( 'NONE', #912 ) ;
#23 = ORIENTED_EDGE ( 'NONE', *, *, #124, .T. ) ;
#24 = ORIENTED_EDGE ( 'NONE', *, *, #168, .T. ) ;
#25 = ADVANCED_FACE ( 'NONE', ( #562 ), #1428, .F. ) ;
#26 = ORIENTED_EDGE ( 'NONE', *, *, #683, .F. ) ;
#27 = ORIENTED_EDGE ( 'NONE', *, *, #776, .T. ) ;
#28 = ORIENTED_EDGE ( 'NONE', *, *, #637, .T. ) ;
#29 = ORIENTED_EDGE ( 'NONE', *, *, #1175, .T. ) ;
#30 = VERTEX_POINT ( 'NONE', #1446 ) ;
#31 = ADVANCED_FACE ( 'NONE', ( #301 ), #392, .T. ) ;
#32 = ORIENTED_EDGE ( 'NONE', *, *, #684, .F. ) ;
#33 = ADVANCED_FACE ( 'NONE', ( #1413 ), #879, .T. ) ;
#34 = VERTEX_POINT ( 'NONE', #883 ) ;
#35 = ORIENTED_EDGE ( 'NONE', *, *, #170, .F. ) ;
#36 = ORIENTED_EDGE ( 'NONE', *, *, #650, .F. ) ;
#37 = ORIENTED_EDGE ( 'NONE', *, *, #124, .F. ) ;
#38 = ORIENTED_EDGE ( 'NONE', *, *, #664, .T. ) ;
#39 = VECTOR ( 'NONE', #334, 1000.000000000000000 ) ;
#40 = ADVANCED_FACE ( 'NONE', ( #532 ), #869, .T. ) ;
#41 = ORIENTED_EDGE ( 'NONE', *, *, #131, .F. ) ;
#42 = VECTOR ( 'NONE', #1286, 1000.000000000000000 ) ;
#43 = ORIENTED_EDGE ( 'NONE', *, *, #205, .T. ) ;
#44 = FACE_OUTER_BOUND ( 'NONE', #1112, .T. ) ;
#45 = ORIENTED_EDGE ( 'NONE', *, *, #751, .T. ) ;
#46 = ORIENTED_EDGE ( 'NONE', *, *, #131, .T. ) ;
#47 = ADVANCED_FACE ( 'NONE', ( #188 ), #836, .T. ) ;
#48 = ORIENTED_EDGE ( 'NONE', *, *, #633, .T. ) ;
#49 = ADVANCED_FACE ( 'NONE', ( #556 ), #828, .T. ) ;
#50 = ADVANCED_FACE ( 'NONE', ( #499 ), #831, .F. ) ;
#51 = ORIENTED_EDGE ( 'NONE', *, *, #105, .T. ) ;
#52 = VERTEX_POINT ( 'NONE', #822 ) ;
#53 = VERTEX_POINT ( 'NONE', #1102 ) ;
#54 = ORIENTED_EDGE ( 'NONE', *, *, #151, .F. ) ;
#55 = VERTEX_POINT ( 'NONE', #821 ) ;
#56 = ORIENTED_EDGE ( 'NONE', *, *, #224, .T. ) ;
#57 = ADVANCED_FACE ( 'NONE', ( #524 ), #813, .T. ) ;
#58 = ORIENTED_EDGE ( 'NONE', *, *, #646, .T. ) ;
#59 = ORIENTED_EDGE ( 'NONE', *, *, #708, .F. ) ;
#60 = ORIENTED_EDGE ( 'NONE', *, *, #128, .F. ) ;
#61 = VERTEX_POINT ( 'NONE', #808 ) ;
#62 = VECTOR ( 'NONE', #1081, 1000.000000000000000 ) ;
#63 = ORIENTED_EDGE ( 'NONE', *, *, #657, .T. ) ;
#64 = VERTEX_POINT ( 'NONE', #796 ) ;
#65 = ORIENTED_EDGE ( 'NONE', *, *, #159, .F. ) ;
#66 = ORIENTED_EDGE ( 'NONE', *, *, #606, .T. ) ;
#67 = VERTEX_POINT ( 'NONE', #791 ) ;
#68 = EDGE_CURVE ( 'NONE', #1136, #22, #478, .T. ) ;
#69 = ORIENTED_EDGE ( 'NONE', *, *, #133, .T. ) ;
#70 = FACE_OUTER_BOUND ( 'NONE', #279, .T. ) ;
#71 = EDGE_LOOP ( 'NONE', ( #872, #38, #1008, #114, #1020, #14, #1395, #1462 ) ) ;
#72 = ADVANCED_FACE ( 'NONE', ( #428 ), #503, .T. ) ;
#73 = UNCERTAINTY_MEASURE_WITH_UNIT (LENGTH_MEASURE( 1.000000000000000100E-005 ), #270, 'distance_accuracy_value', 'NONE');
#74 = AXIS2_PLACEMENT_3D ( 'NONE', #1414, #1408, #921 ) ;
#75 = EDGE_CURVE ( 'NONE', #1183, #1228, #519, .T. ) ;
#76 = EDGE_CURVE ( 'NONE', #1162, #235, #3, .T. ) ;
#77 = EDGE_CURVE ( 'NONE', #1005, #1277, #181, .T. ) ;
#78 = ADVANCED_FACE ( 'NONE', ( #469 ), #669, .F. ) ;
#79 = ORIENTED_EDGE ( 'NONE', *, *, #101, .T. ) ;
#80 = ORIENTED_EDGE ( 'NONE', *, *, #170, .T. ) ;
#81 = VERTEX_POINT ( 'NONE', #622 ) ;
#82 = VERTEX_POINT ( 'NONE', #617 ) ;
#83 = AXIS2_PLACEMENT_3D ( 'NONE', #1392, #1416, #1384 ) ;
#84 = EDGE_CURVE ( 'NONE', #276, #67, #472, .T. ) ;
#85 = EDGE_CURVE ( 'NONE', #235, #1391, #407, .T. ) ;
#86 = ORIENTED_EDGE ( 'NONE', *, *, #695, .F. ) ;
#87 = ORIENTED_EDGE ( 'NONE', *, *, #603, .F. ) ;
#88 = AXIS2_PLACEMENT_3D ( 'NONE', #925, #928, #1409 ) ;
#89 = EDGE_CURVE ( 'NONE', #610, #1054, #403, .T. ) ;
#90 = ORIENTED_EDGE ( 'NONE', *, *, #103, .T. ) ;
#91 = ORIENTED_EDGE ( 'NONE', *, *, #147, .F. ) ;
#92 = EDGE_CURVE ( 'NONE', #53, #621, #452, .T. ) ;
#93 = EDGE_CURVE ( 'NONE', #610, #1223, #373, .T. ) ;
#94 = EDGE_CURVE ( 'NONE', #656, #150, #386, .T. ) ;
#95 = EDGE_CURVE ( 'NONE', #1042, #982, #378, .T. ) ;
#96 = EDGE_CURVE ( 'NONE', #148, #375, #830, .T. ) ;
#97 = EDGE_CURVE ( 'NONE', #394, #492, #865, .T. ) ;
#98 = EDGE_CURVE ( 'NONE', #61, #1054, #1442, .T. ) ;
#99 = EDGE_CURVE ( 'NONE', #55, #492, #143, .T. ) ;
#100 = EDGE_CURVE ( 'NONE', #157, #276, #825, .T. ) ;
#101 = EDGE_CURVE ( 'NONE', #722, #1262, #7, .T. ) ;
#102 = ORIENTED_EDGE ( 'NONE', *, *, #691, .T. ) ;
#103 = EDGE_CURVE ( 'NONE', #1179, #157, #727, .T. ) ;
#104 = ORIENTED_EDGE ( 'NONE', *, *, #715, .T. ) ;
#105 = EDGE_CURVE ( 'NONE', #982, #203, #177, .T. ) ;
#106 = ORIENTED_EDGE ( 'NONE', *, *, #109, .T. ) ;
#107 = EDGE_CURVE ( 'NONE', #1179, #148, #795, .T. ) ;
#108 = EDGE_CURVE ( 'NONE', #818, #856, #222, .T. ) ;
#109 = EDGE_CURVE ( 'NONE', #940, #64, #765, .T. ) ;
#110 = EDGE_CURVE ( 'NONE', #150, #366, #774, .T. ) ;
#111 = EDGE_CURVE ( 'NONE', #982, #1222, #788, .T. ) ;
#112 = EDGE_CURVE ( 'NONE', #425, #1183, #221, .T. ) ;
#113 = ORIENTED_EDGE ( 'NONE', *, *, #76, .T. ) ;
#114 = ORIENTED_EDGE ( 'NONE', *, *, #84, .F. ) ;
#115 = ORIENTED_EDGE ( 'NONE', *, *, #767, .F. ) ;
#116 = EDGE_CURVE ( 'NONE', #203, #366, #232, .T. ) ;
#117 = EDGE_CURVE ( 'NONE', #569, #842, #209, .T. ) ;
#118 = ORIENTED_EDGE ( 'NONE', *, *, #97, .F. ) ;
#119 = EDGE_CURVE ( 'NONE', #1433, #1303, #204, .T. ) ;
#120 = EDGE_CURVE ( 'NONE', #1273, #81, #190, .T. ) ;
#121 = VERTEX_POINT ( 'NONE', #1332 ) ;
#122 = ORIENTED_EDGE ( 'NONE', *, *, #661, .T. ) ;
#123 = EDGE_CURVE ( 'NONE', #258, #1294, #616, .T. ) ;
#124 = EDGE_CURVE ( 'NONE', #339, #1138, #180, .T. ) ;
#125 = EDGE_CURVE ( 'NONE', #1054, #61, #176, .T. ) ;
#126 = EDGE_CURVE ( 'NONE', #619, #621, #167, .T. ) ;
#127 = EDGE_CURVE ( 'NONE', #55, #443, #173, .T. ) ;
#128 = EDGE_CURVE ( 'NONE', #1068, #1094, #187, .T. ) ;
#129 = EDGE_CURVE ( 'NONE', #81, #1431, #1, .T. ) ;
#130 = ORIENTED_EDGE ( 'NONE', *, *, #169, .T. ) ;
#131 = EDGE_CURVE ( 'NONE', #567, #1294, #158, .T. ) ;
#132 = EDGE_CURVE ( 'NONE', #1433, #640, #193, .T. ) ;
#133 = EDGE_CURVE ( 'NONE', #1303, #1162, #12, .T. ) ;
#134 = EDGE_CURVE ( 'NONE', #940, #55, #1435, .T. ) ;
#135 = EDGE_CURVE ( 'NONE', #640, #569, #154, .T. ) ;
#136 = ORIENTED_EDGE ( 'NONE', *, *, #92, .T. ) ;
#137 = EDGE_CURVE ( 'NONE', #763, #121, #323, .T. ) ;
#138 = EDGE_CURVE ( 'NONE', #1277, #22, #1454, .T. ) ;
#139 = UNCERTAINTY_MEASURE_WITH_UNIT (LENGTH_MEASURE( 1.000000000000000100E-005 ), #248, 'distance_accuracy_value', 'NONE');
#140 = EDGE_CURVE ( 'NONE', #1391, #81, #957, .T. ) ;
#141 = EDGE_CURVE ( 'NONE', #619, #1375, #1461, .T. ) ;
#142 = ORIENTED_EDGE ( 'NONE', *, *, #771, .T. ) ;
#143 = LINE ( 'NONE', #481, #747 ) ;
#144 = ORIENTED_EDGE ( 'NONE', *, *, #679, .F. ) ;
#145 = VECTOR ( 'NONE', #1091, 1000.000000000000000 ) ;
#146 = EDGE_CURVE ( 'NONE', #1042, #656, #1455, .T. ) ;
#147 = EDGE_CURVE ( 'NONE', #1222, #52, #1457, .T. ) ;
#148 = VERTEX_POINT ( 'NONE', #1045 ) ;
#149 = ORIENTED_EDGE ( 'NONE', *, *, #125, .T. ) ;
#150 = VERTEX_POINT ( 'NONE', #1048 ) ;
#151 = EDGE_CURVE ( 'NONE', #567, #621, #1465, .T. ) ;
#152 = UNCERTAINTY_MEASURE_WITH_UNIT (LENGTH_MEASURE( 1.000000000000000100E-005 ), #278, 'distance_accuracy_value', 'NONE');
#153 = VECTOR ( 'NONE', #265, 1000.000000000000000 ) ;
#154 = CIRCLE ( 'NONE', #550, 0.7499999999998237000 ) ;
#155 = EDGE_LOOP ( 'NONE', ( #1126, #1137, #1134, #1288, #26, #56, #29, #1154 ) ) ;
#156 = VECTOR ( 'NONE', #840, 1000.000000000000000 ) ;
#157 = VERTEX_POINT ( 'NONE', #1034 ) ;
#158 = LINE ( 'NONE', #341, #305 ) ;
#159 = EDGE_CURVE ( 'NONE', #1294, #53, #1448, .T. ) ;
#160 = EDGE_CURVE ( 'NONE', #1277, #1228, #1444, .T. ) ;
#161 = EDGE_LOOP ( 'NONE', ( #977, #63, #17, #419 ) ) ;
#162 = ORIENTED_EDGE ( 'NONE', *, *, #119, .T. ) ;
#163 = VERTEX_POINT ( 'NONE', #1160 ) ;
#164 = ORIENTED_EDGE ( 'NONE', *, *, #89, .F. ) ;
#165 = VECTOR ( 'NONE', #1339, 1000.000000000000000 ) ;
#166 = ORIENTED_EDGE ( 'NONE', *, *, #665, .F. ) ;
#167 = LINE ( 'NONE', #1348, #165 ) ;
#168 = EDGE_CURVE ( 'NONE', #366, #1042, #1437, .T. ) ;
#169 = EDGE_CURVE ( 'NONE', #22, #698, #1449, .T. ) ;
#170 = EDGE_CURVE ( 'NONE', #859, #842, #1421, .T. ) ;
#171 = EDGE_CURVE ( 'NONE', #163, #375, #1429, .T. ) ;
#172 = ORIENTED_EDGE ( 'NONE', *, *, #603, .T. ) ;
#173 = LINE ( 'NONE', #1356, #1246 ) ;
#174 = VECTOR ( 'NONE', #961, 1000.000000000000000 ) ;
#175 = ORIENTED_EDGE ( 'NONE', *, *, #99, .F. ) ;
#176 = CIRCLE ( 'NONE', #563, 1.800000000000427900 ) ;
#177 = CIRCLE ( 'NONE', #559, 0.7499999999998231400 ) ;
#178 = PRODUCT_DEFINITION ( 'UNKNOWN', '', #179, #789 ) ;
#179 = PRODUCT_DEFINITION_FORMATION_WITH_SPECIFIED_SOURCE ( 'ANY', '', #485, .NOT_KNOWN. ) ;
#180 = LINE ( 'NONE', #963, #653 ) ;
#181 = CIRCLE ( 'NONE', #570, 0.7499999999994533300 ) ;
#182 = VECTOR ( 'NONE', #1335, 1000.000000000000000 ) ;
#183 = VECTOR ( 'NONE', #1313, 1000.000000000000000 ) ;
#184 = VECTOR ( 'NONE', #495, 1000.000000000000000 ) ;
#185 = ADVANCED_BREP_SHAPE_REPRESENTATION ( '35rapc4bvn4', ( #1425, #370 ), #398 ) ;
#186 = PRODUCT_RELATED_PRODUCT_CATEGORY ( 'part', '', ( #485 ) ) ;
#187 = LINE ( 'NONE', #1353, #39 ) ;
#188 = FACE_OUTER_BOUND ( 'NONE', #1116, .T. ) ;
#189 = EDGE_CURVE ( 'NONE', #763, #722, #1412, .T. ) ;
#190 = LINE ( 'NONE', #1326, #182 ) ;
#191 = FACE_OUTER_BOUND ( 'NONE', #685, .T. ) ;
#192 = ORIENTED_EDGE ( 'NONE', *, *, #219, .F. ) ;
#193 = LINE ( 'NONE', #1074, #145 ) ;
#194 = ORIENTED_EDGE ( 'NONE', *, *, #134, .F. ) ;
#195 = VECTOR ( 'NONE', #968, 1000.000000000000000 ) ;
#196 = EDGE_CURVE ( 'NONE', #1223, #61, #1400, .T. ) ;
#197 = EDGE_CURVE ( 'NONE', #121, #763, #1396, .T. ) ;
#198 = AXIS2_PLACEMENT_3D ( 'NONE', #855, #862, #850 ) ;
#199 = EDGE_CURVE ( 'NONE', #271, #163, #1385, .T. ) ;
#200 = ORIENTED_EDGE ( 'NONE', *, *, #630, .F. ) ;
#201 = VECTOR ( 'NONE', #975, 1000.000000000000000 ) ;
#202 = EDGE_CURVE ( 'NONE', #375, #1273, #1410, .T. ) ;
#203 = VERTEX_POINT ( 'NONE', #1163 ) ;
#204 = LINE ( 'NONE', #1302, #183 ) ;
#205 = EDGE_CURVE ( 'NONE', #1262, #722, #1368, .T. ) ;
#206 = VECTOR ( 'NONE', #1119, 1000.000000000000000 ) ;
#207 = EDGE_CURVE ( 'NONE', #1391, #271, #1383, .T. ) ;
#208 = EDGE_LOOP ( 'NONE', ( #46, #1121, #136, #54 ) ) ;
#209 = LINE ( 'NONE', #1323, #195 ) ;
#210 = AXIS2_PLACEMENT_3D ( 'NONE', #644, #639, #636 ) ;
#211 = ORIENTED_EDGE ( 'NONE', *, *, #785, .F. ) ;
#212 = ORIENTED_EDGE ( 'NONE', *, *, #117, .F. ) ;
#213 = ORIENTED_EDGE ( 'NONE', *, *, #132, .F. ) ;
#214 = EDGE_LOOP ( 'NONE', ( #527, #535, #540, #544 ) ) ;
#215 = AXIS2_PLACEMENT_3D ( 'NONE', #766, #782, #756 ) ;
#216 = EDGE_LOOP ( 'NONE', ( #1150, #87, #86, #37 ) ) ;
#217 = EDGE_LOOP ( 'NONE', ( #1044, #115, #1387, #800 ) ) ;
#218 = STYLED_ITEM ( 'NONE', ( #922 ), #1425 ) ;
#219 = EDGE_CURVE ( 'NONE', #1094, #1433, #1376, .T. ) ;
#220 = VECTOR ( 'NONE', #1291, 1000.000000000000000 ) ;
#221 = LINE ( 'NONE', #1289, #201 ) ;
#222 = LINE ( 'NONE', #358, #42 ) ;
#223 = EDGE_CURVE ( 'NONE', #1338, #1075, #1378, .T. ) ;
#224 = EDGE_CURVE ( 'NONE', #857, #1338, #1354, .T. ) ;
#225 = ORIENTED_EDGE ( 'NONE', *, *, #602, .T. ) ;
#226 = AXIS2_PLACEMENT_3D ( 'NONE', #864, #890, #858 ) ;
#227 = EDGE_CURVE ( 'NONE', #203, #52, #1358, .T. ) ;
#228 = EDGE_LOOP ( 'NONE', ( #643, #670, #711, #538 ) ) ;
#229 = AXIS2_PLACEMENT_3D ( 'NONE', #779, #769, #772 ) ;
#230 = VECTOR ( 'NONE', #1295, 1000.000000000000000 ) ;
#231 = ORIENTED_EDGE ( 'NONE', *, *, #94, .T. ) ;
#232 = LINE ( 'NONE', #1318, #950 ) ;
#233 = EDGE_LOOP ( 'NONE', ( #449, #456, #470, #513 ) ) ;
#234 = EDGE_LOOP ( 'NONE', ( #894, #899, #915, #932, #337, #1267 ) ) ;
#235 = VERTEX_POINT ( 'NONE', #1255 ) ;
#236 = AXIS2_PLACEMENT_3D ( 'NONE', #710, #701, #702 ) ;
#237 = VECTOR ( 'NONE', #1304, 1000.000000000000000 ) ;
#238 = ADVANCED_FACE ( 'NONE', ( #1331 ), #1007, .F. ) ;
#239 = EDGE_LOOP ( 'NONE', ( #500, #829, #516, #521 ) ) ;
#240 = ADVANCED_FACE ( 'NONE', ( #1333 ), #1251, .T. ) ;
#241 = ORIENTED_EDGE ( 'NONE', *, *, #135, .F. ) ;
#242 = ORIENTED_EDGE ( 'NONE', *, *, #676, .F. ) ;
#243 = DIRECTION ( 'NONE',  ( 0.0000000000000000000, 0.0000000000000000000, 1.000000000000000000 ) ) ;
#244 = ORIENTED_EDGE ( 'NONE', *, *, #117, .T. ) ;
#245 = EDGE_LOOP ( 'NONE', ( #1245, #1271, #1290, #1298 ) ) ;
#246 =( NAMED_UNIT ( * ) SI_UNIT ( $, .STERADIAN. ) SOLID_ANGLE_UNIT ( ) );
#247 =( NAMED_UNIT ( * ) PLANE_ANGLE_UNIT ( ) SI_UNIT ( $, .RADIAN. ) );
#248 =( LENGTH_UNIT ( ) NAMED_UNIT ( * ) SI_UNIT ( .MILLI., .METRE. ) );
#249 = SURFACE_STYLE_USAGE ( .BOTH. , #255 ) ;
#250 = ADVANCED_FACE ( 'NONE', ( #1328 ), #1316, .T. ) ;
#251 = ORIENTED_EDGE ( 'NONE', *, *, #709, .F. ) ;
#252 = DIRECTION ( 'NONE',  ( 0.0000000000000000000, -1.000000000000000000, 0.0000000000000000000 ) ) ;
#253 = ORIENTED_EDGE ( 'NONE', *, *, #127, .F. ) ;
#254 = ADVANCED_FACE ( 'NONE', ( #1329 ), #1309, .T. ) ;
#255 = SURFACE_SIDE_STYLE ('',( #841 ) ) ;
#256 = FILL_AREA_STYLE ('',( #287 ) ) ;
#257 = ADVANCED_FACE ( 'NONE', ( #1320 ), #993, .T. ) ;
#258 = VERTEX_POINT ( 'NONE', #1263 ) ;
#259 = APPLICATION_CONTEXT ( 'automotive_design' ) ;
#260 = EDGE_LOOP ( 'NONE', ( #1402, #1350, #1388, #1373 ) ) ;
#261 = ADVANCED_FACE ( 'NONE', ( #1306 ), #988, .F. ) ;
#262 = AXIS2_PLACEMENT_3D ( 'NONE', #873, #867, #868 ) ;
#263 = ORIENTED_EDGE ( 'NONE', *, *, #709, .T. ) ;
#264 = APPLICATION_PROTOCOL_DEFINITION ( 'draft international standard', 'automotive_design', 1998, #259 ) ;
#265 = DIRECTION ( 'NONE',  ( -1.000000000000000000, -0.0000000000000000000, -0.0000000000000000000 ) ) ;
#266 = ORIENTED_EDGE ( 'NONE', *, *, #112, .F. ) ;
#267 =( NAMED_UNIT ( * ) SI_UNIT ( $, .STERADIAN. ) SOLID_ANGLE_UNIT ( ) );
#268 = ADVANCED_FACE ( 'NONE', ( #1349 ), #1292, .T. ) ;
#269 =( NAMED_UNIT ( * ) PLANE_ANGLE_UNIT ( ) SI_UNIT ( $, .RADIAN. ) );
#270 =( LENGTH_UNIT ( ) NAMED_UNIT ( * ) SI_UNIT ( .MILLI., .METRE. ) );
#271 = VERTEX_POINT ( 'NONE', #989 ) ;
#272 = CARTESIAN_POINT ( 'NONE',  ( 0.0000000000000000000, 0.0000000000000000000, 0.0000000000000000000 ) ) ;
#273 = AXIS2_PLACEMENT_3D ( 'NONE', #900, #897, #889 ) ;
#274 = EDGE_LOOP ( 'NONE', ( #11, #130, #1430, #878 ) ) ;
#275 =( NAMED_UNIT ( * ) SI_UNIT ( $, .STERADIAN. ) SOLID_ANGLE_UNIT ( ) );
#276 = VERTEX_POINT ( 'NONE', #1300 ) ;
#277 =( NAMED_UNIT ( * ) PLANE_ANGLE_UNIT ( ) SI_UNIT ( $, .RADIAN. ) );
#278 =( LENGTH_UNIT ( ) NAMED_UNIT ( * ) SI_UNIT ( .MILLI., .METRE. ) );
#279 = EDGE_LOOP ( 'NONE', ( #405, #413, #421, #430 ) ) ;
#280 = SURFACE_STYLE_USAGE ( .BOTH. , #282 ) ;
#281 = VERTEX_POINT ( 'NONE', #1307 ) ;
#282 = SURFACE_SIDE_STYLE ('',( #905 ) ) ;
#283 = FILL_AREA_STYLE ('',( #285 ) ) ;
#284 = EDGE_LOOP ( 'NONE', ( #1325, #1317, #1322, #1343 ) ) ;
#285 = FILL_AREA_STYLE_COLOUR ( '', #914 ) ;
#286 = CARTESIAN_POINT ( 'NONE',  ( 1.149999999999999700, -0.1000000000000000500, 6.599999999999998800 ) ) ;
#287 = FILL_AREA_STYLE_COLOUR ( '', #845 ) ;
#288 = CARTESIAN_POINT ( 'NONE',  ( 13.00000000000000200, -4.900000000000001200, 6.599999999999999600 ) ) ;
#289 = CARTESIAN_POINT ( 'NONE',  ( 12.94999999999999900, -1.600000000000000100, 9.450000000000370500 ) ) ;
#290 = CARTESIAN_POINT ( 'NONE',  ( 0.0000000000000000000, -4.899999999999999500, -5.299999999999998900 ) ) ;
#291 = CARTESIAN_POINT ( 'NONE',  ( 12.65000000000000000, -0.09999999999999131800, 9.450000000000379400 ) ) ;
#292 = VERTEX_POINT ( 'NONE', #1310 ) ;
#293 = CARTESIAN_POINT ( 'NONE',  ( 13.00000000000000200, 3.200000000000000200, 7.000000000000000000 ) ) ;
#294 = EDGE_LOOP ( 'NONE', ( #266, #320, #327, #1180 ) ) ;
#295 = CARTESIAN_POINT ( 'NONE',  ( 1.000000000000000900, -0.09999999999999997800, 6.599999999999998800 ) ) ;
#296 = ORIENTED_EDGE ( 'NONE', *, *, #128, .T. ) ;
#297 = CARTESIAN_POINT ( 'NONE',  ( 1.600000000000000100, 3.000000000000000000, -2.299999999999999800 ) ) ;
#298 = CARTESIAN_POINT ( 'NONE',  ( 4.900000000000000400, 0.3999999999999999700, 9.450000000000370500 ) ) ;
#299 = ORIENTED_EDGE ( 'NONE', *, *, #708, .T. ) ;
#300 = DIRECTION ( 'NONE',  ( -0.0000000000000000000, -1.000000000000000000, -0.0000000000000000000 ) ) ;
#301 = FACE_OUTER_BOUND ( 'NONE', #260, .T. ) ;
#302 = CARTESIAN_POINT ( 'NONE',  ( 1.000000000000000000, 3.199999999999999700, -2.299999999999999800 ) ) ;
#303 = ORIENTED_EDGE ( 'NONE', *, *, #99, .T. ) ;
#304 = CARTESIAN_POINT ( 'NONE',  ( 1.000000000000000700, 3.000000000000000000, 6.599999999999999600 ) ) ;
#305 = VECTOR ( 'NONE', #1087, 1000.000000000000000 ) ;
#306 = CARTESIAN_POINT ( 'NONE',  ( 13.99999999999999800, 3.199999999999999700, -5.300000000000000700 ) ) ;
#307 = AXIS2_PLACEMENT_3D ( 'NONE', #895, #885, #881 ) ;
#308 = CARTESIAN_POINT ( 'NONE',  ( 1.600000000000000100, 3.100000000000000500, -2.299999999999999800 ) ) ;
#309 = CARTESIAN_POINT ( 'NONE',  ( 18.00000000000000400, 3.930192846353243500E-016, 1.799999999999636600 ) ) ;
#310 = CARTESIAN_POINT ( 'NONE',  ( 18.00000000000001100, -2.999999999999901000, -3.971225047942807300E-013 ) ) ;
#311 = CARTESIAN_POINT ( 'NONE',  ( 4.599999999999999600, 1.899999999999823600, 9.450000000000379400 ) ) ;
#312 = DIRECTION ( 'NONE',  ( 1.000000000000000000, 0.0000000000000000000, 0.0000000000000000000 ) ) ;
#313 = CARTESIAN_POINT ( 'NONE',  ( 2.200000000000000600, 3.199999999999999700, -3.799999999999999400 ) ) ;
#314 = CARTESIAN_POINT ( 'NONE',  ( 6.500000000000000900, -0.09999999999999131800, 9.450000000000191100 ) ) ;
#315 = ORIENTED_EDGE ( 'NONE', *, *, #651, .F. ) ;
#316 = CARTESIAN_POINT ( 'NONE',  ( 4.599999999999997900, 0.3999999999999999700, 9.450000000000370500 ) ) ;
#317 = CARTESIAN_POINT ( 'NONE',  ( 1.000000000000000000, -4.899999999999999500, 7.000000000000000000 ) ) ;
#318 = ORIENTED_EDGE ( 'NONE', *, *, #108, .F. ) ;
#319 = CARTESIAN_POINT ( 'NONE',  ( 12.94999999999999800, -0.1000000000000000300, 6.599999999999998800 ) ) ;
#320 = ORIENTED_EDGE ( 'NONE', *, *, #767, .T. ) ;
#321 = CARTESIAN_POINT ( 'NONE',  ( 1.000000000000000000, -0.09999999999999982500, 6.999999999999999100 ) ) ;
#322 = CARTESIAN_POINT ( 'NONE',  ( 6.999999999999999100, -4.900000000000000400, -5.299999999999999800 ) ) ;
#323 = CIRCLE ( 'NONE', #520, 2.999999999999903600 ) ;
#324 = CARTESIAN_POINT ( 'NONE',  ( 12.65000000000000600, -1.600000000000000100, 9.450000000000372300 ) ) ;
#325 = VECTOR ( 'NONE', #1097, 1000.000000000000000 ) ;
#326 = CARTESIAN_POINT ( 'NONE',  ( 1.149999999999998800, -1.599999999999999900, 6.599999999999998800 ) ) ;
#327 = ORIENTED_EDGE ( 'NONE', *, *, #758, .F. ) ;
#328 = CARTESIAN_POINT ( 'NONE',  ( 1.000000000000000000, 3.000000000000000000, 0.6499999999999995800 ) ) ;
#329 = CARTESIAN_POINT ( 'NONE',  ( 1.000000000000000700, -1.599999999999999600, 6.599999999999998800 ) ) ;
#330 = ADVANCED_FACE ( 'NONE', ( #1340 ), #986, .T. ) ;
#331 = AXIS2_PLACEMENT_3D ( 'NONE', #1466, #1447, #901 ) ;
#332 = CARTESIAN_POINT ( 'NONE',  ( 4.599999999999999600, 0.4000000000000001300, 6.599999999999998800 ) ) ;
#333 = CARTESIAN_POINT ( 'NONE',  ( 12.00000000000000000, 6.134557084819002900E-016, -1.800000000001219500 ) ) ;
#334 = DIRECTION ( 'NONE',  ( 1.000000000000000000, -0.0000000000000000000, -0.0000000000000000000 ) ) ;
#335 = CARTESIAN_POINT ( 'NONE',  ( 6.799999999999994500, -0.09999999999999131800, 9.450000000000191100 ) ) ;
#336 = CARTESIAN_POINT ( 'NONE',  ( 6.799999999999999800, -0.1000000000000000300, 6.599999999999998800 ) ) ;
#337 = ORIENTED_EDGE ( 'NONE', *, *, #661, .F. ) ;
#338 = CARTESIAN_POINT ( 'NONE',  ( 1.000000000000000000, -0.09999999999999982500, 2.349999999999999600 ) ) ;
#339 = VERTEX_POINT ( 'NONE', #972 ) ;
#340 = CARTESIAN_POINT ( 'NONE',  ( 10.50000000000000000, 1.899999999999999900, 6.599999999999998800 ) ) ;
#341 = CARTESIAN_POINT ( 'NONE',  ( 14.00000000000000000, -0.8500000000000003100, -5.299999999999999800 ) ) ;
#342 = ADVANCED_FACE ( 'NONE', ( #1299 ), #1337, .T. ) ;
#343 = ORIENTED_EDGE ( 'NONE', *, *, #123, .T. ) ;
#344 = CARTESIAN_POINT ( 'NONE',  ( 0.8499999999999999800, -0.09999999999999131800, 9.450000000000191100 ) ) ;
#345 = ORIENTED_EDGE ( 'NONE', *, *, #97, .T. ) ;
#346 = CARTESIAN_POINT ( 'NONE',  ( 4.900000000000003900, 1.899999999999823600, 9.450000000000379400 ) ) ;
#347 = ORIENTED_EDGE ( 'NONE', *, *, #615, .T. ) ;
#348 = DIRECTION ( 'NONE',  ( 0.0000000000000000000, 0.0000000000000000000, 1.000000000000000000 ) ) ;
#349 = DIRECTION ( 'NONE',  ( -1.000000000000000000, 0.0000000000000000000, 0.0000000000000000000 ) ) ;
#350 = ORIENTED_EDGE ( 'NONE', *, *, #196, .T. ) ;
#351 = CARTESIAN_POINT ( 'NONE',  ( 18.00000000000000400, 3.930192846353243500E-016, -7.914404808601061000E-013 ) ) ;
#352 = ADVANCED_FACE ( 'NONE', ( #1308, #1312 ), #967, .T. ) ;
#353 = ORIENTED_EDGE ( 'NONE', *, *, #776, .F. ) ;
#354 = DIRECTION ( 'NONE',  ( 1.000000000000000000, 3.716611051423258200E-015, 3.439956243283325000E-015 ) ) ;
#355 = CARTESIAN_POINT ( 'NONE',  ( 10.50000000000000000, 0.3999999999999999700, 9.450000000000370500 ) ) ;
#356 = CARTESIAN_POINT ( 'NONE',  ( 6.799999999999997200, -0.8499999999999986500, 9.450000000000375900 ) ) ;
#357 = CARTESIAN_POINT ( 'NONE',  ( 2.200000000000000200, 3.100000000000000100, -3.799999999999999800 ) ) ;
#358 = CARTESIAN_POINT ( 'NONE',  ( 6.999999999999998200, -1.599999999999999000, 7.000000000000000000 ) ) ;
#359 = ADVANCED_FACE ( 'NONE', ( #1297 ), #1279, .F. ) ;
#360 = CARTESIAN_POINT ( 'NONE',  ( 1.000000000000000000, -1.599999999999999000, 6.999999999999999100 ) ) ;
#361 = AXIS2_PLACEMENT_3D ( 'NONE', #787, #784, #790 ) ;
#362 = ADVANCED_FACE ( 'NONE', ( #1293 ), #951, .T. ) ;
#363 = AXIS2_PLACEMENT_3D ( 'NONE', #351, #349, #348 ) ;
#364 = DIRECTION ( 'NONE',  ( -0.0000000000000000000, -0.0000000000000000000, -1.000000000000000000 ) ) ;
#365 = ORIENTED_EDGE ( 'NONE', *, *, #719, .T. ) ;
#366 = VERTEX_POINT ( 'NONE', #1352 ) ;
#367 = AXIS2_PLACEMENT_3D ( 'NONE', #805, #812, #794 ) ;
#368 = CARTESIAN_POINT ( 'NONE',  ( 0.8500000000000000900, -1.599999999999999600, 7.000000000000000000 ) ) ;
#369 = ORIENTED_EDGE ( 'NONE', *, *, #687, .F. ) ;
#370 = AXIS2_PLACEMENT_3D ( 'NONE', #272, #243, #1089 ) ;
#371 = DIRECTION ( 'NONE',  ( -0.0000000000000000000, -0.0000000000000000000, -1.000000000000000000 ) ) ;
#372 = ADVANCED_FACE ( 'NONE', ( #1305 ), #948, .T. ) ;
#373 = CIRCLE ( 'NONE', #589, 1.800000000000427900 ) ;
#374 = CARTESIAN_POINT ( 'NONE',  ( 6.500000000000000900, -1.600000000000000100, 8.025000000000000400 ) ) ;
#375 = VERTEX_POINT ( 'NONE', #1380 ) ;
#376 = AXIS2_PLACEMENT_3D ( 'NONE', #491, #488, #489 ) ;
#377 = CARTESIAN_POINT ( 'NONE',  ( 0.0000000000000000000, -4.899999999999999500, 7.000000000000000900 ) ) ;
#378 = LINE ( 'NONE', #574, #1419 ) ;
#379 = ADVANCED_FACE ( 'NONE', ( #1270, #1284, #1280, #1275, #1265 ), #1361, .F. ) ;
#380 = DIRECTION ( 'NONE',  ( -1.000000000000000000, 0.0000000000000000000, 0.0000000000000000000 ) ) ;
#381 = ADVANCED_FACE ( 'NONE', ( #1276 ), #1247, .T. ) ;
#382 = CARTESIAN_POINT ( 'NONE',  ( 4.750000000000000000, 1.900000000000000100, 6.599999999999999600 ) ) ;
#383 = ADVANCED_FACE ( 'NONE', ( #1253 ), #1372, .T. ) ;
#384 = ORIENTED_EDGE ( 'NONE', *, *, #781, .T. ) ;
#385 = DIRECTION ( 'NONE',  ( -1.000000000000000000, -0.0000000000000000000, -0.0000000000000000000 ) ) ;
#386 = LINE ( 'NONE', #564, #760 ) ;
#387 = AXIS2_PLACEMENT_3D ( 'NONE', #578, #577, #572 ) ;
#388 = ORIENTED_EDGE ( 'NONE', *, *, #112, .T. ) ;
#389 = CLOSED_SHELL ( 'NONE', ( #381, #16, #33, #352, #429, #25, #379, #250, #13, #400, #435, #408, #342, #240, #15, #47, #444, #496, #78, #493, #466, #512, #397, #261, #238, #475, #9, #49, #372, #254, #31, #486, #515, #439, #362, #404, #330, #359, #268, #57, #257, #20, #50, #595, #590, #72, #383, #40 ) ) ;
#390 = CARTESIAN_POINT ( 'NONE',  ( 10.35000000000000000, 1.899999999999647300, 9.450000000000009900 ) ) ;
#391 = ORIENTED_EDGE ( 'NONE', *, *, #757, .F. ) ;
#392 = PLANE ( 'NONE',  #618 ) ;
#393 = VECTOR ( 'NONE', #624, 1000.000000000000000 ) ;
#394 = VERTEX_POINT ( 'NONE', #1401 ) ;
#395 = STYLED_ITEM ( 'NONE', ( #837 ), #185 ) ;
#396 = AXIS2_PLACEMENT_3D ( 'NONE', #860, #843, #844 ) ;
#397 = ADVANCED_FACE ( 'NONE', ( #1256 ), #1398, .F. ) ;
#398 =( GEOMETRIC_REPRESENTATION_CONTEXT ( 3 ) GLOBAL_UNCERTAINTY_ASSIGNED_CONTEXT ( ( #73 ) ) GLOBAL_UNIT_ASSIGNED_CONTEXT ( ( #270, #269, #267 ) ) REPRESENTATION_CONTEXT ( 'NONE', 'WORKASPACE' ) );
#399 = DIRECTION ( 'NONE',  ( -1.000000000000000000, -0.0000000000000000000, -0.0000000000000000000 ) ) ;
#400 = ADVANCED_FACE ( 'NONE', ( #1250 ), #1418, .T. ) ;
#401 = CARTESIAN_POINT ( 'NONE',  ( 0.8500000000000000900, -1.600000000000000300, 9.450000000000187600 ) ) ;
#402 = AXIS2_PLACEMENT_3D ( 'NONE', #847, #809, #806 ) ;
#403 = LINE ( 'NONE', #604, #412 ) ;
#404 = ADVANCED_FACE ( 'NONE', ( #1242 ), #1231, .T. ) ;
#405 = ORIENTED_EDGE ( 'NONE', *, *, #757, .T. ) ;
#406 =( GEOMETRIC_REPRESENTATION_CONTEXT ( 3 ) GLOBAL_UNCERTAINTY_ASSIGNED_CONTEXT ( ( #152 ) ) GLOBAL_UNIT_ASSIGNED_CONTEXT ( ( #278, #277, #275 ) ) REPRESENTATION_CONTEXT ( 'NONE', 'WORKASPACE' ) );
#407 = LINE ( 'NONE', #611, #4 ) ;
#408 = ADVANCED_FACE ( 'NONE', ( #1244 ), #1453, .T. ) ;
#409 =( GEOMETRIC_REPRESENTATION_CONTEXT ( 3 ) GLOBAL_UNCERTAINTY_ASSIGNED_CONTEXT ( ( #139 ) ) GLOBAL_UNIT_ASSIGNED_CONTEXT ( ( #248, #247, #246 ) ) REPRESENTATION_CONTEXT ( 'NONE', 'WORKASPACE' ) );
#410 = ORIENTED_EDGE ( 'NONE', *, *, #693, .F. ) ;
#411 = DIRECTION ( 'NONE',  ( 0.0000000000000000000, -1.000000000000000000, 0.0000000000000000000 ) ) ;
#412 = VECTOR ( 'NONE', #655, 1000.000000000000000 ) ;
#413 = ORIENTED_EDGE ( 'NONE', *, *, #75, .T. ) ;
#414 = CARTESIAN_POINT ( 'NONE',  ( 1.000000000000250000, -0.09999999999998264400, 9.450000000000006400 ) ) ;
#415 = MECHANICAL_DESIGN_GEOMETRIC_PRESENTATION_REPRESENTATION (  '', ( #218 ), #406 ) ;
#416 = DIRECTION ( 'NONE',  ( -0.0000000000000000000, -0.0000000000000000000, 1.000000000000000000 ) ) ;
#417 = DIRECTION ( 'NONE',  ( -0.0000000000000000000, 1.000000000000000000, -0.0000000000000000000 ) ) ;
#418 = PRESENTATION_LAYER_ASSIGNMENT (  '', '', ( #395 ) ) ;
#419 = ORIENTED_EDGE ( 'NONE', *, *, #92, .F. ) ;
#420 = CARTESIAN_POINT ( 'NONE',  ( 0.8500000000000000900, -0.8500000000000013100, 7.000000000000000900 ) ) ;
#421 = ORIENTED_EDGE ( 'NONE', *, *, #160, .F. ) ;
#422 = PRESENTATION_LAYER_ASSIGNMENT (  '', '', ( #218 ) ) ;
#423 = MECHANICAL_DESIGN_GEOMETRIC_PRESENTATION_REPRESENTATION (  '', ( #395 ), #409 ) ;
#424 = VECTOR ( 'NONE', #605, 1000.000000000000000 ) ;
#425 = VERTEX_POINT ( 'NONE', #1460 ) ;
#426 = AXIS2_PLACEMENT_3D ( 'NONE', #1379, #1374, #1362 ) ;
#427 = CARTESIAN_POINT ( 'NONE',  ( 2.200000000000000200, 3.000000000000000000, 0.6499999999999995800 ) ) ;
#428 = FACE_OUTER_BOUND ( 'NONE', #672, .T. ) ;
#429 = ADVANCED_FACE ( 'NONE', ( #1252 ), #902, .T. ) ;
#430 = ORIENTED_EDGE ( 'NONE', *, *, #77, .F. ) ;
#431 = DIRECTION ( 'NONE',  ( -0.0000000000000000000, -0.0000000000000000000, -1.000000000000000000 ) ) ;
#432 = AXIS2_PLACEMENT_3D ( 'NONE', #1432, #918, #913 ) ;
#433 = CARTESIAN_POINT ( 'NONE',  ( 4.599999999999999600, 0.3999999999999999700, 8.025000000000000400 ) ) ;
#434 = DIRECTION ( 'NONE',  ( -1.000000000000000000, -0.0000000000000000000, -0.0000000000000000000 ) ) ;
#435 = ADVANCED_FACE ( 'NONE', ( #1233 ), #1468, .T. ) ;
#436 = AXIS2_PLACEMENT_3D ( 'NONE', #929, #1423, #916 ) ;
#437 = AXIS2_PLACEMENT_3D ( 'NONE', #1397, #1406, #1411 ) ;
#438 = AXIS2_PLACEMENT_3D ( 'NONE', #903, #1463, #1464 ) ;
#439 = ADVANCED_FACE ( 'NONE', ( #1229 ), #1467, .T. ) ;
#440 = CARTESIAN_POINT ( 'NONE',  ( 4.750000000000000900, 1.899999999999647300, 9.450000000000015300 ) ) ;
#441 = AXIS2_PLACEMENT_3D ( 'NONE', #904, #1440, #1456 ) ;
#442 = VECTOR ( 'NONE', #725, 1000.000000000000000 ) ;
#443 = VERTEX_POINT ( 'NONE', #898 ) ;
#444 = ADVANCED_FACE ( 'NONE', ( #1217 ), #886, .T. ) ;
#445 = ORIENTED_EDGE ( 'NONE', *, *, #716, .F. ) ;
#446 = DIRECTION ( 'NONE',  ( 0.0000000000000000000, 0.0000000000000000000, 1.000000000000000000 ) ) ;
#447 = EDGE_CURVE ( 'NONE', #1375, #30, #1235, .T. ) ;
#448 = CARTESIAN_POINT ( 'NONE',  ( 4.599999999999999600, 1.150000000000249900, 6.599999999999999600 ) ) ;
#449 = ORIENTED_EDGE ( 'NONE', *, *, #758, .T. ) ;
#450 = AXIS2_PLACEMENT_3D ( 'NONE', #920, #1426, #909 ) ;
#451 = CARTESIAN_POINT ( 'NONE',  ( 12.94999999999999900, -0.1000000000000000600, 8.400781537254999900 ) ) ;
#452 = LINE ( 'NONE', #599, #424 ) ;
#453 = DIRECTION ( 'NONE',  ( -1.000000000000000000, 0.0000000000000000000, 0.0000000000000000000 ) ) ;
#454 = AXIS2_PLACEMENT_3D ( 'NONE', #971, #1321, #1327 ) ;
#455 = CARTESIAN_POINT ( 'NONE',  ( 6.650000000000000400, -1.600000000000000100, 6.599999999999999600 ) ) ;
#456 = ORIENTED_EDGE ( 'NONE', *, *, #68, .T. ) ;
#457 = CARTESIAN_POINT ( 'NONE',  ( 13.99999999999999300, 2.999999999999902700, -3.992546236605080100E-013 ) ) ;
#458 = AXIS2_PLACEMENT_3D ( 'NONE', #995, #1281, #983 ) ;
#459 = DIRECTION ( 'NONE',  ( -1.156482317317908600E-015, 1.000000000000000000, 0.0000000000000000000 ) ) ;
#460 = DIRECTION ( 'NONE',  ( -0.0000000000000000000, -1.000000000000000000, -0.0000000000000000000 ) ) ;
#461 = CARTESIAN_POINT ( 'NONE',  ( 18.00000000000000700, 3.047613209736243600E-015, -3.957251740075418100E-013 ) ) ;
#462 = DIRECTION ( 'NONE',  ( -1.000000000000000000, -0.0000000000000000000, -0.0000000000000000000 ) ) ;
#463 = AXIS2_PLACEMENT_3D ( 'NONE', #1366, #1243, #1365 ) ;
#464 = CARTESIAN_POINT ( 'NONE',  ( 12.80000000000000200, -0.09999999999998267200, 9.450000000000013500 ) ) ;
#465 = DIRECTION ( 'NONE',  ( -1.000000000000000000, -9.396205340702812500E-016, -8.823624132415574200E-016 ) ) ;
#466 = ADVANCED_FACE ( 'NONE', ( #1230, #1215 ), #875, .T. ) ;
#467 = AXIS2_PLACEMENT_3D ( 'NONE', #1334, #1342, #964 ) ;
#468 = DIRECTION ( 'NONE',  ( -0.0000000000000000000, -0.0000000000000000000, -1.000000000000000000 ) ) ;
#469 = FACE_OUTER_BOUND ( 'NONE', #234, .T. ) ;
#470 = ORIENTED_EDGE ( 'NONE', *, *, #138, .F. ) ;
#471 = CARTESIAN_POINT ( 'NONE',  ( 2.200000000000000600, 3.199999999999999700, 0.8500000000000005300 ) ) ;
#472 = LINE ( 'NONE', #649, #393 ) ;
#473 = AXIS2_PLACEMENT_3D ( 'NONE', #945, #944, #1381 ) ;
#474 = DIRECTION ( 'NONE',  ( -0.0000000000000000000, -1.000000000000000000, -0.0000000000000000000 ) ) ;
#475 = ADVANCED_FACE ( 'NONE', ( #1224 ), #861, .T. ) ;
#476 = ORIENTED_EDGE ( 'NONE', *, *, #89, .T. ) ;
#477 = DIRECTION ( 'NONE',  ( 1.000000000000000000, -0.0000000000000000000, -0.0000000000000000000 ) ) ;
#478 = LINE ( 'NONE', #801, #490 ) ;
#479 = AXIS2_PLACEMENT_3D ( 'NONE', #1013, #1258, #1259 ) ;
#480 = DIRECTION ( 'NONE',  ( 0.0000000000000000000, 0.0000000000000000000, 1.000000000000000000 ) ) ;
#481 = CARTESIAN_POINT ( 'NONE',  ( 10.19999999999999900, 1.150000000000249900, 6.599999999999999600 ) ) ;
#482 = ORIENTED_EDGE ( 'NONE', *, *, #602, .F. ) ;
#483 = CARTESIAN_POINT ( 'NONE',  ( 12.00000000000000000, 3.930192846353243500E-016, -7.914404808601061000E-013 ) ) ;
#484 = CARTESIAN_POINT ( 'NONE',  ( 10.35000000000000000, 0.4000000000000000200, 9.449999999999999300 ) ) ;
#485 = PRODUCT ( '35rapc4bvn4', '35rapc4bvn4', '', ( #1092 ) ) ;
#486 = ADVANCED_FACE ( 'NONE', ( #1209 ), #852, .T. ) ;
#487 = CARTESIAN_POINT ( 'NONE',  ( 2.200000000000000600, 3.100000000000000500, -5.299999999999999800 ) ) ;
#488 = DIRECTION ( 'NONE',  ( 1.000000000000000000, 0.0000000000000000000, -0.0000000000000000000 ) ) ;
#489 = DIRECTION ( 'NONE',  ( 0.0000000000000000000, 0.0000000000000000000, -1.000000000000000000 ) ) ;
#490 = VECTOR ( 'NONE', #778, 1000.000000000000000 ) ;
#491 = CARTESIAN_POINT ( 'NONE',  ( 10.50000000000000000, 1.149999999999999900, 9.450000000000743600 ) ) ;
#492 = VERTEX_POINT ( 'NONE', #866 ) ;
#493 = ADVANCED_FACE ( 'NONE', ( #1193 ), #846, .F. ) ;
#494 = AXIS2_PLACEMENT_3D ( 'NONE', #1268, #1272, #996 ) ;
#495 = DIRECTION ( 'NONE',  ( -0.0000000000000000000, -0.0000000000000000000, -1.000000000000000000 ) ) ;
#496 = ADVANCED_FACE ( 'NONE', ( #1195 ), #848, .F. ) ;
#497 = CARTESIAN_POINT ( 'NONE',  ( 18.00000000000000400, 2.999999999999906700, -3.957251740075418100E-013 ) ) ;
#498 = AXIS2_PLACEMENT_3D ( 'NONE', #1232, #1234, #1192 ) ;
#499 = FACE_OUTER_BOUND ( 'NONE', #728, .T. ) ;
#500 = ORIENTED_EDGE ( 'NONE', *, *, #764, .F. ) ;
#501 = DIRECTION ( 'NONE',  ( 0.0000000000000000000, -1.000000000000000000, 0.0000000000000000000 ) ) ;
#502 = AXIS2_PLACEMENT_3D ( 'NONE', #1211, #1212, #1213 ) ;
#503 = CYLINDRICAL_SURFACE ( 'NONE', #623, 0.7499999999998237000 ) ;
#504 = AXIS2_PLACEMENT_3D ( 'NONE', #1260, #991, #1274 ) ;
#505 = CARTESIAN_POINT ( 'NONE',  ( 10.35000000000000100, 0.4000000000000000200, 6.599999999999999600 ) ) ;
#506 = DIRECTION ( 'NONE',  ( -0.0000000000000000000, -0.0000000000000000000, -1.000000000000000000 ) ) ;
#507 = CARTESIAN_POINT ( 'NONE',  ( 1.149999999999999900, -1.600000000000000100, 8.400781537254999900 ) ) ;
#508 = AXIS2_PLACEMENT_3D ( 'NONE', #1257, #1261, #998 ) ;
#509 = DIRECTION ( 'NONE',  ( -0.0000000000000000000, -0.0000000000000000000, -1.000000000000000000 ) ) ;
#510 = AXIS2_PLACEMENT_3D ( 'NONE', #1390, #934, #935 ) ;
#511 = CARTESIAN_POINT ( 'NONE',  ( 1.000000000000000000, -1.599999999999999200, 2.349999999999999600 ) ) ;
#512 = ADVANCED_FACE ( 'NONE', ( #1214 ), #799, .F. ) ;
#513 = ORIENTED_EDGE ( 'NONE', *, *, #160, .T. ) ;
#514 = DIRECTION ( 'NONE',  ( -1.000000000000000000, -0.0000000000000000000, -0.0000000000000000000 ) ) ;
#515 = ADVANCED_FACE ( 'NONE', ( #1191 ), #1187, .T. ) ;
#516 = ORIENTED_EDGE ( 'NONE', *, *, #103, .F. ) ;
#517 = CARTESIAN_POINT ( 'NONE',  ( 12.80000000000000100, -1.600000000000000100, 9.449999999999999300 ) ) ;
#518 = CARTESIAN_POINT ( 'NONE',  ( 13.00000000000000200, 3.000000000000000000, 0.6500000000000000200 ) ) ;
#519 = CIRCLE ( 'NONE', #584, 0.7499999999994533300 ) ;
#520 = AXIS2_PLACEMENT_3D ( 'NONE', #1108, #1114, #1117 ) ;
#521 = ORIENTED_EDGE ( 'NONE', *, *, #107, .T. ) ;
#522 = AXIS2_PLACEMENT_3D ( 'NONE', #1264, #999, #1000 ) ;
#523 = AXIS2_PLACEMENT_3D ( 'NONE', #1171, #1040, #1176 ) ;
#524 = FACE_OUTER_BOUND ( 'NONE', #938, .T. ) ;
#525 = DIRECTION ( 'NONE',  ( -0.0000000000000000000, -1.000000000000000000, -0.0000000000000000000 ) ) ;
#526 = DIRECTION ( 'NONE',  ( 1.000000000000000000, 0.0000000000000000000, 0.0000000000000000000 ) ) ;
#527 = ORIENTED_EDGE ( 'NONE', *, *, #96, .F. ) ;
#528 = CARTESIAN_POINT ( 'NONE',  ( 0.0000000000000000000, -0.8500000000000003100, 7.000000000000000000 ) ) ;
#529 = CARTESIAN_POINT ( 'NONE',  ( 4.899999999999999500, 1.899999999999999900, 6.599999999999998800 ) ) ;
#530 = DIRECTION ( 'NONE',  ( 0.0000000000000000000, 1.000000000000000000, 0.0000000000000000000 ) ) ;
#531 = CARTESIAN_POINT ( 'NONE',  ( 1.000000000000000700, -0.9500000000000000700, 6.599999999999999600 ) ) ;
#532 = FACE_OUTER_BOUND ( 'NONE', #652, .T. ) ;
#533 = DIRECTION ( 'NONE',  ( 0.0000000000000000000, 0.0000000000000000000, -1.000000000000000000 ) ) ;
#534 = DIRECTION ( 'NONE',  ( -1.000000000000000000, 0.0000000000000000000, 0.0000000000000000000 ) ) ;
#535 = ORIENTED_EDGE ( 'NONE', *, *, #107, .F. ) ;
#536 = AXIS2_PLACEMENT_3D ( 'NONE', #1367, #1370, #947 ) ;
#537 = DIRECTION ( 'NONE',  ( -0.0000000000000000000, -0.0000000000000000000, -1.000000000000000000 ) ) ;
#538 = ORIENTED_EDGE ( 'NONE', *, *, #715, .F. ) ;
#539 = CARTESIAN_POINT ( 'NONE',  ( 10.50000000000000000, 0.4000000000000000200, 8.400781537254999900 ) ) ;
#540 = ORIENTED_EDGE ( 'NONE', *, *, #671, .F. ) ;
#541 = CYLINDRICAL_SURFACE ( 'NONE', #83, 1.800000000000427900 ) ;
#542 = DIRECTION ( 'NONE',  ( -0.0000000000000000000, -0.0000000000000000000, 1.000000000000000000 ) ) ;
#543 = CARTESIAN_POINT ( 'NONE',  ( 0.0000000000000000000, 3.199999999999999700, 0.8500000000000000900 ) ) ;
#544 = ORIENTED_EDGE ( 'NONE', *, *, #171, .T. ) ;
#545 = AXIS2_PLACEMENT_3D ( 'NONE', #1190, #1194, #1197 ) ;
#546 = DIRECTION ( 'NONE',  ( 0.0000000000000000000, 0.0000000000000000000, 1.000000000000000000 ) ) ;
#547 = CARTESIAN_POINT ( 'NONE',  ( 10.19999999999999900, 0.4000000000000000200, 8.025000000000000400 ) ) ;
#548 = DIRECTION ( 'NONE',  ( 0.0000000000000000000, 0.0000000000000000000, 1.000000000000000000 ) ) ;
#549 = DIRECTION ( 'NONE',  ( 0.0000000000000000000, 0.0000000000000000000, 1.000000000000000000 ) ) ;
#550 = AXIS2_PLACEMENT_3D ( 'NONE', #1084, #1059, #1056 ) ;
#551 = CARTESIAN_POINT ( 'NONE',  ( 4.900000000000000400, 1.899999999999999900, 8.400781537254999900 ) ) ;
#552 = DIRECTION ( 'NONE',  ( 0.0000000000000000000, 0.0000000000000000000, 1.000000000000000000 ) ) ;
#553 = DIRECTION ( 'NONE',  ( -1.000000000000000000, 0.0000000000000000000, 0.0000000000000000000 ) ) ;
#554 = AXIS2_PLACEMENT_3D ( 'NONE', #832, #874, #824 ) ;
#555 = AXIS2_PLACEMENT_3D ( 'NONE', #461, #465, #459 ) ;
#556 = FACE_OUTER_BOUND ( 'NONE', #952, .T. ) ;
#557 = CARTESIAN_POINT ( 'NONE',  ( 18.00000000000000400, 3.930192846353243500E-016, -7.914404808601061000E-013 ) ) ;
#558 = AXIS2_PLACEMENT_3D ( 'NONE', #483, #477, #480 ) ;
#559 = AXIS2_PLACEMENT_3D ( 'NONE', #356, #354, #1282 ) ;
#560 = ORIENTED_EDGE ( 'NONE', *, *, #202, .F. ) ;
#561 = CARTESIAN_POINT ( 'NONE',  ( 1.000000000000000000, -4.900000000000001200, 2.349999999999999600 ) ) ;
#562 = FACE_OUTER_BOUND ( 'NONE', #1002, .T. ) ;
#563 = AXIS2_PLACEMENT_3D ( 'NONE', #953, #958, #1236 ) ;
#564 = CARTESIAN_POINT ( 'NONE',  ( 6.500000000000000900, -0.8500000000002450000, 6.599999999999999600 ) ) ;
#565 = AXIS2_PLACEMENT_3D ( 'NONE', #1357, #1314, #1238 ) ;
#566 = CARTESIAN_POINT ( 'NONE',  ( 13.00000000000000200, -0.9500000000000000700, 6.599999999999999600 ) ) ;
#567 = VERTEX_POINT ( 'NONE', #777 ) ;
#568 = DIRECTION ( 'NONE',  ( 1.000000000000000000, 0.0000000000000000000, 0.0000000000000000000 ) ) ;
#569 = VERTEX_POINT ( 'NONE', #793 ) ;
#570 = AXIS2_PLACEMENT_3D ( 'NONE', #638, #634, #635 ) ;
#571 = AXIS2_PLACEMENT_3D ( 'NONE', #1285, #1278, #979 ) ;
#572 = DIRECTION ( 'NONE',  ( 0.0000000000000000000, 0.0000000000000000000, -1.000000000000000000 ) ) ;
#573 = ORIENTED_EDGE ( 'NONE', *, *, #171, .F. ) ;
#574 = CARTESIAN_POINT ( 'NONE',  ( 6.799999999999999800, -0.1000000000000000600, 8.400781537254999900 ) ) ;
#575 = AXIS2_PLACEMENT_3D ( 'NONE', #834, #853, #833 ) ;
#576 = AXIS2_PLACEMENT_3D ( 'NONE', #1422, #1434, #910 ) ;
#577 = DIRECTION ( 'NONE',  ( 1.000000000000000000, 0.0000000000000000000, -0.0000000000000000000 ) ) ;
#578 = CARTESIAN_POINT ( 'NONE',  ( 10.19999999999999900, 1.149999999999999900, 9.450000000000743600 ) ) ;
#579 = DIRECTION ( 'NONE',  ( -0.0000000000000000000, -0.0000000000000000000, -1.000000000000000000 ) ) ;
#580 = AXIS2_PLACEMENT_3D ( 'NONE', #811, #807, #803 ) ;
#581 = CARTESIAN_POINT ( 'NONE',  ( 7.000000000000000000, 3.000000000000000000, -3.799999999999998500 ) ) ;
#582 = CARTESIAN_POINT ( 'NONE',  ( 12.65000000000000000, -1.600000000000000100, 8.025000000000000400 ) ) ;
#583 = AXIS2_PLACEMENT_3D ( 'NONE', #851, #849, #839 ) ;
#584 = AXIS2_PLACEMENT_3D ( 'NONE', #666, #660, #659 ) ;
#585 = ORIENTED_EDGE ( 'NONE', *, *, #1175, .F. ) ;
#586 = DIRECTION ( 'NONE',  ( 0.0000000000000000000, -1.000000000000000000, 0.0000000000000000000 ) ) ;
#587 = ORIENTED_EDGE ( 'NONE', *, *, #199, .F. ) ;
#588 = AXIS2_PLACEMENT_3D ( 'NONE', #827, #819, #816 ) ;
#589 = AXIS2_PLACEMENT_3D ( 'NONE', #557, #553, #549 ) ;
#590 = ADVANCED_FACE ( 'NONE', ( #1198 ), #773, .T. ) ;
#591 = EDGE_LOOP ( 'NONE', ( #32, #58, #59, #1140 ) ) ;
#592 = DIRECTION ( 'NONE',  ( 1.000000000000000000, 0.0000000000000000000, 0.0000000000000000000 ) ) ;
#593 = ORIENTED_EDGE ( 'NONE', *, *, #1269, .T. ) ;
#594 = AXIS2_PLACEMENT_3D ( 'NONE', #642, #629, #631 ) ;
#595 = ADVANCED_FACE ( 'NONE', ( #1188 ), #761, .T. ) ;
#596 = FACE_OUTER_BOUND ( 'NONE', #1096, .T. ) ;
#597 = CARTESIAN_POINT ( 'NONE',  ( 12.80000000000000200, -0.1000000000000000100, 6.599999999999999600 ) ) ;
#598 = VERTEX_POINT ( 'NONE', #768 ) ;
#599 = CARTESIAN_POINT ( 'NONE',  ( 14.00000000000000000, -0.8500000000000003100, 7.000000000000000000 ) ) ;
#600 = AXIS2_PLACEMENT_3D ( 'NONE', #882, #907, #871 ) ;
#601 = CARTESIAN_POINT ( 'NONE',  ( 12.80000000000000200, -1.600000000000000100, 6.599999999999999600 ) ) ;
#602 = EDGE_CURVE ( 'NONE', #842, #856, #1189, .T. ) ;
#603 = EDGE_CURVE ( 'NONE', #82, #19, #1181, .T. ) ;
#604 = CARTESIAN_POINT ( 'NONE',  ( 18.12000000000000100, 6.134557084819002900E-016, -1.800000000001219500 ) ) ;
#605 = DIRECTION ( 'NONE',  ( 0.0000000000000000000, -1.000000000000000000, 0.0000000000000000000 ) ) ;
#606 = EDGE_CURVE ( 'NONE', #292, #1162, #1205, .T. ) ;
#607 = CARTESIAN_POINT ( 'NONE',  ( 13.00000000000000200, 3.000000000000000000, 6.600000000000000500 ) ) ;
#608 = DIRECTION ( 'NONE',  ( 1.000000000000000000, 0.0000000000000000000, 0.0000000000000000000 ) ) ;
#609 = AXIS2_PLACEMENT_3D ( 'NONE', #1405, #1022, #1403 ) ;
#610 = VERTEX_POINT ( 'NONE', #752 ) ;
#611 = CARTESIAN_POINT ( 'NONE',  ( 1.000000000000000000, 3.199999999999999700, 0.8500000000000005300 ) ) ;
#612 = EDGE_LOOP ( 'NONE', ( #166, #172, #144, #1185 ) ) ;
#613 = DIRECTION ( 'NONE',  ( 0.0000000000000000000, 1.000000000000000000, 0.0000000000000000000 ) ) ;
#614 = AXIS2_PLACEMENT_3D ( 'NONE', #1439, #1443, #906 ) ;
#615 = EDGE_CURVE ( 'NONE', #292, #859, #1174, .T. ) ;
#616 = LINE ( 'NONE', #1330, #174 ) ;
#617 = CARTESIAN_POINT ( 'NONE',  ( 12.65000000000000000, -0.1000000000000000100, 6.599999999999998800 ) ) ;
#618 = AXIS2_PLACEMENT_3D ( 'NONE', #891, #887, #888 ) ;
#619 = VERTEX_POINT ( 'NONE', #743 ) ;
#620 = DIRECTION ( 'NONE',  ( 0.0000000000000000000, 0.0000000000000000000, 1.000000000000000000 ) ) ;
#621 = VERTEX_POINT ( 'NONE', #739 ) ;
#622 = CARTESIAN_POINT ( 'NONE',  ( 1.000000000000000000, 3.000000000000000000, -2.299999999999999800 ) ) ;
#623 = AXIS2_PLACEMENT_3D ( 'NONE', #783, #810, #786 ) ;
#624 = DIRECTION ( 'NONE',  ( 1.000000000000000000, 0.0000000000000000000, 0.0000000000000000000 ) ) ;
#625 = EDGE_LOOP ( 'NONE', ( #263, #696, #744, #681 ) ) ;
#626 = CARTESIAN_POINT ( 'NONE',  ( 6.999999999999999100, -4.899999999999999500, 7.000000000000000000 ) ) ;
#627 = CARTESIAN_POINT ( 'NONE',  ( 12.64999999999999900, -0.09999999999999999200, 8.025000000000000400 ) ) ;
#628 = EDGE_CURVE ( 'NONE', #1152, #818, #1161, .T. ) ;
#629 = DIRECTION ( 'NONE',  ( 1.000000000000000000, -0.0000000000000000000, 0.0000000000000000000 ) ) ;
#630 = EDGE_CURVE ( 'NONE', #656, #1222, #1164, .T. ) ;
#631 = DIRECTION ( 'NONE',  ( 0.0000000000000000000, 0.0000000000000000000, -1.000000000000000000 ) ) ;
#632 = EDGE_CURVE ( 'NONE', #1364, #53, #1157, .T. ) ;
#633 = EDGE_CURVE ( 'NONE', #34, #940, #1172, .T. ) ;
#634 = DIRECTION ( 'NONE',  ( 1.000000000000000000, -1.858305525712026700E-015, -1.719978121640633400E-015 ) ) ;
#635 = DIRECTION ( 'NONE',  ( 2.312964634637428900E-015, 1.000000000000000000, 0.0000000000000000000 ) ) ;
#636 = DIRECTION ( 'NONE',  ( 6.938893903912285800E-015, -1.000000000000000000, 0.0000000000000000000 ) ) ;
#637 = EDGE_CURVE ( 'NONE', #1346, #339, #1151, .T. ) ;
#638 = CARTESIAN_POINT ( 'NONE',  ( 4.900000000000002100, 1.149999999999999200, 9.450000000000743600 ) ) ;
#639 = DIRECTION ( 'NONE',  ( 1.000000000000000000, 7.433222102848105100E-015, -6.879912486562537600E-015 ) ) ;
#640 = VERTEX_POINT ( 'NONE', #729 ) ;
#641 = EDGE_LOOP ( 'NONE', ( #560, #573, #587, #593 ) ) ;
#642 = CARTESIAN_POINT ( 'NONE',  ( 13.00000000000000200, -5.062000000000000300, 7.246000000000000400 ) ) ;
#643 = ORIENTED_EDGE ( 'NONE', *, *, #780, .T. ) ;
#644 = CARTESIAN_POINT ( 'NONE',  ( 12.94999999999999400, -0.8500000000000003100, 9.450000000000743600 ) ) ;
#645 = EDGE_CURVE ( 'NONE', #1315, #1104, #1147, .T. ) ;
#646 = EDGE_CURVE ( 'NONE', #30, #1068, #1145, .T. ) ;
#647 = CARTESIAN_POINT ( 'NONE',  ( 13.00000000000000200, -0.8499999999999994200, -5.299999999999999800 ) ) ;
#648 = ORIENTED_EDGE ( 'NONE', *, *, #606, .F. ) ;
#649 = CARTESIAN_POINT ( 'NONE',  ( 7.000000000000000000, 3.000000000000000000, -5.299999999999999800 ) ) ;
#650 = EDGE_CURVE ( 'NONE', #281, #235, #1144, .T. ) ;
#651 = EDGE_CURVE ( 'NONE', #121, #1262, #1169, .T. ) ;
#652 = EDGE_LOOP ( 'NONE', ( #1203, #1394, #482, #35 ) ) ;
#653 = VECTOR ( 'NONE', #956, 1000.000000000000000 ) ;
#654 = EDGE_CURVE ( 'NONE', #1075, #157, #1132, .T. ) ;
#655 = DIRECTION ( 'NONE',  ( -1.000000000000000000, 0.0000000000000000000, 0.0000000000000000000 ) ) ;
#656 = VERTEX_POINT ( 'NONE', #692 ) ;
#657 = EDGE_CURVE ( 'NONE', #1364, #619, #1130, .T. ) ;
#658 = CARTESIAN_POINT ( 'NONE',  ( 6.999999999999999100, 3.199999999999999700, -3.799999999999999800 ) ) ;
#659 = DIRECTION ( 'NONE',  ( 2.312964634637428900E-015, 1.000000000000000000, 0.0000000000000000000 ) ) ;
#660 = DIRECTION ( 'NONE',  ( 1.000000000000000000, -1.858305525712026700E-015, -1.719978121640633400E-015 ) ) ;
#661 = EDGE_CURVE ( 'NONE', #258, #1364, #1127, .T. ) ;
#662 = EDGE_CURVE ( 'NONE', #598, #1346, #1115, .T. ) ;
#663 = CARTESIAN_POINT ( 'NONE',  ( 1.000000000000000000, -0.8500000000000012000, 7.000000000000000000 ) ) ;
#664 = EDGE_CURVE ( 'NONE', #1431, #674, #1111, .T. ) ;
#665 = EDGE_CURVE ( 'NONE', #82, #1315, #1110, .T. ) ;
#666 = CARTESIAN_POINT ( 'NONE',  ( 4.599999999999997900, 1.149999999999999900, 9.450000000000743600 ) ) ;
#667 = DIRECTION ( 'NONE',  ( 0.0000000000000000000, 0.0000000000000000000, 1.000000000000000000 ) ) ;
#668 = EDGE_CURVE ( 'NONE', #67, #258, #1139, .T. ) ;
#669 = PLANE ( 'NONE',  #594 ) ;
#670 = ORIENTED_EDGE ( 'NONE', *, *, #676, .T. ) ;
#671 = EDGE_CURVE ( 'NONE', #163, #1179, #1107, .T. ) ;
#672 = EDGE_LOOP ( 'NONE', ( #27, #80, #212, #241 ) ) ;
#673 = DIRECTION ( 'NONE',  ( 0.0000000000000000000, -1.000000000000000000, 0.0000000000000000000 ) ) ;
#674 = VERTEX_POINT ( 'NONE', #607 ) ;
#675 = EDGE_CURVE ( 'NONE', #19, #339, #1093, .T. ) ;
#676 = EDGE_CURVE ( 'NONE', #443, #394, #1098, .T. ) ;
#677 = CARTESIAN_POINT ( 'NONE',  ( 7.000000000000000000, 3.000000000000000000, 6.599999999999999600 ) ) ;
#678 = ORIENTED_EDGE ( 'NONE', *, *, #189, .F. ) ;
#679 = EDGE_CURVE ( 'NONE', #1104, #19, #1083, .T. ) ;
#680 = DIRECTION ( 'NONE',  ( 1.000000000000000000, -0.0000000000000000000, -0.0000000000000000000 ) ) ;
#681 = ORIENTED_EDGE ( 'NONE', *, *, #135, .T. ) ;
#682 = CARTESIAN_POINT ( 'NONE',  ( 13.00000000000000200, -0.8500000000000013100, 7.000000000000000000 ) ) ;
#683 = EDGE_CURVE ( 'NONE', #857, #1152, #1082, .T. ) ;
#684 = EDGE_CURVE ( 'NONE', #30, #1152, #1070, .T. ) ;
#685 = EDGE_LOOP ( 'NONE', ( #1021, #476, #870, #1003 ) ) ;
#686 = DIRECTION ( 'NONE',  ( 1.000000000000000000, 0.0000000000000000000, 0.0000000000000000000 ) ) ;
#687 = EDGE_CURVE ( 'NONE', #698, #1005, #1065, .T. ) ;
#688 = DIRECTION ( 'NONE',  ( 1.000000000000000000, 9.396205340702812500E-016, 8.823624132415574200E-016 ) ) ;
#689 = CARTESIAN_POINT ( 'NONE',  ( 6.999999999999999100, 3.200000000000000600, -5.299999999999999800 ) ) ;
#690 = CARTESIAN_POINT ( 'NONE',  ( 13.92000000000000000, -2.999999999999904500, -3.989578186138231700E-013 ) ) ;
#691 = EDGE_CURVE ( 'NONE', #1075, #281, #1060, .T. ) ;
#692 = CARTESIAN_POINT ( 'NONE',  ( 6.500000000000001800, -0.1000000000000000100, 6.599999999999998800 ) ) ;
#693 = EDGE_CURVE ( 'NONE', #815, #34, #1057, .T. ) ;
#694 = EDGE_CURVE ( 'NONE', #1303, #1431, #1050, .T. ) ;
#695 = EDGE_CURVE ( 'NONE', #1138, #82, #1079, .T. ) ;
#696 = ORIENTED_EDGE ( 'NONE', *, *, #219, .T. ) ;
#697 = CARTESIAN_POINT ( 'NONE',  ( 13.00000000000000200, 3.199999999999999700, 0.8500000000000005300 ) ) ;
#698 = VERTEX_POINT ( 'NONE', #529 ) ;
#699 = EDGE_CURVE ( 'NONE', #674, #1375, #1032, .T. ) ;
#700 = VECTOR ( 'NONE', #468, 1000.000000000000000 ) ;
#701 = DIRECTION ( 'NONE',  ( 1.000000000000000000, 7.433222102848105100E-015, -6.879912486562537600E-015 ) ) ;
#702 = DIRECTION ( 'NONE',  ( 6.938893903912285000E-015, -1.000000000000000000, 0.0000000000000000000 ) ) ;
#703 = EDGE_LOOP ( 'NONE', ( #802, #814 ) ) ;
#704 = EDGE_CURVE ( 'NONE', #674, #67, #1035, .T. ) ;
#705 = EDGE_CURVE ( 'NONE', #1346, #1104, #1027, .T. ) ;
#706 = CARTESIAN_POINT ( 'NONE',  ( 1.000000000000000700, -0.9500000000000000700, 6.599999999999999600 ) ) ;
#707 = EDGE_LOOP ( 'NONE', ( #225, #318, #299, #296, #251, #244 ) ) ;
#708 = EDGE_CURVE ( 'NONE', #818, #1068, #1024, .T. ) ;
#709 = EDGE_CURVE ( 'NONE', #569, #1094, #1017, .T. ) ;
#710 = CARTESIAN_POINT ( 'NONE',  ( 12.65000000000000600, -0.8500000000000025300, 9.450000000000745400 ) ) ;
#711 = ORIENTED_EDGE ( 'NONE', *, *, #719, .F. ) ;
#712 = DIRECTION ( 'NONE',  ( 1.000000000000000000, 0.0000000000000000000, 0.0000000000000000000 ) ) ;
#713 = EDGE_LOOP ( 'NONE', ( #1186, #1221, #1208, #1225 ) ) ;
#714 = EDGE_CURVE ( 'NONE', #281, #857, #1038, .T. ) ;
#715 = EDGE_CURVE ( 'NONE', #64, #815, #1004, .T. ) ;
#716 = EDGE_CURVE ( 'NONE', #492, #34, #997, .T. ) ;
#717 = DIRECTION ( 'NONE',  ( 0.0000000000000000000, 1.000000000000000000, 0.0000000000000000000 ) ) ;
#718 = DIRECTION ( 'NONE',  ( -0.0000000000000000000, -0.0000000000000000000, -1.000000000000000000 ) ) ;
#719 = EDGE_CURVE ( 'NONE', #815, #394, #994, .T. ) ;
#720 = CARTESIAN_POINT ( 'NONE',  ( 12.94999999999999900, -1.600000000000000100, 8.400781537254999900 ) ) ;
#721 = EDGE_CURVE ( 'NONE', #598, #1315, #990, .T. ) ;
#722 = VERTEX_POINT ( 'NONE', #497 ) ;
#723 = DIRECTION ( 'NONE',  ( 0.0000000000000000000, 1.000000000000000000, 0.0000000000000000000 ) ) ;
#724 = EDGE_LOOP ( 'NONE', ( #1090, #1124, #1141, #1133 ) ) ;
#725 = DIRECTION ( 'NONE',  ( -0.0000000000000000000, 1.000000000000000000, -0.0000000000000000000 ) ) ;
#726 = DIRECTION ( 'NONE',  ( 1.000000000000000000, 0.0000000000000000000, 0.0000000000000000000 ) ) ;
#727 = LINE ( 'NONE', #471, #700 ) ;
#728 = EDGE_LOOP ( 'NONE', ( #2, #149 ) ) ;
#729 = CARTESIAN_POINT ( 'NONE',  ( 1.149999999999999900, -0.09999999999999131800, 9.450000000000191100 ) ) ;
#730 = EDGE_LOOP ( 'NONE', ( #315, #18, #1046, #79 ) ) ;
#731 = CARTESIAN_POINT ( 'NONE',  ( 6.999999999999999100, 3.200000000000000200, 7.000000000000000000 ) ) ;
#732 = VECTOR ( 'NONE', #1064, 1000.000000000000000 ) ;
#733 = DIRECTION ( 'NONE',  ( 0.0000000000000000000, 0.0000000000000000000, 1.000000000000000000 ) ) ;
#734 = CARTESIAN_POINT ( 'NONE',  ( 10.50000000000000000, -0.9500000000000002900, 6.599999999999999600 ) ) ;
#735 = ORIENTED_EDGE ( 'NONE', *, *, #120, .F. ) ;
#736 = CARTESIAN_POINT ( 'NONE',  ( 1.000000000000000000, -0.8500000000000012000, 7.000000000000000000 ) ) ;
#737 = CARTESIAN_POINT ( 'NONE',  ( 6.999999999999999100, 3.200000000000000200, 7.000000000000000000 ) ) ;
#738 = CARTESIAN_POINT ( 'NONE',  ( 6.500000000000000900, -0.1000000000000000100, 8.025000000000000400 ) ) ;
#739 = CARTESIAN_POINT ( 'NONE',  ( 13.99999999999999800, -4.899999999999999500, 7.000000000000000900 ) ) ;
#740 = DIRECTION ( 'NONE',  ( 0.0000000000000000000, 0.0000000000000000000, 1.000000000000000000 ) ) ;
#741 = ORIENTED_EDGE ( 'NONE', *, *, #716, .T. ) ;
#742 = EDGE_LOOP ( 'NONE', ( #200, #231, #211, #91 ) ) ;
#743 = CARTESIAN_POINT ( 'NONE',  ( 13.00000000000000200, -4.899999999999999500, 7.000000000000000900 ) ) ;
#744 = ORIENTED_EDGE ( 'NONE', *, *, #132, .T. ) ;
#745 = CARTESIAN_POINT ( 'NONE',  ( 0.8499999999999999800, -0.1000000000000000100, 8.025000000000000400 ) ) ;
#746 = EDGE_LOOP ( 'NONE', ( #1167, #1155, #1196, #1182 ) ) ;
#747 = VECTOR ( 'NONE', #252, 1000.000000000000000 ) ;
#748 = DIRECTION ( 'NONE',  ( 0.0000000000000000000, -1.000000000000000000, 0.0000000000000000000 ) ) ;
#749 = EDGE_LOOP ( 'NONE', ( #804, #1026, #43, #678 ) ) ;
#750 = DIRECTION ( 'NONE',  ( 1.000000000000000000, 0.0000000000000000000, 0.0000000000000000000 ) ) ;
#751 = EDGE_CURVE ( 'NONE', #1138, #598, #984, .T. ) ;
#752 = CARTESIAN_POINT ( 'NONE',  ( 18.00000000000000400, 6.134557084819002900E-016, -1.800000000001219500 ) ) ;
#753 = CARTESIAN_POINT ( 'NONE',  ( 6.999999999999999100, -0.09999999999999982500, 7.000000000000000000 ) ) ;
#754 = DIRECTION ( 'NONE',  ( -0.0000000000000000000, -0.0000000000000000000, -1.000000000000000000 ) ) ;
#755 = DIRECTION ( 'NONE',  ( -0.0000000000000000000, 1.000000000000000000, -0.0000000000000000000 ) ) ;
#756 = DIRECTION ( 'NONE',  ( 0.0000000000000000000, 1.000000000000000000, 0.0000000000000000000 ) ) ;
#757 = EDGE_CURVE ( 'NONE', #1005, #1183, #976, .T. ) ;
#758 = EDGE_CURVE ( 'NONE', #1228, #1136, #973, .T. ) ;
#759 = CARTESIAN_POINT ( 'NONE',  ( 12.65000000000000000, -0.8500000000002450000, 6.599999999999999600 ) ) ;
#760 = VECTOR ( 'NONE', #586, 1000.000000000000000 ) ;
#761 = PLANE ( 'NONE',  #215 ) ;
#762 = CARTESIAN_POINT ( 'NONE',  ( 0.8500000000000000900, -1.600000000000000300, 8.025000000000000400 ) ) ;
#763 = VERTEX_POINT ( 'NONE', #457 ) ;
#764 = EDGE_CURVE ( 'NONE', #276, #148, #969, .T. ) ;
#765 = LINE ( 'NONE', #1287, #220 ) ;
#766 = CARTESIAN_POINT ( 'NONE',  ( 1.149999999999999900, -1.657957350750000100, 6.527968738510000300 ) ) ;
#767 = EDGE_CURVE ( 'NONE', #425, #1136, #965, .T. ) ;
#768 = CARTESIAN_POINT ( 'NONE',  ( 12.94999999999998900, -0.09999999999999137400, 9.450000000000377700 ) ) ;
#769 = DIRECTION ( 'NONE',  ( 0.0000000000000000000, -1.000000000000000000, 0.0000000000000000000 ) ) ;
#770 = ORIENTED_EDGE ( 'NONE', *, *, #207, .F. ) ;
#771 = EDGE_CURVE ( 'NONE', #856, #292, #980, .T. ) ;
#772 = DIRECTION ( 'NONE',  ( 1.000000000000000000, 0.0000000000000000000, 0.0000000000000000000 ) ) ;
#773 = PLANE ( 'NONE',  #229 ) ;
#774 = LINE ( 'NONE', #455, #230 ) ;
#775 = ORIENTED_EDGE ( 'NONE', *, *, #140, .T. ) ;
#776 = EDGE_CURVE ( 'NONE', #640, #859, #949, .T. ) ;
#777 = CARTESIAN_POINT ( 'NONE',  ( 13.99999999999999800, -4.899999999999999500, -5.299999999999998900 ) ) ;
#778 = DIRECTION ( 'NONE',  ( 1.000000000000000000, 0.0000000000000000000, 0.0000000000000000000 ) ) ;
#779 = CARTESIAN_POINT ( 'NONE',  ( 0.7920426492505001600, -1.600000000000000100, 6.542042649249999900 ) ) ;
#780 = EDGE_CURVE ( 'NONE', #64, #443, #943, .T. ) ;
#781 = EDGE_CURVE ( 'NONE', #698, #425, #939, .T. ) ;
#782 = DIRECTION ( 'NONE',  ( 1.000000000000000000, 0.0000000000000000000, 0.0000000000000000000 ) ) ;
#783 = CARTESIAN_POINT ( 'NONE',  ( 0.7920426492505001600, -0.8499999999999999800, 9.450000000000374100 ) ) ;
#784 = DIRECTION ( 'NONE',  ( 1.000000000000000000, 3.716611051423258200E-015, 3.439956243283325000E-015 ) ) ;
#785 = EDGE_CURVE ( 'NONE', #52, #150, #936, .T. ) ;
#786 = DIRECTION ( 'NONE',  ( 0.0000000000000000000, 0.0000000000000000000, -1.000000000000000000 ) ) ;
#787 = CARTESIAN_POINT ( 'NONE',  ( 6.442042649250004700, -0.8499999999999999800, 9.450000000000374100 ) ) ;
#788 = LINE ( 'NONE', #1283, #237 ) ;
#789 = PRODUCT_DEFINITION_CONTEXT ( 'detailed design', #1069, 'design' ) ;
#790 = DIRECTION ( 'NONE',  ( -3.469446951954432200E-015, 1.000000000000000000, 0.0000000000000000000 ) ) ;
#791 = CARTESIAN_POINT ( 'NONE',  ( 13.00000000000000200, 3.000000000000000000, -5.299999999999999800 ) ) ;
#792 = ORIENTED_EDGE ( 'NONE', *, *, #798, .T. ) ;
#793 = CARTESIAN_POINT ( 'NONE',  ( 1.149999999999999900, -1.600000000000000100, 9.450000000000187600 ) ) ;
#794 = DIRECTION ( 'NONE',  ( -1.000000000000000000, 0.0000000000000000000, 0.0000000000000000000 ) ) ;
#795 = LINE ( 'NONE', #357, #1436 ) ;
#796 = CARTESIAN_POINT ( 'NONE',  ( 10.50000000000000000, 1.899999999999823600, 9.450000000000377700 ) ) ;
#797 = ORIENTED_EDGE ( 'NONE', *, *, #93, .T. ) ;
#798 = EDGE_CURVE ( 'NONE', #1223, #610, #954, .T. ) ;
#799 = PLANE ( 'NONE',  #367 ) ;
#800 = ORIENTED_EDGE ( 'NONE', *, *, #169, .F. ) ;
#801 = CARTESIAN_POINT ( 'NONE',  ( 4.750000000000000000, 0.4000000000000000200, 6.599999999999999600 ) ) ;
#802 = ORIENTED_EDGE ( 'NONE', *, *, #101, .F. ) ;
#803 = DIRECTION ( 'NONE',  ( 0.0000000000000000000, -1.000000000000000000, 0.0000000000000000000 ) ) ;
#804 = ORIENTED_EDGE ( 'NONE', *, *, #197, .F. ) ;
#805 = CARTESIAN_POINT ( 'NONE',  ( 1.657957350750000100, 2.942042649249999800, -2.299999999999999800 ) ) ;
#806 = DIRECTION ( 'NONE',  ( 0.0000000000000000000, 0.0000000000000000000, 1.000000000000000000 ) ) ;
#807 = DIRECTION ( 'NONE',  ( -1.000000000000000000, 0.0000000000000000000, 0.0000000000000000000 ) ) ;
#808 = CARTESIAN_POINT ( 'NONE',  ( 12.00000000000000000, 3.930192846353243500E-016, 1.799999999999636600 ) ) ;
#809 = DIRECTION ( 'NONE',  ( -1.000000000000000000, 0.0000000000000000000, 0.0000000000000000000 ) ) ;
#810 = DIRECTION ( 'NONE',  ( 1.000000000000000000, 0.0000000000000000000, -0.0000000000000000000 ) ) ;
#811 = CARTESIAN_POINT ( 'NONE',  ( 10.19999999999999900, 1.957957350749999900, 6.527968738510000300 ) ) ;
#812 = DIRECTION ( 'NONE',  ( 0.0000000000000000000, 0.0000000000000000000, -1.000000000000000000 ) ) ;
#813 = PLANE ( 'NONE',  #580 ) ;
#814 = ORIENTED_EDGE ( 'NONE', *, *, #205, .F. ) ;
#815 = VERTEX_POINT ( 'NONE', #355 ) ;
#816 = DIRECTION ( 'NONE',  ( 0.0000000000000000000, -1.000000000000000000, 0.0000000000000000000 ) ) ;
#817 = SHAPE_DEFINITION_REPRESENTATION ( #1066, #185 ) ;
#818 = VERTEX_POINT ( 'NONE', #360 ) ;
#819 = DIRECTION ( 'NONE',  ( -1.000000000000000000, 0.0000000000000000000, 0.0000000000000000000 ) ) ;
#820 = ORIENTED_EDGE ( 'NONE', *, *, #671, .T. ) ;
#821 = CARTESIAN_POINT ( 'NONE',  ( 10.19999999999999900, 1.899999999999999900, 6.599999999999998800 ) ) ;
#822 = CARTESIAN_POINT ( 'NONE',  ( 6.500000000000003600, -1.599999999999999900, 9.450000000000187600 ) ) ;
#823 = ORIENTED_EDGE ( 'NONE', *, *, #129, .F. ) ;
#824 = DIRECTION ( 'NONE',  ( -1.000000000000000000, 0.0000000000000000000, 0.0000000000000000000 ) ) ;
#825 = LINE ( 'NONE', #487, #896 ) ;
#826 = ORIENTED_EDGE ( 'NONE', *, *, #1269, .F. ) ;
#827 = CARTESIAN_POINT ( 'NONE',  ( 12.00000000000000000, 1.872000000000000100, -1.874967156442999900 ) ) ;
#828 = PLANE ( 'NONE',  #554 ) ;
#829 = ORIENTED_EDGE ( 'NONE', *, *, #100, .F. ) ;
#830 = LINE ( 'NONE', #581, #153 ) ;
#831 = PLANE ( 'NONE',  #588 ) ;
#832 = CARTESIAN_POINT ( 'NONE',  ( 4.957957350750000100, 1.899999999999999900, 6.542042649249999900 ) ) ;
#833 = DIRECTION ( 'NONE',  ( 0.0000000000000000000, 1.000000000000000000, 0.0000000000000000000 ) ) ;
#834 = CARTESIAN_POINT ( 'NONE',  ( 6.799999999999999800, -1.657957350750000100, 6.527968738510000300 ) ) ;
#835 = ORIENTED_EDGE ( 'NONE', *, *, #76, .F. ) ;
#836 = PLANE ( 'NONE',  #575 ) ;
#837 = PRESENTATION_STYLE_ASSIGNMENT (( #249 ) ) ;
#838 = ORIENTED_EDGE ( 'NONE', *, *, #140, .F. ) ;
#839 = DIRECTION ( 'NONE',  ( 0.0000000000000000000, -1.000000000000000000, 0.0000000000000000000 ) ) ;
#840 = DIRECTION ( 'NONE',  ( -0.0000000000000000000, -0.0000000000000000000, 1.000000000000000000 ) ) ;
#841 = SURFACE_STYLE_FILL_AREA ( #256 ) ;
#842 = VERTEX_POINT ( 'NONE', #401 ) ;
#843 = DIRECTION ( 'NONE',  ( -1.000000000000000000, 0.0000000000000000000, 0.0000000000000000000 ) ) ;
#844 = DIRECTION ( 'NONE',  ( 0.0000000000000000000, 0.0000000000000000000, 1.000000000000000000 ) ) ;
#845 = COLOUR_RGB ( '',0.7529411764705882200, 0.7529411764705882200, 0.7529411764705882200 ) ;
#846 = PLANE ( 'NONE',  #396 ) ;
#847 = CARTESIAN_POINT ( 'NONE',  ( 1.000000000000000000, -5.062000000000000300, -2.486000000000000200 ) ) ;
#848 = PLANE ( 'NONE',  #402 ) ;
#849 = DIRECTION ( 'NONE',  ( -1.000000000000000000, 0.0000000000000000000, 0.0000000000000000000 ) ) ;
#850 = DIRECTION ( 'NONE',  ( 1.000000000000000000, 0.0000000000000000000, 0.0000000000000000000 ) ) ;
#851 = CARTESIAN_POINT ( 'NONE',  ( 0.8499999999999999800, -0.04204264925048999800, 6.935968738509999700 ) ) ;
#852 = PLANE ( 'NONE',  #198 ) ;
#853 = DIRECTION ( 'NONE',  ( 1.000000000000000000, 0.0000000000000000000, 0.0000000000000000000 ) ) ;
#854 = ORIENTED_EDGE ( 'NONE', *, *, #85, .F. ) ;
#855 = CARTESIAN_POINT ( 'NONE',  ( 6.442042649250000300, -1.600000000000000100, 6.542042649249999900 ) ) ;
#856 = VERTEX_POINT ( 'NONE', #368 ) ;
#857 = VERTEX_POINT ( 'NONE', #377 ) ;
#858 = DIRECTION ( 'NONE',  ( 1.000000000000000000, 0.0000000000000000000, 0.0000000000000000000 ) ) ;
#859 = VERTEX_POINT ( 'NONE', #344 ) ;
#860 = CARTESIAN_POINT ( 'NONE',  ( 1.000000000000000000, -5.062000000000000300, -2.486000000000000200 ) ) ;
#861 = PLANE ( 'NONE',  #226 ) ;
#862 = DIRECTION ( 'NONE',  ( 0.0000000000000000000, -1.000000000000000000, 0.0000000000000000000 ) ) ;
#863 = ORIENTED_EDGE ( 'NONE', *, *, #133, .F. ) ;
#864 = CARTESIAN_POINT ( 'NONE',  ( 4.542042649249999900, 0.4000000000000000200, 6.542042649249999900 ) ) ;
#865 = LINE ( 'NONE', #547, #184 ) ;
#866 = CARTESIAN_POINT ( 'NONE',  ( 10.19999999999999900, 0.4000000000000001300, 6.599999999999998800 ) ) ;
#867 = DIRECTION ( 'NONE',  ( 1.000000000000000000, 0.0000000000000000000, 0.0000000000000000000 ) ) ;
#868 = DIRECTION ( 'NONE',  ( 0.0000000000000000000, -1.000000000000000000, 0.0000000000000000000 ) ) ;
#869 = PLANE ( 'NONE',  #583 ) ;
#870 = ORIENTED_EDGE ( 'NONE', *, *, #98, .F. ) ;
#871 = DIRECTION ( 'NONE',  ( 0.0000000000000000000, 0.0000000000000000000, -1.000000000000000000 ) ) ;
#872 = ORIENTED_EDGE ( 'NONE', *, *, #129, .T. ) ;
#873 = CARTESIAN_POINT ( 'NONE',  ( 18.00000000000000400, 3.120000000000000600, 3.120000000000000600 ) ) ;
#874 = DIRECTION ( 'NONE',  ( 0.0000000000000000000, 1.000000000000000000, -0.0000000000000000000 ) ) ;
#875 = PLANE ( 'NONE',  #262 ) ;
#876 = ORIENTED_EDGE ( 'NONE', *, *, #168, .F. ) ;
#877 = CARTESIAN_POINT ( 'NONE',  ( 6.999999999999999100, -4.900000000000001200, 6.599999999999999600 ) ) ;
#878 = ORIENTED_EDGE ( 'NONE', *, *, #77, .T. ) ;
#879 = PLANE ( 'NONE',  #600 ) ;
#880 = ORIENTED_EDGE ( 'NONE', *, *, #633, .F. ) ;
#881 = DIRECTION ( 'NONE',  ( 0.0000000000000000000, 1.000000000000000000, 0.0000000000000000000 ) ) ;
#882 = CARTESIAN_POINT ( 'NONE',  ( -0.2800000000000000300, -4.900000000000000400, 7.246000000000000400 ) ) ;
#883 = CARTESIAN_POINT ( 'NONE',  ( 10.50000000000000000, 0.4000000000000001300, 6.599999999999998800 ) ) ;
#884 = DIRECTION ( 'NONE',  ( -1.000000000000000000, -0.0000000000000000000, -0.0000000000000000000 ) ) ;
#885 = DIRECTION ( 'NONE',  ( 1.000000000000000000, 0.0000000000000000000, 0.0000000000000000000 ) ) ;
#886 = PLANE ( 'NONE',  #307 ) ;
#887 = DIRECTION ( 'NONE',  ( 0.0000000000000000000, 1.000000000000000000, -0.0000000000000000000 ) ) ;
#888 = DIRECTION ( 'NONE',  ( -1.000000000000000000, 0.0000000000000000000, 0.0000000000000000000 ) ) ;
#889 = DIRECTION ( 'NONE',  ( -1.000000000000000000, 0.0000000000000000000, 0.0000000000000000000 ) ) ;
#890 = DIRECTION ( 'NONE',  ( 0.0000000000000000000, -1.000000000000000000, 0.0000000000000000000 ) ) ;
#891 = CARTESIAN_POINT ( 'NONE',  ( 10.55795735075000000, 1.899999999999999900, 6.542042649249999900 ) ) ;
#892 = ORIENTED_EDGE ( 'NONE', *, *, #146, .F. ) ;
#893 = ORIENTED_EDGE ( 'NONE', *, *, #199, .T. ) ;
#894 = ORIENTED_EDGE ( 'NONE', *, *, #704, .F. ) ;
#895 = CARTESIAN_POINT ( 'NONE',  ( 12.94999999999999900, -1.657957350750000100, 6.527968738510000300 ) ) ;
#896 = VECTOR ( 'NONE', #474, 1000.000000000000000 ) ;
#897 = DIRECTION ( 'NONE',  ( 0.0000000000000000000, 1.000000000000000000, -0.0000000000000000000 ) ) ;
#898 = CARTESIAN_POINT ( 'NONE',  ( 10.19999999999999900, 1.899999999999823600, 9.450000000000377700 ) ) ;
#899 = ORIENTED_EDGE ( 'NONE', *, *, #699, .T. ) ;
#900 = CARTESIAN_POINT ( 'NONE',  ( 6.857957350749999600, -0.1000000000000000100, 6.542042649249999900 ) ) ;
#901 = DIRECTION ( 'NONE',  ( 1.000000000000000000, 0.0000000000000000000, 0.0000000000000000000 ) ) ;
#902 = PLANE ( 'NONE',  #438 ) ;
#903 = CARTESIAN_POINT ( 'NONE',  ( -0.2800000000000000300, -5.062000000000000300, -5.299999999999999800 ) ) ;
#904 = CARTESIAN_POINT ( 'NONE',  ( -0.2800000000000000300, 3.200000000000000200, -5.546000000000000300 ) ) ;
#905 = SURFACE_STYLE_FILL_AREA ( #283 ) ;
#906 = DIRECTION ( 'NONE',  ( 0.0000000000000000000, -1.000000000000000000, 0.0000000000000000000 ) ) ;
#907 = DIRECTION ( 'NONE',  ( 0.0000000000000000000, -1.000000000000000000, 0.0000000000000000000 ) ) ;
#908 = ORIENTED_EDGE ( 'NONE', *, *, #694, .T. ) ;
#909 = DIRECTION ( 'NONE',  ( 0.0000000000000000000, -1.000000000000000000, 0.0000000000000000000 ) ) ;
#910 = DIRECTION ( 'NONE',  ( 0.0000000000000000000, -1.000000000000000000, 0.0000000000000000000 ) ) ;
#911 = VECTOR ( 'NONE', #300, 1000.000000000000000 ) ;
#912 = CARTESIAN_POINT ( 'NONE',  ( 4.900000000000000400, 0.4000000000000001300, 6.599999999999998800 ) ) ;
#913 = DIRECTION ( 'NONE',  ( 6.938893903912285800E-015, -1.000000000000000000, 0.0000000000000000000 ) ) ;
#914 = COLOUR_RGB ( '',0.7529411764705882200, 0.7529411764705882200, 0.7529411764705882200 ) ;
#915 = ORIENTED_EDGE ( 'NONE', *, *, #141, .F. ) ;
#916 = DIRECTION ( 'NONE',  ( 0.0000000000000000000, 0.0000000000000000000, 1.000000000000000000 ) ) ;
#917 = LINE ( 'NONE', #308, #911 ) ;
#918 = DIRECTION ( 'NONE',  ( -1.000000000000000000, -7.433222102848105100E-015, 6.879912486562537600E-015 ) ) ;
#919 = ORIENTED_EDGE ( 'NONE', *, *, #125, .F. ) ;
#920 = CARTESIAN_POINT ( 'NONE',  ( -0.2800000000000000300, 3.362000000000000100, 7.000000000000000000 ) ) ;
#921 = DIRECTION ( 'NONE',  ( 0.0000000000000000000, 1.000000000000000000, 0.0000000000000000000 ) ) ;
#922 = PRESENTATION_STYLE_ASSIGNMENT (( #280 ) ) ;
#923 = PLANE ( 'NONE',  #74 ) ;
#924 = PLANE ( 'NONE',  #88 ) ;
#925 = CARTESIAN_POINT ( 'NONE',  ( -0.2800000000000000300, 3.200000000000000200, -5.546000000000000300 ) ) ;
#926 = LINE ( 'NONE', #322, #931 ) ;
#927 = VECTOR ( 'NONE', #364, 1000.000000000000000 ) ;
#928 = DIRECTION ( 'NONE',  ( 0.0000000000000000000, 1.000000000000000000, 0.0000000000000000000 ) ) ;
#929 = CARTESIAN_POINT ( 'NONE',  ( 1.600000000000000100, 2.942042649249999800, -3.857957350750000000 ) ) ;
#930 = ORIENTED_EDGE ( 'NONE', *, *, #798, .F. ) ;
#931 = VECTOR ( 'NONE', #312, 1000.000000000000000 ) ;
#932 = ORIENTED_EDGE ( 'NONE', *, *, #657, .F. ) ;
#933 = VECTOR ( 'NONE', #380, 1000.000000000000000 ) ;
#934 = DIRECTION ( 'NONE',  ( 0.0000000000000000000, 0.0000000000000000000, -1.000000000000000000 ) ) ;
#935 = DIRECTION ( 'NONE',  ( -1.000000000000000000, 0.0000000000000000000, 0.0000000000000000000 ) ) ;
#936 = LINE ( 'NONE', #374, #927 ) ;
#937 = VECTOR ( 'NONE', #385, 1000.000000000000000 ) ;
#938 = EDGE_LOOP ( 'NONE', ( #253, #303, #118, #242 ) ) ;
#939 = LINE ( 'NONE', #382, #933 ) ;
#940 = VERTEX_POINT ( 'NONE', #340 ) ;
#941 = EDGE_LOOP ( 'NONE', ( #164, #930, #350, #919 ) ) ;
#942 = VECTOR ( 'NONE', #399, 1000.000000000000000 ) ;
#943 = LINE ( 'NONE', #390, #937 ) ;
#944 = DIRECTION ( 'NONE',  ( 0.0000000000000000000, -1.000000000000000000, 0.0000000000000000000 ) ) ;
#945 = CARTESIAN_POINT ( 'NONE',  ( 10.14204264925000000, 0.4000000000000000200, 6.542042649249999900 ) ) ;
#946 = VECTOR ( 'NONE', #417, 1000.000000000000000 ) ;
#947 = DIRECTION ( 'NONE',  ( 1.000000000000000000, 0.0000000000000000000, 0.0000000000000000000 ) ) ;
#948 = PLANE ( 'NONE',  #473 ) ;
#949 = LINE ( 'NONE', #414, #942 ) ;
#950 = VECTOR ( 'NONE', #1311, 1000.000000000000000 ) ;
#951 = PLANE ( 'NONE',  #536 ) ;
#952 = EDGE_LOOP ( 'NONE', ( #369, #384, #388, #391 ) ) ;
#953 = CARTESIAN_POINT ( 'NONE',  ( 12.00000000000000000, 3.930192846353243500E-016, -7.914404808601061000E-013 ) ) ;
#954 = CIRCLE ( 'NONE', #363, 1.800000000000427900 ) ;
#955 = EDGE_LOOP ( 'NONE', ( #345, #741, #410, #365 ) ) ;
#956 = DIRECTION ( 'NONE',  ( 0.0000000000000000000, 1.000000000000000000, 0.0000000000000000000 ) ) ;
#957 = LINE ( 'NONE', #1125, #206 ) ;
#958 = DIRECTION ( 'NONE',  ( 1.000000000000000000, -0.0000000000000000000, -0.0000000000000000000 ) ) ;
#959 = VECTOR ( 'NONE', #416, 1000.000000000000000 ) ;
#960 = ORIENTED_EDGE ( 'NONE', *, *, #695, .T. ) ;
#961 = DIRECTION ( 'NONE',  ( 1.000000000000000000, 0.0000000000000000000, 0.0000000000000000000 ) ) ;
#962 = VECTOR ( 'NONE', #411, 1000.000000000000000 ) ;
#963 = CARTESIAN_POINT ( 'NONE',  ( 12.94999999999999900, -0.9500000000000000700, 6.599999999999999600 ) ) ;
#964 = DIRECTION ( 'NONE',  ( 0.0000000000000000000, -1.000000000000000000, 0.0000000000000000000 ) ) ;
#965 = LINE ( 'NONE', #448, #962 ) ;
#966 = VECTOR ( 'NONE', #431, 1000.000000000000000 ) ;
#967 = PLANE ( 'NONE',  #565 ) ;
#968 = DIRECTION ( 'NONE',  ( -1.000000000000000000, -0.0000000000000000000, -0.0000000000000000000 ) ) ;
#969 = LINE ( 'NONE', #427, #959 ) ;
#970 = VECTOR ( 'NONE', #434, 1000.000000000000000 ) ;
#971 = CARTESIAN_POINT ( 'NONE',  ( 13.00795735075000100, -0.1000000000000000100, 6.542042649249999900 ) ) ;
#972 = CARTESIAN_POINT ( 'NONE',  ( 12.94999999999999800, -1.600000000000000100, 6.599999999999998800 ) ) ;
#973 = LINE ( 'NONE', #433, #966 ) ;
#974 = EDGE_LOOP ( 'NONE', ( #978, #960, #1239, #1063 ) ) ;
#975 = DIRECTION ( 'NONE',  ( 0.0000000000000000000, 0.0000000000000000000, 1.000000000000000000 ) ) ;
#976 = LINE ( 'NONE', #440, #970 ) ;
#977 = ORIENTED_EDGE ( 'NONE', *, *, #632, .F. ) ;
#978 = ORIENTED_EDGE ( 'NONE', *, *, #751, .F. ) ;
#979 = DIRECTION ( 'NONE',  ( 0.0000000000000000000, -1.000000000000000000, 0.0000000000000000000 ) ) ;
#980 = LINE ( 'NONE', #420, #946 ) ;
#981 = VECTOR ( 'NONE', #453, 1000.000000000000000 ) ;
#982 = VERTEX_POINT ( 'NONE', #335 ) ;
#983 = DIRECTION ( 'NONE',  ( -1.000000000000000000, 0.0000000000000000000, 0.0000000000000000000 ) ) ;
#984 = LINE ( 'NONE', #451, #1014 ) ;
#985 = ORIENTED_EDGE ( 'NONE', *, *, #628, .T. ) ;
#986 = PLANE ( 'NONE',  #454 ) ;
#987 = VECTOR ( 'NONE', #462, 1000.000000000000000 ) ;
#988 = PLANE ( 'NONE',  #458 ) ;
#989 = CARTESIAN_POINT ( 'NONE',  ( 1.599999999999999900, 3.199999999999999700, -2.299999999999999800 ) ) ;
#990 = LINE ( 'NONE', #464, #981 ) ;
#991 = DIRECTION ( 'NONE',  ( -1.000000000000000000, 0.0000000000000000000, 0.0000000000000000000 ) ) ;
#992 = VECTOR ( 'NONE', #526, 1000.000000000000000 ) ;
#993 = PLANE ( 'NONE',  #504 ) ;
#994 = LINE ( 'NONE', #484, #987 ) ;
#995 = CARTESIAN_POINT ( 'NONE',  ( 2.257957350749999900, 2.942042649249999800, -3.799999999999999800 ) ) ;
#996 = DIRECTION ( 'NONE',  ( 0.0000000000000000000, 0.0000000000000000000, -1.000000000000000000 ) ) ;
#997 = LINE ( 'NONE', #505, #992 ) ;
#998 = DIRECTION ( 'NONE',  ( 0.0000000000000000000, 1.000000000000000000, 0.0000000000000000000 ) ) ;
#999 = DIRECTION ( 'NONE',  ( 1.000000000000000000, 9.396205340702812500E-016, 8.823624132415574200E-016 ) ) ;
#1000 = DIRECTION ( 'NONE',  ( -1.156482317317908600E-015, 1.000000000000000000, 0.0000000000000000000 ) ) ;
#1001 = VECTOR ( 'NONE', #501, 1000.000000000000000 ) ;
#1002 = EDGE_LOOP ( 'NONE', ( #1459, #1088, #1076, #1170 ) ) ;
#1003 = ORIENTED_EDGE ( 'NONE', *, *, #196, .F. ) ;
#1004 = CIRCLE ( 'NONE', #376, 0.7499999999994542100 ) ;
#1005 = VERTEX_POINT ( 'NONE', #346 ) ;
#1006 = EDGE_LOOP ( 'NONE', ( #735, #826, #770, #775 ) ) ;
#1007 = PLANE ( 'NONE',  #479 ) ;
#1008 = ORIENTED_EDGE ( 'NONE', *, *, #704, .T. ) ;
#1009 = DIRECTION ( 'NONE',  ( -1.000000000000000000, -0.0000000000000000000, -0.0000000000000000000 ) ) ;
#1010 = DIRECTION ( 'NONE',  ( 0.0000000000000000000, 1.000000000000000000, 0.0000000000000000000 ) ) ;
#1011 = CARTESIAN_POINT ( 'NONE',  ( 0.0000000000000000000, -4.899999999999999500, 0.8499999999999996400 ) ) ;
#1012 = VECTOR ( 'NONE', #506, 1000.000000000000000 ) ;
#1013 = CARTESIAN_POINT ( 'NONE',  ( 2.200000000000000200, 2.942042649249999800, -5.357957350749999600 ) ) ;
#1014 = VECTOR ( 'NONE', #446, 1000.000000000000000 ) ;
#1015 = DIRECTION ( 'NONE',  ( -0.0000000000000000000, -0.0000000000000000000, 1.000000000000000000 ) ) ;
#1016 = VECTOR ( 'NONE', #509, 1000.000000000000000 ) ;
#1017 = LINE ( 'NONE', #507, #1012 ) ;
#1018 = CARTESIAN_POINT ( 'NONE',  ( 1.600000000000000100, 3.100000000000000500, -3.799999999999999800 ) ) ;
#1019 = VECTOR ( 'NONE', #514, 1000.000000000000000 ) ;
#1020 = ORIENTED_EDGE ( 'NONE', *, *, #764, .T. ) ;
#1021 = ORIENTED_EDGE ( 'NONE', *, *, #93, .F. ) ;
#1022 = DIRECTION ( 'NONE',  ( 1.000000000000000000, -1.858305525712026700E-015, -1.719978121640633400E-015 ) ) ;
#1023 = DIRECTION ( 'NONE',  ( 0.0000000000000000000, 1.000000000000000000, 0.0000000000000000000 ) ) ;
#1024 = LINE ( 'NONE', #511, #1016 ) ;
#1025 = CARTESIAN_POINT ( 'NONE',  ( 4.899999999999999500, -0.9500000000000002900, 6.599999999999999600 ) ) ;
#1026 = ORIENTED_EDGE ( 'NONE', *, *, #651, .T. ) ;
#1027 = LINE ( 'NONE', #517, #1019 ) ;
#1028 = DIRECTION ( 'NONE',  ( -0.0000000000000000000, -1.000000000000000000, -0.0000000000000000000 ) ) ;
#1029 = CARTESIAN_POINT ( 'NONE',  ( 6.799999999999999800, -0.9500000000000000700, 6.599999999999999600 ) ) ;
#1030 = VECTOR ( 'NONE', #525, 1000.000000000000000 ) ;
#1031 = DIRECTION ( 'NONE',  ( -0.0000000000000000000, -0.0000000000000000000, 1.000000000000000000 ) ) ;
#1032 = LINE ( 'NONE', #566, #1030 ) ;
#1033 = DIRECTION ( 'NONE',  ( -0.0000000000000000000, -0.0000000000000000000, 1.000000000000000000 ) ) ;
#1034 = CARTESIAN_POINT ( 'NONE',  ( 2.200000000000000600, 3.200000000000000200, -5.299999999999999800 ) ) ;
#1035 = LINE ( 'NONE', #518, #1047 ) ;
#1036 = ORIENTED_EDGE ( 'NONE', *, *, #632, .T. ) ;
#1037 = VECTOR ( 'NONE', #534, 1000.000000000000000 ) ;
#1038 = LINE ( 'NONE', #528, #1001 ) ;
#1039 = ORIENTED_EDGE ( 'NONE', *, *, #447, .F. ) ;
#1040 = DIRECTION ( 'NONE',  ( 1.000000000000000000, 3.716611051423258200E-015, 3.439956243283325000E-015 ) ) ;
#1041 = CARTESIAN_POINT ( 'NONE',  ( 13.99999999999999800, -4.899999999999999500, 0.8499999999999996400 ) ) ;
#1042 = VERTEX_POINT ( 'NONE', #336 ) ;
#1043 = VECTOR ( 'NONE', #530, 1000.000000000000000 ) ;
#1044 = ORIENTED_EDGE ( 'NONE', *, *, #68, .F. ) ;
#1045 = CARTESIAN_POINT ( 'NONE',  ( 2.200000000000000600, 3.000000000000000000, -3.799999999999999400 ) ) ;
#1046 = ORIENTED_EDGE ( 'NONE', *, *, #189, .T. ) ;
#1047 = VECTOR ( 'NONE', #533, 1000.000000000000000 ) ;
#1048 = CARTESIAN_POINT ( 'NONE',  ( 6.500000000000001800, -1.600000000000000100, 6.599999999999998800 ) ) ;
#1049 = VECTOR ( 'NONE', #537, 1000.000000000000000 ) ;
#1050 = LINE ( 'NONE', #531, #1043 ) ;
#1051 = DIRECTION ( 'NONE',  ( -1.000000000000000000, 0.0000000000000000000, 0.0000000000000000000 ) ) ;
#1052 = VECTOR ( 'NONE', #542, 1000.000000000000000 ) ;
#1053 = ORIENTED_EDGE ( 'NONE', *, *, #646, .F. ) ;
#1054 = VERTEX_POINT ( 'NONE', #333 ) ;
#1055 = CARTESIAN_POINT ( 'NONE',  ( 4.900000000000000400, 0.4000000000000000200, 8.400781537254999900 ) ) ;
#1056 = DIRECTION ( 'NONE',  ( 0.0000000000000000000, 0.0000000000000000000, -1.000000000000000000 ) ) ;
#1057 = LINE ( 'NONE', #539, #1049 ) ;
#1058 = VECTOR ( 'NONE', #546, 1000.000000000000000 ) ;
#1059 = DIRECTION ( 'NONE',  ( 1.000000000000000000, 0.0000000000000000000, -0.0000000000000000000 ) ) ;
#1060 = LINE ( 'NONE', #543, #1052 ) ;
#1061 = ORIENTED_EDGE ( 'NONE', *, *, #664, .F. ) ;
#1062 = VECTOR ( 'NONE', #552, 1000.000000000000000 ) ;
#1063 = ORIENTED_EDGE ( 'NONE', *, *, #721, .F. ) ;
#1064 = DIRECTION ( 'NONE',  ( -1.000000000000000000, 0.0000000000000000000, 0.0000000000000000000 ) ) ;
#1065 = LINE ( 'NONE', #551, #1058 ) ;
#1066 = PRODUCT_DEFINITION_SHAPE ( 'NONE', 'NONE',  #178 ) ;
#1067 = VECTOR ( 'NONE', #568, 1000.000000000000000 ) ;
#1068 = VERTEX_POINT ( 'NONE', #329 ) ;
#1069 = APPLICATION_CONTEXT ( 'automotive_design' ) ;
#1070 = LINE ( 'NONE', #561, #1062 ) ;
#1071 = EDGE_LOOP ( 'NONE', ( #792, #797 ) ) ;
#1072 = ORIENTED_EDGE ( 'NONE', *, *, #699, .F. ) ;
#1073 = EDGE_LOOP ( 'NONE', ( #1113, #1206 ) ) ;
#1074 = CARTESIAN_POINT ( 'NONE',  ( 1.149999999999999900, -0.1000000000000000600, 8.400781537254999900 ) ) ;
#1075 = VERTEX_POINT ( 'NONE', #1359 ) ;
#1076 = ORIENTED_EDGE ( 'NONE', *, *, #691, .F. ) ;
#1077 = VECTOR ( 'NONE', #579, 1000.000000000000000 ) ;
#1078 = EDGE_LOOP ( 'NONE', ( #823, #838, #854, #835, #863, #908 ) ) ;
#1079 = LINE ( 'NONE', #597, #1037 ) ;
#1080 = VECTOR ( 'NONE', #592, 1000.000000000000000 ) ;
#1081 = DIRECTION ( 'NONE',  ( -0.0000000000000000000, -0.0000000000000000000, -1.000000000000000000 ) ) ;
#1082 = LINE ( 'NONE', #626, #1067 ) ;
#1083 = LINE ( 'NONE', #582, #1077 ) ;
#1084 = CARTESIAN_POINT ( 'NONE',  ( 1.149999999999999900, -0.8499999999999999800, 9.450000000000374100 ) ) ;
#1085 = VECTOR ( 'NONE', #608, 1000.000000000000000 ) ;
#1086 = APPLICATION_PROTOCOL_DEFINITION ( 'draft international standard', 'automotive_design', 1998, #1069 ) ;
#1087 = DIRECTION ( 'NONE',  ( -0.0000000000000000000, 1.000000000000000000, -0.0000000000000000000 ) ) ;
#1088 = ORIENTED_EDGE ( 'NONE', *, *, #714, .F. ) ;
#1089 = DIRECTION ( 'NONE',  ( 1.000000000000000000, 0.0000000000000000000, 0.0000000000000000000 ) ) ;
#1090 = ORIENTED_EDGE ( 'NONE', *, *, #705, .F. ) ;
#1091 = DIRECTION ( 'NONE',  ( 0.0000000000000000000, 0.0000000000000000000, 1.000000000000000000 ) ) ;
#1092 = PRODUCT_CONTEXT ( 'NONE', #259, 'mechanical' ) ;
#1093 = LINE ( 'NONE', #601, #1080 ) ;
#1094 = VERTEX_POINT ( 'NONE', #326 ) ;
#1095 = VECTOR ( 'NONE', #613, 1000.000000000000000 ) ;
#1096 = EDGE_LOOP ( 'NONE', ( #1389, #122, #1036, #65 ) ) ;
#1097 = DIRECTION ( 'NONE',  ( 0.0000000000000000000, 0.0000000000000000000, 1.000000000000000000 ) ) ;
#1098 = CIRCLE ( 'NONE', #387, 0.7499999999994542100 ) ;
#1099 = CARTESIAN_POINT ( 'NONE',  ( 10.35000000000000100, 1.900000000000000100, 6.599999999999999600 ) ) ;
#1100 = ORIENTED_EDGE ( 'NONE', *, *, #662, .T. ) ;
#1101 = EDGE_LOOP ( 'NONE', ( #28, #23, #45, #1100 ) ) ;
#1102 = CARTESIAN_POINT ( 'NONE',  ( 13.99999999999999800, 3.200000000000000200, 6.999999999999999100 ) ) ;
#1103 = CARTESIAN_POINT ( 'NONE',  ( 13.00000000000000200, -4.900000000000001200, 0.8499999999999996400 ) ) ;
#1104 = VERTEX_POINT ( 'NONE', #324 ) ;
#1105 = VECTOR ( 'NONE', #620, 1000.000000000000000 ) ;
#1106 = DIRECTION ( 'NONE',  ( 0.0000000000000000000, 0.0000000000000000000, -1.000000000000000000 ) ) ;
#1107 = LINE ( 'NONE', #658, #1085 ) ;
#1108 = CARTESIAN_POINT ( 'NONE',  ( 13.99999999999999600, -7.108689265448883800E-016, -3.992546236605080100E-013 ) ) ;
#1109 = VECTOR ( 'NONE', #680, 1000.000000000000000 ) ;
#1110 = LINE ( 'NONE', #627, #1105 ) ;
#1111 = LINE ( 'NONE', #677, #1109 ) ;
#1112 = EDGE_LOOP ( 'NONE', ( #1218, #48, #106, #104 ) ) ;
#1113 = ORIENTED_EDGE ( 'NONE', *, *, #137, .T. ) ;
#1114 = DIRECTION ( 'NONE',  ( -1.000000000000000000, -9.396205340702812500E-016, -8.823624132415574200E-016 ) ) ;
#1115 = CIRCLE ( 'NONE', #210, 0.7499999999994533300 ) ;
#1116 = EDGE_LOOP ( 'NONE', ( #1319, #24, #1301, #51 ) ) ;
#1117 = DIRECTION ( 'NONE',  ( -1.156482317317908600E-015, 1.000000000000000000, 0.0000000000000000000 ) ) ;
#1118 = EDGE_LOOP ( 'NONE', ( #142, #66, #113, #36, #1371, #1404, #985, #1452 ) ) ;
#1119 = DIRECTION ( 'NONE',  ( -0.0000000000000000000, -1.000000000000000000, -0.0000000000000000000 ) ) ;
#1120 = VECTOR ( 'NONE', #673, 1000.000000000000000 ) ;
#1121 = ORIENTED_EDGE ( 'NONE', *, *, #159, .T. ) ;
#1122 = DIRECTION ( 'NONE',  ( -1.000000000000000000, -0.0000000000000000000, -0.0000000000000000000 ) ) ;
#1123 = VECTOR ( 'NONE', #667, 1000.000000000000000 ) ;
#1124 = ORIENTED_EDGE ( 'NONE', *, *, #662, .F. ) ;
#1125 = CARTESIAN_POINT ( 'NONE',  ( 1.000000000000000000, -0.8499999999999994200, -2.299999999999999800 ) ) ;
#1126 = ORIENTED_EDGE ( 'NONE', *, *, #126, .F. ) ;
#1127 = LINE ( 'NONE', #697, #1123 ) ;
#1128 = CARTESIAN_POINT ( 'NONE',  ( 6.650000000000000400, -0.1000000000000000100, 6.599999999999999600 ) ) ;
#1129 = VECTOR ( 'NONE', #686, 1000.000000000000000 ) ;
#1130 = LINE ( 'NONE', #682, #1120 ) ;
#1131 = VECTOR ( 'NONE', #688, 1000.000000000000000 ) ;
#1132 = LINE ( 'NONE', #689, #1129 ) ;
#1133 = ORIENTED_EDGE ( 'NONE', *, *, #645, .T. ) ;
#1134 = ORIENTED_EDGE ( 'NONE', *, *, #447, .T. ) ;
#1135 = VECTOR ( 'NONE', #712, 1000.000000000000000 ) ;
#1136 = VERTEX_POINT ( 'NONE', #332 ) ;
#1137 = ORIENTED_EDGE ( 'NONE', *, *, #141, .T. ) ;
#1138 = VERTEX_POINT ( 'NONE', #319 ) ;
#1139 = LINE ( 'NONE', #647, #1095 ) ;
#1140 = ORIENTED_EDGE ( 'NONE', *, *, #628, .F. ) ;
#1141 = ORIENTED_EDGE ( 'NONE', *, *, #721, .T. ) ;
#1142 = VECTOR ( 'NONE', #717, 1000.000000000000000 ) ;
#1143 = DIRECTION ( 'NONE',  ( 0.0000000000000000000, 1.000000000000000000, 0.0000000000000000000 ) ) ;
#1144 = LINE ( 'NONE', #737, #1135 ) ;
#1145 = LINE ( 'NONE', #706, #1142 ) ;
#1146 = VECTOR ( 'NONE', #718, 1000.000000000000000 ) ;
#1147 = CIRCLE ( 'NONE', #236, 0.7499999999994534400 ) ;
#1148 = ORIENTED_EDGE ( 'NONE', *, *, #110, .F. ) ;
#1149 = VECTOR ( 'NONE', #723, 1000.000000000000000 ) ;
#1150 = ORIENTED_EDGE ( 'NONE', *, *, #675, .F. ) ;
#1151 = LINE ( 'NONE', #720, #1146 ) ;
#1152 = VERTEX_POINT ( 'NONE', #317 ) ;
#1153 = CARTESIAN_POINT ( 'NONE',  ( 4.750000000000000000, 0.4000000000000000200, 9.449999999999999300 ) ) ;
#1154 = ORIENTED_EDGE ( 'NONE', *, *, #151, .T. ) ;
#1155 = ORIENTED_EDGE ( 'NONE', *, *, #675, .T. ) ;
#1156 = VECTOR ( 'NONE', #726, 1000.000000000000000 ) ;
#1157 = LINE ( 'NONE', #731, #1156 ) ;
#1158 = VECTOR ( 'NONE', #755, 1000.000000000000000 ) ;
#1159 = DIRECTION ( 'NONE',  ( 1.000000000000000000, 9.396205340702812500E-016, 8.823624132415574200E-016 ) ) ;
#1160 = CARTESIAN_POINT ( 'NONE',  ( 1.599999999999999900, 3.199999999999999700, -3.799999999999999800 ) ) ;
#1161 = LINE ( 'NONE', #736, #1158 ) ;
#1162 = VERTEX_POINT ( 'NONE', #321 ) ;
#1163 = CARTESIAN_POINT ( 'NONE',  ( 6.799999999999999800, -1.599999999999999900, 9.450000000000189400 ) ) ;
#1164 = LINE ( 'NONE', #738, #1177 ) ;
#1165 = CARTESIAN_POINT ( 'NONE',  ( 13.99999999999999800, 3.199999999999999700, 0.8500000000000000900 ) ) ;
#1166 = VECTOR ( 'NONE', #740, 1000.000000000000000 ) ;
#1167 = ORIENTED_EDGE ( 'NONE', *, *, #679, .T. ) ;
#1168 = CARTESIAN_POINT ( 'NONE',  ( 6.999999999999999100, 3.200000000000000200, -2.300000000000000700 ) ) ;
#1169 = LINE ( 'NONE', #690, #1131 ) ;
#1170 = ORIENTED_EDGE ( 'NONE', *, *, #223, .F. ) ;
#1171 = CARTESIAN_POINT ( 'NONE',  ( 6.500000000000003600, -0.8499999999999997600, 9.450000000000374100 ) ) ;
#1172 = LINE ( 'NONE', #734, #1149 ) ;
#1173 = VECTOR ( 'NONE', #750, 1000.000000000000000 ) ;
#1174 = LINE ( 'NONE', #745, #1166 ) ;
#1175 = EDGE_CURVE ( 'NONE', #1338, #567, #926, .T. ) ;
#1176 = DIRECTION ( 'NONE',  ( -3.469446951954432200E-015, 1.000000000000000000, 0.0000000000000000000 ) ) ;
#1177 = VECTOR ( 'NONE', #733, 1000.000000000000000 ) ;
#1178 = VECTOR ( 'NONE', #754, 1000.000000000000000 ) ;
#1179 = VERTEX_POINT ( 'NONE', #313 ) ;
#1180 = ORIENTED_EDGE ( 'NONE', *, *, #75, .F. ) ;
#1181 = LINE ( 'NONE', #759, #1184 ) ;
#1182 = ORIENTED_EDGE ( 'NONE', *, *, #705, .T. ) ;
#1183 = VERTEX_POINT ( 'NONE', #311 ) ;
#1184 = VECTOR ( 'NONE', #748, 1000.000000000000000 ) ;
#1185 = ORIENTED_EDGE ( 'NONE', *, *, #645, .F. ) ;
#1186 = ORIENTED_EDGE ( 'NONE', *, *, #95, .F. ) ;
#1187 = CYLINDRICAL_SURFACE ( 'NONE', #361, 0.7499999999998231400 ) ;
#1188 = FACE_OUTER_BOUND ( 'NONE', #625, .T. ) ;
#1189 = LINE ( 'NONE', #762, #1178 ) ;
#1190 = CARTESIAN_POINT ( 'NONE',  ( 0.8499999999999999800, -0.8499999999999999800, 9.450000000000374100 ) ) ;
#1191 = FACE_OUTER_BOUND ( 'NONE', #245, .T. ) ;
#1192 = DIRECTION ( 'NONE',  ( -1.156482317317908600E-015, 1.000000000000000000, 8.881784197001216800E-016 ) ) ;
#1193 = FACE_OUTER_BOUND ( 'NONE', #1078, .T. ) ;
#1194 = DIRECTION ( 'NONE',  ( 1.000000000000000000, 0.0000000000000000000, -0.0000000000000000000 ) ) ;
#1195 = FACE_OUTER_BOUND ( 'NONE', #591, .T. ) ;
#1196 = ORIENTED_EDGE ( 'NONE', *, *, #637, .F. ) ;
#1197 = DIRECTION ( 'NONE',  ( 0.0000000000000000000, 0.0000000000000000000, -1.000000000000000000 ) ) ;
#1198 = FACE_OUTER_BOUND ( 'NONE', #707, .T. ) ;
#1199 = ORIENTED_EDGE ( 'NONE', *, *, #100, .T. ) ;
#1200 = CARTESIAN_POINT ( 'NONE',  ( 13.91999999999999300, 2.999999999999902700, -3.993252126535673500E-013 ) ) ;
#1201 = CARTESIAN_POINT ( 'NONE',  ( 18.12000000000000100, 3.930192846353243500E-016, 1.799999999999636600 ) ) ;
#1202 = DIRECTION ( 'NONE',  ( -1.000000000000000000, 0.0000000000000000000, 0.0000000000000000000 ) ) ;
#1203 = ORIENTED_EDGE ( 'NONE', *, *, #615, .F. ) ;
#1204 = DIRECTION ( 'NONE',  ( -0.0000000000000000000, -0.0000000000000000000, -1.000000000000000000 ) ) ;
#1205 = LINE ( 'NONE', #753, #1173 ) ;
#1206 = ORIENTED_EDGE ( 'NONE', *, *, #197, .T. ) ;
#1207 = CARTESIAN_POINT ( 'NONE',  ( 1.599999999999999900, 3.199999999999999700, 0.8500000000000005300 ) ) ;
#1208 = ORIENTED_EDGE ( 'NONE', *, *, #630, .T. ) ;
#1209 = FACE_OUTER_BOUND ( 'NONE', #284, .T. ) ;
#1210 = CARTESIAN_POINT ( 'NONE',  ( 1.600000000000000300, 3.000000000000000000, 0.6500000000000003600 ) ) ;
#1211 = CARTESIAN_POINT ( 'NONE',  ( 13.99999999999999600, -7.108689265448883800E-016, -3.992546236605080100E-013 ) ) ;
#1212 = DIRECTION ( 'NONE',  ( -1.000000000000000000, -9.396205340702812500E-016, -8.823624132415574200E-016 ) ) ;
#1213 = DIRECTION ( 'NONE',  ( -1.156482317317908600E-015, 1.000000000000000000, 0.0000000000000000000 ) ) ;
#1214 = FACE_OUTER_BOUND ( 'NONE', #1006, .T. ) ;
#1215 = FACE_OUTER_BOUND ( 'NONE', #703, .T. ) ;
#1216 = DIRECTION ( 'NONE',  ( 0.0000000000000000000, 1.000000000000000000, 0.0000000000000000000 ) ) ;
#1217 = FACE_OUTER_BOUND ( 'NONE', #1101, .T. ) ;
#1218 = ORIENTED_EDGE ( 'NONE', *, *, #693, .T. ) ;
#1219 = DIRECTION ( 'NONE',  ( 1.000000000000000000, 0.0000000000000000000, 0.0000000000000000000 ) ) ;
#1220 = VECTOR ( 'NONE', #884, 1000.000000000000000 ) ;
#1221 = ORIENTED_EDGE ( 'NONE', *, *, #146, .T. ) ;
#1222 = VERTEX_POINT ( 'NONE', #314 ) ;
#1223 = VERTEX_POINT ( 'NONE', #309 ) ;
#1224 = FACE_OUTER_BOUND ( 'NONE', #233, .T. ) ;
#1225 = ORIENTED_EDGE ( 'NONE', *, *, #111, .F. ) ;
#1226 = CARTESIAN_POINT ( 'NONE',  ( 1.149999999999998600, -0.9500000000000000700, 6.599999999999999600 ) ) ;
#1227 = EDGE_LOOP ( 'NONE', ( #69, #648, #347, #353, #213, #162 ) ) ;
#1228 = VERTEX_POINT ( 'NONE', #316 ) ;
#1229 = FACE_OUTER_BOUND ( 'NONE', #713, .T. ) ;
#1230 = FACE_BOUND ( 'NONE', #1071, .T. ) ;
#1231 = CYLINDRICAL_SURFACE ( 'NONE', #432, 0.7499999999994533300 ) ;
#1232 = CARTESIAN_POINT ( 'NONE',  ( 18.00000000000000700, 3.047613209736243600E-015, -3.957251740075418100E-013 ) ) ;
#1233 = FACE_OUTER_BOUND ( 'NONE', #71, .T. ) ;
#1234 = DIRECTION ( 'NONE',  ( -1.000000000000000000, -9.396205340702812500E-016, -8.823624132415574200E-016 ) ) ;
#1235 = LINE ( 'NONE', #877, #1220 ) ;
#1236 = DIRECTION ( 'NONE',  ( 0.0000000000000000000, 0.0000000000000000000, 1.000000000000000000 ) ) ;
#1237 = EDGE_LOOP ( 'NONE', ( #1199, #1386, #1369, #343, #41, #585, #6, #21 ) ) ;
#1238 = DIRECTION ( 'NONE',  ( 0.0000000000000000000, -1.000000000000000000, 0.0000000000000000000 ) ) ;
#1239 = ORIENTED_EDGE ( 'NONE', *, *, #665, .T. ) ;
#1240 = DIRECTION ( 'NONE',  ( 0.0000000000000000000, 0.0000000000000000000, 1.000000000000000000 ) ) ;
#1241 = CARTESIAN_POINT ( 'NONE',  ( 6.649999999999999500, -1.599999999999999900, 9.450000000000001100 ) ) ;
#1242 = FACE_OUTER_BOUND ( 'NONE', #724, .T. ) ;
#1243 = DIRECTION ( 'NONE',  ( -1.000000000000000000, 0.0000000000000000000, 0.0000000000000000000 ) ) ;
#1244 = FACE_OUTER_BOUND ( 'NONE', #5, .T. ) ;
#1245 = ORIENTED_EDGE ( 'NONE', *, *, #111, .T. ) ;
#1246 = VECTOR ( 'NONE', #1240, 1000.000000000000000 ) ;
#1247 = CYLINDRICAL_SURFACE ( 'NONE', #426, 2.999999999999903600 ) ;
#1248 = CARTESIAN_POINT ( 'NONE',  ( 0.0000000000000000000, -0.8499999999999989800, -5.299999999999998900 ) ) ;
#1249 = EDGE_LOOP ( 'NONE', ( #445, #175, #194, #880 ) ) ;
#1250 = FACE_OUTER_BOUND ( 'NONE', #161, .T. ) ;
#1251 = PLANE ( 'NONE',  #508 ) ;
#1252 = FACE_OUTER_BOUND ( 'NONE', #1237, .T. ) ;
#1253 = FACE_OUTER_BOUND ( 'NONE', #1227, .T. ) ;
#1254 = DIRECTION ( 'NONE',  ( 0.0000000000000000000, 0.0000000000000000000, -1.000000000000000000 ) ) ;
#1255 = CARTESIAN_POINT ( 'NONE',  ( 1.000000000000000000, 3.200000000000000200, 6.999999999999999100 ) ) ;
#1256 = FACE_OUTER_BOUND ( 'NONE', #641, .T. ) ;
#1257 = CARTESIAN_POINT ( 'NONE',  ( 4.900000000000000400, 0.3420426492505000400, 6.527968738510000300 ) ) ;
#1258 = DIRECTION ( 'NONE',  ( -1.000000000000000000, 0.0000000000000000000, 0.0000000000000000000 ) ) ;
#1259 = DIRECTION ( 'NONE',  ( 0.0000000000000000000, 0.0000000000000000000, 1.000000000000000000 ) ) ;
#1260 = CARTESIAN_POINT ( 'NONE',  ( 6.500000000000000900, -0.04204264925048999800, 6.527968738510000300 ) ) ;
#1261 = DIRECTION ( 'NONE',  ( 1.000000000000000000, 0.0000000000000000000, 0.0000000000000000000 ) ) ;
#1262 = VERTEX_POINT ( 'NONE', #310 ) ;
#1263 = CARTESIAN_POINT ( 'NONE',  ( 13.00000000000000200, 3.199999999999999700, -5.299999999999999800 ) ) ;
#1264 = CARTESIAN_POINT ( 'NONE',  ( 13.91999999999999600, -7.860385692705116400E-016, -3.993252126535673500E-013 ) ) ;
#1265 = FACE_OUTER_BOUND ( 'NONE', #1266, .T. ) ;
#1266 = EDGE_LOOP ( 'NONE', ( #60, #1053, #1039, #1072, #1061, #1341, #1324, #192 ) ) ;
#1267 = ORIENTED_EDGE ( 'NONE', *, *, #668, .F. ) ;
#1268 = CARTESIAN_POINT ( 'NONE',  ( 10.14204264925000000, 1.149999999999999900, 9.450000000000743600 ) ) ;
#1269 = EDGE_CURVE ( 'NONE', #271, #1273, #917, .T. ) ;
#1270 = FACE_BOUND ( 'NONE', #217, .T. ) ;
#1271 = ORIENTED_EDGE ( 'NONE', *, *, #147, .T. ) ;
#1272 = DIRECTION ( 'NONE',  ( 1.000000000000000000, 0.0000000000000000000, -0.0000000000000000000 ) ) ;
#1273 = VERTEX_POINT ( 'NONE', #297 ) ;
#1274 = DIRECTION ( 'NONE',  ( 0.0000000000000000000, -1.000000000000000000, 0.0000000000000000000 ) ) ;
#1275 = FACE_BOUND ( 'NONE', #216, .T. ) ;
#1276 = FACE_OUTER_BOUND ( 'NONE', #749, .T. ) ;
#1277 = VERTEX_POINT ( 'NONE', #298 ) ;
#1278 = DIRECTION ( 'NONE',  ( -1.000000000000000000, 0.0000000000000000000, 0.0000000000000000000 ) ) ;
#1279 = CYLINDRICAL_SURFACE ( 'NONE', #463, 1.800000000000427900 ) ;
#1280 = FACE_BOUND ( 'NONE', #1296, .T. ) ;
#1281 = DIRECTION ( 'NONE',  ( 0.0000000000000000000, 0.0000000000000000000, -1.000000000000000000 ) ) ;
#1282 = DIRECTION ( 'NONE',  ( -3.469446951954432200E-015, 1.000000000000000000, 0.0000000000000000000 ) ) ;
#1283 = CARTESIAN_POINT ( 'NONE',  ( 6.649999999999997700, -0.09999999999998264400, 9.450000000000006400 ) ) ;
#1284 = FACE_BOUND ( 'NONE', #1249, .T. ) ;
#1285 = CARTESIAN_POINT ( 'NONE',  ( 4.599999999999999600, 1.957957350749999900, 6.527968738510000300 ) ) ;
#1286 = DIRECTION ( 'NONE',  ( -1.000000000000000000, -0.0000000000000000000, -0.0000000000000000000 ) ) ;
#1287 = CARTESIAN_POINT ( 'NONE',  ( 10.50000000000000000, 1.899999999999999900, 8.400781537254999900 ) ) ;
#1288 = ORIENTED_EDGE ( 'NONE', *, *, #684, .T. ) ;
#1289 = CARTESIAN_POINT ( 'NONE',  ( 4.599999999999999600, 1.899999999999999700, 8.025000000000000400 ) ) ;
#1290 = ORIENTED_EDGE ( 'NONE', *, *, #227, .F. ) ;
#1291 = DIRECTION ( 'NONE',  ( 0.0000000000000000000, 0.0000000000000000000, 1.000000000000000000 ) ) ;
#1292 = PLANE ( 'NONE',  #571 ) ;
#1293 = FACE_OUTER_BOUND ( 'NONE', #746, .T. ) ;
#1294 = VERTEX_POINT ( 'NONE', #306 ) ;
#1295 = DIRECTION ( 'NONE',  ( 1.000000000000000000, 0.0000000000000000000, 0.0000000000000000000 ) ) ;
#1296 = EDGE_LOOP ( 'NONE', ( #1148, #1344, #892, #876 ) ) ;
#1297 = FACE_OUTER_BOUND ( 'NONE', #941, .T. ) ;
#1298 = ORIENTED_EDGE ( 'NONE', *, *, #105, .F. ) ;
#1299 = FACE_OUTER_BOUND ( 'NONE', #1118, .T. ) ;
#1300 = CARTESIAN_POINT ( 'NONE',  ( 2.200000000000000600, 3.000000000000000000, -5.299999999999999800 ) ) ;
#1301 = ORIENTED_EDGE ( 'NONE', *, *, #95, .T. ) ;
#1302 = CARTESIAN_POINT ( 'NONE',  ( 7.000000000000000000, -0.1000000000000000500, 6.599999999999999600 ) ) ;
#1303 = VERTEX_POINT ( 'NONE', #295 ) ;
#1304 = DIRECTION ( 'NONE',  ( -1.000000000000000000, -0.0000000000000000000, -0.0000000000000000000 ) ) ;
#1305 = FACE_OUTER_BOUND ( 'NONE', #955, .T. ) ;
#1306 = FACE_OUTER_BOUND ( 'NONE', #214, .T. ) ;
#1307 = CARTESIAN_POINT ( 'NONE',  ( 0.0000000000000000000, 3.199999999999999700, 6.999999999999999100 ) ) ;
#1308 = FACE_BOUND ( 'NONE', #1073, .T. ) ;
#1309 = CYLINDRICAL_SURFACE ( 'NONE', #494, 0.7499999999994542100 ) ;
#1310 = CARTESIAN_POINT ( 'NONE',  ( 0.8500000000000000900, -0.09999999999999988100, 7.000000000000000000 ) ) ;
#1311 = DIRECTION ( 'NONE',  ( -0.0000000000000000000, -0.0000000000000000000, -1.000000000000000000 ) ) ;
#1312 = FACE_OUTER_BOUND ( 'NONE', #208, .T. ) ;
#1313 = DIRECTION ( 'NONE',  ( -1.000000000000000000, 0.0000000000000000000, 0.0000000000000000000 ) ) ;
#1314 = DIRECTION ( 'NONE',  ( 1.000000000000000000, 0.0000000000000000000, 0.0000000000000000000 ) ) ;
#1315 = VERTEX_POINT ( 'NONE', #291 ) ;
#1316 = CYLINDRICAL_SURFACE ( 'NONE', #522, 2.999999999999903600 ) ;
#1317 = ORIENTED_EDGE ( 'NONE', *, *, #110, .T. ) ;
#1318 = CARTESIAN_POINT ( 'NONE',  ( 6.799999999999999800, -1.600000000000000100, 8.400781537254999900 ) ) ;
#1319 = ORIENTED_EDGE ( 'NONE', *, *, #116, .T. ) ;
#1320 = FACE_OUTER_BOUND ( 'NONE', #742, .T. ) ;
#1321 = DIRECTION ( 'NONE',  ( 0.0000000000000000000, 1.000000000000000000, -0.0000000000000000000 ) ) ;
#1322 = ORIENTED_EDGE ( 'NONE', *, *, #116, .F. ) ;
#1323 = CARTESIAN_POINT ( 'NONE',  ( 1.000000000000250200, -1.600000000000000100, 9.449999999999999300 ) ) ;
#1324 = ORIENTED_EDGE ( 'NONE', *, *, #119, .F. ) ;
#1325 = ORIENTED_EDGE ( 'NONE', *, *, #785, .T. ) ;
#1326 = CARTESIAN_POINT ( 'NONE',  ( 7.000000000000000000, 3.000000000000000000, -2.300000000000000700 ) ) ;
#1327 = DIRECTION ( 'NONE',  ( -1.000000000000000000, 0.0000000000000000000, 0.0000000000000000000 ) ) ;
#1328 = FACE_OUTER_BOUND ( 'NONE', #730, .T. ) ;
#1329 = FACE_OUTER_BOUND ( 'NONE', #228, .T. ) ;
#1330 = CARTESIAN_POINT ( 'NONE',  ( 6.999999999999999100, 3.199999999999999700, -5.299999999999999800 ) ) ;
#1331 = FACE_OUTER_BOUND ( 'NONE', #239, .T. ) ;
#1332 = CARTESIAN_POINT ( 'NONE',  ( 14.00000000000000000, -2.999999999999905000, -3.971225047942807300E-013 ) ) ;
#1333 = FACE_OUTER_BOUND ( 'NONE', #274, .T. ) ;
#1334 = CARTESIAN_POINT ( 'NONE',  ( -0.2800000000000000300, 3.362000000000000100, 7.000000000000000000 ) ) ;
#1335 = DIRECTION ( 'NONE',  ( -1.000000000000000000, -0.0000000000000000000, -0.0000000000000000000 ) ) ;
#1336 = VECTOR ( 'NONE', #1009, 1000.000000000000000 ) ;
#1337 = PLANE ( 'NONE',  #467 ) ;
#1338 = VERTEX_POINT ( 'NONE', #290 ) ;
#1339 = DIRECTION ( 'NONE',  ( 1.000000000000000000, 0.0000000000000000000, 0.0000000000000000000 ) ) ;
#1340 = FACE_OUTER_BOUND ( 'NONE', #974, .T. ) ;
#1341 = ORIENTED_EDGE ( 'NONE', *, *, #694, .F. ) ;
#1342 = DIRECTION ( 'NONE',  ( -0.0000000000000000000, 0.0000000000000000000, 1.000000000000000000 ) ) ;
#1343 = ORIENTED_EDGE ( 'NONE', *, *, #227, .T. ) ;
#1344 = ORIENTED_EDGE ( 'NONE', *, *, #94, .F. ) ;
#1345 = VECTOR ( 'NONE', #1254, 1000.000000000000000 ) ;
#1346 = VERTEX_POINT ( 'NONE', #289 ) ;
#1347 = ORIENTED_EDGE ( 'NONE', *, *, #650, .T. ) ;
#1348 = CARTESIAN_POINT ( 'NONE',  ( 6.999999999999999100, -4.899999999999999500, 7.000000000000000000 ) ) ;
#1349 = FACE_OUTER_BOUND ( 'NONE', #294, .T. ) ;
#1350 = ORIENTED_EDGE ( 'NONE', *, *, #134, .T. ) ;
#1351 = VECTOR ( 'NONE', #1010, 1000.000000000000000 ) ;
#1352 = CARTESIAN_POINT ( 'NONE',  ( 6.799999999999999800, -1.600000000000000100, 6.599999999999998800 ) ) ;
#1353 = CARTESIAN_POINT ( 'NONE',  ( 7.000000000000000900, -1.599999999999999900, 6.599999999999999600 ) ) ;
#1354 = LINE ( 'NONE', #1011, #1345 ) ;
#1355 = VECTOR ( 'NONE', #1216, 1000.000000000000000 ) ;
#1356 = CARTESIAN_POINT ( 'NONE',  ( 10.19999999999999900, 1.899999999999999900, 8.025000000000000400 ) ) ;
#1357 = CARTESIAN_POINT ( 'NONE',  ( 14.00000000000000000, 3.362000000000000100, 7.246000000000000400 ) ) ;
#1358 = LINE ( 'NONE', #1241, #1336 ) ;
#1359 = CARTESIAN_POINT ( 'NONE',  ( 0.0000000000000000000, 3.199999999999999700, -5.299999999999999800 ) ) ;
#1360 = VECTOR ( 'NONE', #1219, 1000.000000000000000 ) ;
#1361 = PLANE ( 'NONE',  #510 ) ;
#1362 = DIRECTION ( 'NONE',  ( -1.156482317317908600E-015, 1.000000000000000000, 0.0000000000000000000 ) ) ;
#1363 = ORIENTED_EDGE ( 'NONE', *, *, #207, .T. ) ;
#1364 = VERTEX_POINT ( 'NONE', #293 ) ;
#1365 = DIRECTION ( 'NONE',  ( 0.0000000000000000000, 0.0000000000000000000, 1.000000000000000000 ) ) ;
#1366 = CARTESIAN_POINT ( 'NONE',  ( 18.12000000000000100, 3.930192846353243500E-016, -7.914404808601061000E-013 ) ) ;
#1367 = CARTESIAN_POINT ( 'NONE',  ( 12.59204264925000100, -1.600000000000000100, 6.542042649249999900 ) ) ;
#1368 = CIRCLE ( 'NONE', #498, 2.999999999999903600 ) ;
#1369 = ORIENTED_EDGE ( 'NONE', *, *, #668, .T. ) ;
#1370 = DIRECTION ( 'NONE',  ( 0.0000000000000000000, -1.000000000000000000, 0.0000000000000000000 ) ) ;
#1371 = ORIENTED_EDGE ( 'NONE', *, *, #714, .T. ) ;
#1372 = PLANE ( 'NONE',  #437 ) ;
#1373 = ORIENTED_EDGE ( 'NONE', *, *, #780, .F. ) ;
#1374 = DIRECTION ( 'NONE',  ( 1.000000000000000000, 9.396205340702812500E-016, 8.823624132415574200E-016 ) ) ;
#1375 = VERTEX_POINT ( 'NONE', #288 ) ;
#1376 = LINE ( 'NONE', #1226, #1355 ) ;
#1377 = VECTOR ( 'NONE', #1015, 1000.000000000000000 ) ;
#1378 = LINE ( 'NONE', #1248, #1351 ) ;
#1379 = CARTESIAN_POINT ( 'NONE',  ( 13.91999999999999600, -7.860385692705116400E-016, -3.993252126535673500E-013 ) ) ;
#1380 = CARTESIAN_POINT ( 'NONE',  ( 1.599999999999999900, 3.000000000000000000, -3.799999999999998900 ) ) ;
#1381 = DIRECTION ( 'NONE',  ( 1.000000000000000000, 0.0000000000000000000, 0.0000000000000000000 ) ) ;
#1382 = VECTOR ( 'NONE', #1204, 1000.000000000000000 ) ;
#1383 = LINE ( 'NONE', #1168, #1360 ) ;
#1384 = DIRECTION ( 'NONE',  ( 0.0000000000000000000, 0.0000000000000000000, 1.000000000000000000 ) ) ;
#1385 = LINE ( 'NONE', #1207, #1382 ) ;
#1386 = ORIENTED_EDGE ( 'NONE', *, *, #84, .T. ) ;
#1387 = ORIENTED_EDGE ( 'NONE', *, *, #781, .F. ) ;
#1388 = ORIENTED_EDGE ( 'NONE', *, *, #127, .T. ) ;
#1389 = ORIENTED_EDGE ( 'NONE', *, *, #123, .F. ) ;
#1390 = CARTESIAN_POINT ( 'NONE',  ( 13.24000000000000000, -5.057999999999999800, 6.599999999999999600 ) ) ;
#1391 = VERTEX_POINT ( 'NONE', #302 ) ;
#1392 = CARTESIAN_POINT ( 'NONE',  ( 18.12000000000000100, 3.930192846353243500E-016, -7.914404808601061000E-013 ) ) ;
#1393 = VECTOR ( 'NONE', #1202, 1000.000000000000000 ) ;
#1394 = ORIENTED_EDGE ( 'NONE', *, *, #771, .F. ) ;
#1395 = ORIENTED_EDGE ( 'NONE', *, *, #202, .T. ) ;
#1396 = CIRCLE ( 'NONE', #502, 2.999999999999903600 ) ;
#1397 = CARTESIAN_POINT ( 'NONE',  ( 1.207957350750000100, -0.1000000000000000100, 6.542042649249999900 ) ) ;
#1398 = PLANE ( 'NONE',  #436 ) ;
#1399 = VECTOR ( 'NONE', #1159, 1000.000000000000000 ) ;
#1400 = LINE ( 'NONE', #1201, #1393 ) ;
#1401 = CARTESIAN_POINT ( 'NONE',  ( 10.19999999999999900, 0.3999999999999999700, 9.450000000000370500 ) ) ;
#1402 = ORIENTED_EDGE ( 'NONE', *, *, #109, .F. ) ;
#1403 = DIRECTION ( 'NONE',  ( 2.312964634637428900E-015, 1.000000000000000000, 0.0000000000000000000 ) ) ;
#1404 = ORIENTED_EDGE ( 'NONE', *, *, #683, .T. ) ;
#1405 = CARTESIAN_POINT ( 'NONE',  ( 4.542042649249999000, 1.149999999999999900, 9.450000000000743600 ) ) ;
#1406 = DIRECTION ( 'NONE',  ( 0.0000000000000000000, 1.000000000000000000, -0.0000000000000000000 ) ) ;
#1407 = VECTOR ( 'NONE', #1028, 1000.000000000000000 ) ;
#1408 = DIRECTION ( 'NONE',  ( 1.000000000000000000, 0.0000000000000000000, 0.0000000000000000000 ) ) ;
#1409 = DIRECTION ( 'NONE',  ( 0.0000000000000000000, 0.0000000000000000000, 1.000000000000000000 ) ) ;
#1410 = LINE ( 'NONE', #1210, #1377 ) ;
#1411 = DIRECTION ( 'NONE',  ( -1.000000000000000000, 0.0000000000000000000, 0.0000000000000000000 ) ) ;
#1412 = LINE ( 'NONE', #1200, #1399 ) ;
#1413 = FACE_OUTER_BOUND ( 'NONE', #155, .T. ) ;
#1414 = CARTESIAN_POINT ( 'NONE',  ( 10.50000000000000000, 0.3420426492505000400, 6.527968738510000300 ) ) ;
#1415 = ORIENTED_EDGE ( 'NONE', *, *, #85, .T. ) ;
#1416 = DIRECTION ( 'NONE',  ( -1.000000000000000000, 0.0000000000000000000, 0.0000000000000000000 ) ) ;
#1417 = VECTOR ( 'NONE', #1023, 1000.000000000000000 ) ;
#1418 = PLANE ( 'NONE',  #450 ) ;
#1419 = VECTOR ( 'NONE', #548, 1000.000000000000000 ) ;
#1420 = PLANE ( 'NONE',  #576 ) ;
#1421 = CIRCLE ( 'NONE', #545, 0.7499999999998237000 ) ;
#1422 = CARTESIAN_POINT ( 'NONE',  ( 12.65000000000000000, -0.04204264925048999800, 6.527968738510000300 ) ) ;
#1423 = DIRECTION ( 'NONE',  ( -1.000000000000000000, 0.0000000000000000000, 0.0000000000000000000 ) ) ;
#1424 = VECTOR ( 'NONE', #1143, 1000.000000000000000 ) ;
#1425 = MANIFOLD_SOLID_BREP ( 'Imported1', #389 ) ;
#1426 = DIRECTION ( 'NONE',  ( -0.0000000000000000000, 0.0000000000000000000, 1.000000000000000000 ) ) ;
#1427 = CARTESIAN_POINT ( 'NONE',  ( 12.65000000000000000, -1.600000000000000100, 6.599999999999998800 ) ) ;
#1428 = PLANE ( 'NONE',  #614 ) ;
#1429 = LINE ( 'NONE', #1018, #1407 ) ;
#1430 = ORIENTED_EDGE ( 'NONE', *, *, #687, .T. ) ;
#1431 = VERTEX_POINT ( 'NONE', #304 ) ;
#1432 = CARTESIAN_POINT ( 'NONE',  ( 13.00795735074999400, -0.8499999999999998700, 9.450000000000743600 ) ) ;
#1433 = VERTEX_POINT ( 'NONE', #286 ) ;
#1434 = DIRECTION ( 'NONE',  ( -1.000000000000000000, 0.0000000000000000000, 0.0000000000000000000 ) ) ;
#1435 = LINE ( 'NONE', #1099, #732 ) ;
#1436 = VECTOR ( 'NONE', #460, 1000.000000000000000 ) ;
#1437 = LINE ( 'NONE', #1029, #1424 ) ;
#1438 = ORIENTED_EDGE ( 'NONE', *, *, #654, .F. ) ;
#1439 = CARTESIAN_POINT ( 'NONE',  ( 0.0000000000000000000, 3.362000000000000100, 7.246000000000000400 ) ) ;
#1440 = DIRECTION ( 'NONE',  ( 0.0000000000000000000, 1.000000000000000000, 0.0000000000000000000 ) ) ;
#1441 = VECTOR ( 'NONE', #1031, 1000.000000000000000 ) ;
#1442 = CIRCLE ( 'NONE', #558, 1.800000000000427900 ) ;
#1443 = DIRECTION ( 'NONE',  ( 1.000000000000000000, 0.0000000000000000000, 0.0000000000000000000 ) ) ;
#1444 = LINE ( 'NONE', #1153, #1450 ) ;
#1445 = VECTOR ( 'NONE', #1033, 1000.000000000000000 ) ;
#1446 = CARTESIAN_POINT ( 'NONE',  ( 1.000000000000000200, -4.900000000000001200, 6.599999999999999600 ) ) ;
#1447 = DIRECTION ( 'NONE',  ( -0.0000000000000000000, 1.000000000000000000, 0.0000000000000000000 ) ) ;
#1448 = LINE ( 'NONE', #1165, #1441 ) ;
#1449 = LINE ( 'NONE', #1025, #1417 ) ;
#1450 = VECTOR ( 'NONE', #1122, 1000.000000000000000 ) ;
#1451 = VECTOR ( 'NONE', #1051, 1000.000000000000000 ) ;
#1452 = ORIENTED_EDGE ( 'NONE', *, *, #108, .T. ) ;
#1453 = PLANE ( 'NONE',  #441 ) ;
#1454 = LINE ( 'NONE', #1055, #62 ) ;
#1455 = LINE ( 'NONE', #1128, #1451 ) ;
#1456 = DIRECTION ( 'NONE',  ( 0.0000000000000000000, 0.0000000000000000000, 1.000000000000000000 ) ) ;
#1457 = CIRCLE ( 'NONE', #523, 0.7499999999998231400 ) ;
#1458 = VECTOR ( 'NONE', #1106, 1000.000000000000000 ) ;
#1459 = ORIENTED_EDGE ( 'NONE', *, *, #224, .F. ) ;
#1460 = CARTESIAN_POINT ( 'NONE',  ( 4.599999999999999600, 1.899999999999999900, 6.599999999999998800 ) ) ;
#1461 = LINE ( 'NONE', #1103, #1458 ) ;
#1462 = ORIENTED_EDGE ( 'NONE', *, *, #120, .T. ) ;
#1463 = DIRECTION ( 'NONE',  ( 0.0000000000000000000, 0.0000000000000000000, -1.000000000000000000 ) ) ;
#1464 = DIRECTION ( 'NONE',  ( 0.0000000000000000000, 1.000000000000000000, 0.0000000000000000000 ) ) ;
#1465 = LINE ( 'NONE', #1041, #1445 ) ;
#1466 = CARTESIAN_POINT ( 'NONE',  ( 0.7600000000000000100, 3.000000000000000000, 6.838000000000000100 ) ) ;
#1467 = PLANE ( 'NONE',  #273 ) ;
#1468 = PLANE ( 'NONE',  #331 ) ;
ENDSEC;
END-ISO-10303-21;
