#VRML V2.0 utf8

Group {
children [
Shape {
appearance Appearance {
material Material {
ambientIntensity 0.2
diffuseColor 0.7400 0.7400 0.7400
specularColor 0.4500 0.4500 0.4500
shininess 0.35
}
}
geometry IndexedFaceSet {
coord Coordinate {
point [
2.559055 0.000000 1.500984,
2.440945 -0.151852 1.493283,
2.440945 0.000000 1.500984,
2.559055 -0.151852 1.493283,
2.440945 -0.302146 1.470259,
2.559055 -0.302146 1.470259,
2.440945 -0.449339 1.432148,
2.559055 -0.449339 1.432148,
2.440945 -0.591922 1.379341,
2.559055 -0.591922 1.379341,
2.440945 -0.728431 1.312381,
2.559055 -0.728431 1.312381,
2.440945 -0.857465 1.231953,
2.559055 -0.857465 1.231953,
2.440945 -0.977700 1.138884,
2.559055 -0.977700 1.138884,
2.440945 -1.087903 1.034128,
2.559055 -1.087903 1.034128,
2.440945 -1.186942 0.918761,
2.559055 -1.186942 0.918761,
2.440945 -1.273802 0.793967,
2.559055 -1.273802 0.793967,
2.440945 -1.347591 0.661025,
2.559055 -1.347591 0.661025,
2.440945 -1.407551 0.521300,
2.559055 -1.407551 0.521300,
2.440945 -1.453069 0.376226,
2.559055 -1.453069 0.376226,
2.440945 -1.483675 0.227291,
2.559055 -1.483675 0.227291,
2.440945 -1.499058 0.076024,
2.559055 -1.499058 0.076024,
2.440945 -1.499058 -0.076024,
2.559055 -1.499058 -0.076024,
2.559055 -1.483675 -0.227291,
2.440945 -1.453069 -0.376226,
2.440945 -1.483675 -0.227291,
2.559055 -1.453069 -0.376226,
2.440945 -1.407551 -0.521300,
2.559055 -1.407551 -0.521300,
2.559055 -1.347591 -0.661025,
2.440945 -1.347591 -0.661025,
2.559055 -1.273802 -0.793967,
2.440945 -1.273802 -0.793967,
2.559055 -1.186942 -0.918761,
2.440945 -1.186942 -0.918761,
2.559055 -1.087903 -1.034128,
2.440945 -1.087903 -1.034128,
2.559055 -0.977700 -1.138884,
2.440945 -0.857465 -1.231953,
2.440945 -0.977700 -1.138884,
2.559055 -0.857465 -1.231953,
2.559055 -0.728431 -1.312381,
2.440945 -0.728431 -1.312381,
2.559055 -0.591922 -1.379341,
2.440945 -0.449339 -1.432148,
2.440945 -0.591922 -1.379341,
2.559055 -0.449339 -1.432148,
2.559055 -0.302146 -1.470259,
2.440945 -0.302146 -1.470259,
2.559055 -0.151852 -1.493283,
2.440945 0.000000 -1.500984,
2.440945 -0.151852 -1.493283,
2.559055 0.000000 -1.500984,
2.952756 0.000000 1.633858,
5.314961 0.000000 1.633858,
5.314961 0.160146 1.625991,
2.952756 0.160146 1.625991,
5.314961 0.318750 1.602464,
2.952756 0.318750 1.602464,
5.314961 0.474284 1.563505,
2.952756 0.474284 1.563505,
5.314961 0.625250 1.509488,
2.952756 0.625250 1.509488,
5.314961 0.770195 1.440934,
2.952756 0.770195 1.440934,
5.314961 0.907723 1.358504,
2.952756 0.907723 1.358504,
5.314961 1.036509 1.262989,
2.952756 1.036509 1.262989,
5.314961 1.155312 1.155312,
2.952756 1.155312 1.155312,
5.314961 1.262989 1.036509,
2.952756 1.262989 1.036509,
5.314961 1.358504 0.907723,
2.952756 1.358504 0.907723,
5.314961 1.440934 0.770195,
2.952756 1.440934 0.770195,
5.314961 1.509488 0.625250,
2.952756 1.509488 0.625250,
5.314961 1.563505 0.474284,
2.952756 1.563505 0.474284,
2.952756 1.602464 0.318750,
5.314961 1.602464 0.318750,
5.314961 1.625991 0.160146,
2.952756 1.625991 0.160146,
5.314961 1.633858 0.000000,
2.952756 1.633858 -0.000000,
5.314961 1.625991 -0.160146,
2.952756 1.625991 -0.160146,
5.314961 1.602464 -0.318750,
2.952756 1.602464 -0.318750,
2.952756 1.563505 -0.474284,
5.314961 1.563505 -0.474284,
5.314961 1.509488 -0.625250,
2.952756 1.509488 -0.625250,
5.314961 1.440934 -0.770195,
2.952756 1.440934 -0.770195,
5.314961 1.358504 -0.907723,
2.952756 1.358504 -0.907723,
5.314961 1.262989 -1.036509,
2.952756 1.262989 -1.036509,
2.952756 1.155312 -1.155312,
5.314961 1.155312 -1.155312,
5.314961 1.036509 -1.262989,
2.952756 1.036509 -1.262989,
2.952756 0.907723 -1.358504,
5.314961 0.907723 -1.358504,
5.314961 0.770195 -1.440934,
2.952756 0.770195 -1.440934,
5.314961 0.625250 -1.509488,
2.952756 0.625250 -1.509488,
2.952756 0.474284 -1.563505,
5.314961 0.474284 -1.563505,
5.314961 0.318750 -1.602464,
2.952756 0.318750 -1.602464,
5.314961 0.160146 -1.625991,
2.952756 0.160146 -1.625991,
2.952756 0.000000 -1.633858,
5.314961 0.000000 -1.633858,
5.561024 -0.132241 -1.173676,
5.708661 0.000000 -1.181102,
5.561024 0.000000 -1.181102,
5.708661 -0.132241 -1.173676,
5.561024 -0.262820 -1.151490,
5.708661 -0.262820 -1.151490,
5.561024 -0.390093 -1.114823,
5.708661 -0.390093 -1.114823,
5.561024 -0.512461 -1.064137,
5.708661 -0.512461 -1.064137,
5.561024 -0.628384 -1.000068,
5.708661 -0.628384 -1.000068,
5.561024 -0.736405 -0.923423,
5.708661 -0.835165 -0.835165,
5.708661 -0.736405 -0.923423,
5.561024 -0.835165 -0.835165,
5.561024 -0.923423 -0.736405,
5.708661 -1.000068 -0.628384,
5.708661 -0.923423 -0.736405,
5.561024 -1.000068 -0.628384,
5.561024 -1.064137 -0.512461,
5.708661 -1.114823 -0.390093,
5.708661 -1.064137 -0.512461,
5.561024 -1.114823 -0.390093,
5.561024 -1.151490 -0.262820,
5.708661 -1.151490 -0.262820,
5.561024 -1.173676 -0.132241,
5.708661 -1.173676 -0.132241,
5.561024 -1.181102 -0.000000,
5.708661 -1.181102 0.000000,
5.561024 -1.173676 0.132241,
5.708661 -1.173676 0.132241,
5.561024 -1.151490 0.262820,
5.708661 -1.151490 0.262820,
5.561024 -1.114823 0.390093,
5.708661 -1.114823 0.390093,
5.561024 -1.064137 0.512461,
5.708661 -1.064137 0.512461,
5.561024 -1.000068 0.628384,
5.708661 -0.923423 0.736405,
5.708661 -1.000068 0.628384,
5.561024 -0.923423 0.736405,
5.561024 -0.835165 0.835165,
5.708661 -0.835165 0.835165,
5.561024 -0.736405 0.923423,
5.708661 -0.736405 0.923423,
5.561024 -0.628384 1.000068,
5.708661 -0.628384 1.000068,
5.561024 -0.512461 1.064137,
5.708661 -0.512461 1.064137,
5.561024 -0.390093 1.114823,
5.708661 -0.390093 1.114823,
5.561024 -0.262820 1.151490,
5.708661 -0.262820 1.151490,
5.561024 -0.132241 1.173676,
5.708661 0.000000 1.181102,
5.708661 -0.132241 1.173676,
5.561024 0.000000 1.181102,
5.391768 0.000000 1.626293,
5.314961 0.160146 1.625991,
5.314961 0.000000 1.633858,
5.391768 0.159405 -1.618462,
5.314961 0.000000 -1.633858,
5.314961 0.160146 -1.625991,
5.391768 0.000000 -1.626293,
5.465624 0.157209 -1.596167,
5.465624 0.000000 -1.603890,
5.391768 0.317274 -1.595045,
5.314961 0.318750 -1.602464,
5.533689 0.153643 -1.559960,
5.533689 0.000000 -1.567508,
5.465624 0.312903 -1.573071,
5.593349 0.148844 -1.511234,
5.593349 0.000000 -1.518546,
5.391768 0.472088 -1.556266,
5.314961 0.474284 -1.563505,
5.533689 0.305806 -1.537389,
5.642311 0.142996 -1.451861,
5.642311 0.000000 -1.458886,
5.391768 0.537131 -1.535031,
5.314961 0.625250 -1.509488,
5.465624 0.465585 -1.534827,
5.593349 0.296254 -1.489368,
5.678693 0.136324 -1.384123,
5.678693 0.000000 -1.390820,
5.465624 0.529731 -1.513885,
5.391768 0.622356 -1.502499,
5.533689 0.455024 -1.500011,
5.642311 0.284615 -1.430854,
5.701096 0.129085 -1.310623,
5.708661 0.138854 -1.232359,
5.708661 0.000000 -1.240157,
5.701096 0.000000 -1.316965,
5.533689 0.517715 -1.479544,
5.465624 0.613782 -1.481801,
5.391768 0.705622 -1.465240,
5.314961 0.770195 -1.440934,
5.593349 0.440811 -1.453158,
5.678693 0.271335 -1.364096,
5.391768 0.766630 -1.434263,
5.593349 0.501544 -1.433330,
5.533689 0.599859 -1.448188,
5.465624 0.695902 -1.445055,
5.642311 0.423492 -1.396067,
5.701096 0.256927 -1.291659,
5.708661 0.275961 -1.209064,
5.465624 0.756068 -1.414504,
5.642311 0.481839 -1.377018,
5.593349 0.581122 -1.402954,
5.533689 0.680116 -1.412276,
5.678693 0.403734 -1.330932,
5.391768 0.865240 -1.377022,
5.314961 0.907723 -1.358504,
5.391768 0.903520 -1.352214,
5.533689 0.738918 -1.382419,
5.678693 0.459359 -1.312772,
5.642311 0.558291 -1.347835,
5.593349 0.658872 -1.368163,
5.701096 0.382294 -1.260257,
5.708661 0.409598 -1.170564,
5.465624 0.853321 -1.358052,
5.465624 0.891073 -1.333585,
5.593349 0.715838 -1.339238,
5.701096 0.434966 -1.243061,
5.678693 0.532244 -1.284950,
5.642311 0.632987 -1.314411,
5.533689 0.833964 -1.327247,
5.391768 1.013977 -1.271487,
5.314961 1.036509 -1.262989,
5.533689 0.870861 -1.303335,
5.642311 0.687714 -1.286622,
5.701096 0.503981 -1.216717,
5.708661 0.538084 -1.117343,
5.678693 0.603454 -1.253086,
5.593349 0.807915 -1.285790,
5.465624 1.000009 -1.253971,
5.593349 0.843659 -1.262625,
5.678693 0.655628 -1.226594,
5.701096 0.571409 -1.186544,
5.642311 0.776174 -1.235274,
5.533689 0.977325 -1.225527,
5.391768 1.149963 -1.149963,
5.314961 1.155312 -1.155312,
5.642311 0.810514 -1.213019,
5.701096 0.620813 -1.161459,
5.708661 0.659804 -1.050071,
5.678693 0.739961 -1.177641,
5.593349 0.946798 -1.187247,
5.465624 1.134121 -1.134121,
5.678693 0.772698 -1.156425,
5.701096 0.700667 -1.115106,
5.391768 1.257142 -1.031710,
5.314961 1.262989 -1.036509,
5.314961 1.358504 -0.907723,
5.642311 0.909600 -1.140603,
5.533689 1.108395 -1.108395,
5.701096 0.731667 -1.095016,
5.708661 0.773226 -0.969594,
5.465624 1.239824 -1.017497,
5.678693 0.867162 -1.087387,
5.593349 1.073774 -1.073774,
5.391768 1.352214 -0.903520,
5.533689 1.211700 -0.994417,
5.701096 0.821114 -1.029644,
5.642311 1.031588 -1.031588,
5.465624 1.333585 -0.891073,
5.593349 1.173852 -0.963356,
5.678693 0.983458 -0.983458,
5.391768 1.434263 -0.766630,
5.314961 1.440934 -0.770195,
5.533689 1.303335 -0.870861,
5.642311 1.127734 -0.925507,
5.701096 0.931235 -0.931235,
5.708661 0.876924 -0.876924,
5.391768 1.465240 -0.705622,
5.314961 1.509488 -0.625250,
5.465624 1.414504 -0.756068,
5.593349 1.262625 -0.843659,
5.678693 1.075119 -0.882327,
5.465624 1.445055 -0.695902,
5.391768 1.502499 -0.622356,
5.533689 1.382419 -0.738918,
5.642311 1.213019 -0.810514,
5.701096 1.018028 -0.835474,
5.708661 0.969594 -0.773226,
5.533689 1.412276 -0.680116,
5.465624 1.481801 -0.613782,
5.391768 1.535031 -0.537131,
5.314961 1.563505 -0.474284,
5.593349 1.339238 -0.715838,
5.678693 1.156425 -0.772698,
5.391768 1.556266 -0.472088,
5.593349 1.368163 -0.658872,
5.533689 1.448188 -0.599859,
5.465624 1.513885 -0.529731,
5.642311 1.286622 -0.687714,
5.701096 1.095016 -0.731667,
5.708661 1.050071 -0.659804,
5.465624 1.534827 -0.465585,
5.642311 1.314411 -0.632987,
5.593349 1.402954 -0.581122,
5.533689 1.479544 -0.517715,
5.678693 1.226594 -0.655628,
5.391768 1.585519 -0.361884,
5.314961 1.602464 -0.318750,
5.391768 1.595045 -0.317274,
5.533689 1.500011 -0.455024,
5.678693 1.253086 -0.603454,
5.642311 1.347835 -0.558291,
5.593349 1.433330 -0.501544,
5.701096 1.161459 -0.620813,
5.708661 1.117343 -0.538084,
5.465624 1.563677 -0.356899,
5.465624 1.573071 -0.312903,
5.593349 1.453158 -0.440811,
5.701096 1.186544 -0.571409,
5.678693 1.284950 -0.532244,
5.642311 1.377018 -0.481839,
5.533689 1.528207 -0.348803,
5.391768 1.616068 -0.182087,
5.314961 1.625991 -0.160146,
5.533689 1.537389 -0.305806,
5.642311 1.396067 -0.423492,
5.701096 1.216717 -0.503981,
5.708661 1.170564 -0.409598,
5.678693 1.312772 -0.459359,
5.593349 1.480473 -0.337908,
5.465624 1.593805 -0.179579,
5.593349 1.489368 -0.296254,
5.678693 1.330932 -0.403734,
5.701096 1.243061 -0.434966,
5.642311 1.422309 -0.324633,
5.533689 1.557652 -0.175505,
5.391768 1.626293 0.000000,
5.314961 1.633858 0.000000,
5.314961 1.625991 0.160146,
5.642311 1.430854 -0.284615,
5.701096 1.260257 -0.382294,
5.708661 1.209064 -0.275961,
5.678693 1.355950 -0.309487,
5.593349 1.508998 -0.170023,
5.465624 1.603890 0.000000,
5.678693 1.364096 -0.271335,
5.701096 1.283946 -0.293052,
5.391768 1.618462 0.159405,
5.642311 1.449713 -0.163343,
5.533689 1.567508 0.000000,
5.701096 1.291659 -0.256927,
5.708661 1.232359 -0.138854,
5.465624 1.596167 0.157209,
5.678693 1.382075 -0.155722,
5.593349 1.518546 0.000000,
5.391768 1.595045 0.317274,
5.314961 1.602464 0.318750,
5.533689 1.559960 0.153643,
5.701096 1.308684 -0.147453,
5.708661 1.240157 -0.000000,
5.642311 1.458886 0.000000,
5.465624 1.573071 0.312903,
5.593349 1.511234 0.148844,
5.678693 1.390820 0.000000,
5.391768 1.556266 0.472088,
5.314961 1.563505 0.474284,
5.533689 1.537389 0.305806,
5.642311 1.451861 0.142996,
5.701096 1.316965 0.000000,
5.391768 1.535031 0.537131,
5.314961 1.509488 0.625250,
5.465624 1.534827 0.465585,
5.593349 1.489368 0.296254,
5.678693 1.384123 0.136324,
5.465624 1.513885 0.529731,
5.391768 1.502499 0.622356,
5.533689 1.500011 0.455024,
5.642311 1.430854 0.284615,
5.701096 1.310623 0.129085,
5.708661 1.232359 0.138854,
5.533689 1.479544 0.517715,
5.465624 1.481801 0.613782,
5.391768 1.465240 0.705622,
5.314961 1.440934 0.770195,
5.593349 1.453158 0.440811,
5.678693 1.364096 0.271335,
5.391768 1.434263 0.766630,
5.593349 1.433330 0.501544,
5.533689 1.448188 0.599859,
5.465624 1.445055 0.695902,
5.642311 1.396067 0.423492,
5.701096 1.291659 0.256927,
5.708661 1.209064 0.275961,
5.465624 1.414504 0.756068,
5.642311 1.377018 0.481839,
5.593349 1.402954 0.581122,
5.533689 1.412276 0.680116,
5.678693 1.330932 0.403734,
5.391768 1.377022 0.865240,
5.314961 1.358504 0.907723,
5.533689 1.382419 0.738918,
5.678693 1.312772 0.459359,
5.642311 1.347835 0.558291,
5.593349 1.368163 0.658872,
5.701096 1.260257 0.382294,
5.708661 1.170564 0.409598,
5.465624 1.358052 0.853321,
5.593349 1.339238 0.715838,
5.701096 1.243061 0.434966,
5.678693 1.284950 0.532244,
5.642311 1.314411 0.632987,
5.533689 1.327247 0.833964,
5.391768 1.271487 1.013977,
5.314961 1.262989 1.036509,
5.642311 1.286622 0.687714,
5.701096 1.216717 0.503981,
5.708661 1.117343 0.538084,
5.678693 1.253086 0.603454,
5.593349 1.285790 0.807915,
5.465624 1.253971 1.000009,
5.678693 1.226594 0.655628,
5.701096 1.186544 0.571409,
5.642311 1.235274 0.776174,
5.533689 1.225527 0.977325,
5.391768 1.149963 1.149963,
5.314961 1.155312 1.155312,
5.701096 1.161459 0.620813,
5.708661 1.050071 0.659804,
5.678693 1.177641 0.739961,
5.593349 1.187247 0.946798,
5.465624 1.134121 1.134121,
5.701096 1.115106 0.700667,
5.391768 1.031710 1.257142,
5.314961 1.036509 1.262989,
5.314961 0.907723 1.358504,
5.642311 1.140603 0.909600,
5.533689 1.108395 1.108395,
5.465624 1.017497 1.239824,
5.678693 1.087387 0.867162,
5.593349 1.073774 1.073774,
5.391768 0.903520 1.352214,
5.533689 0.994417 1.211700,
5.701096 1.029644 0.821114,
5.708661 0.969594 0.773226,
5.642311 1.031588 1.031588,
5.391768 0.865240 1.377022,
5.314961 0.770195 1.440934,
5.465624 0.891073 1.333585,
5.593349 0.963356 1.173852,
5.678693 0.983458 0.983458,
5.465624 0.853321 1.358052,
5.391768 0.766630 1.434263,
5.533689 0.870861 1.303335,
5.642311 0.925507 1.127734,
5.701096 0.931235 0.931235,
5.708661 0.876924 0.876924,
5.533689 0.833964 1.327247,
5.391768 0.705622 1.465240,
5.314961 0.625250 1.509488,
5.465624 0.756068 1.414504,
5.593349 0.843659 1.262625,
5.678693 0.882327 1.075119,
5.593349 0.807915 1.285790,
5.465624 0.695902 1.445055,
5.391768 0.622356 1.502499,
5.533689 0.738918 1.382419,
5.642311 0.810514 1.213019,
5.701096 0.835474 1.018028,
5.708661 0.773226 0.969594,
5.642311 0.776174 1.235274,
5.533689 0.680116 1.412276,
5.465624 0.613782 1.481801,
5.391768 0.537131 1.535031,
5.314961 0.474284 1.563505,
5.593349 0.715838 1.339238,
5.678693 0.772698 1.156425,
5.678693 0.739961 1.177641,
5.391768 0.472088 1.556266,
5.593349 0.658872 1.368163,
5.533689 0.599859 1.448188,
5.465624 0.529731 1.513885,
5.642311 0.687714 1.286622,
5.701096 0.731667 1.095016,
5.708661 0.659804 1.050071,
5.701096 0.700667 1.115106,
5.465624 0.465585 1.534827,
5.642311 0.632987 1.314411,
5.593349 0.581122 1.402954,
5.533689 0.517715 1.479544,
5.678693 0.655628 1.226594,
5.391768 0.361884 1.585519,
5.314961 0.318750 1.602464,
5.533689 0.455024 1.500011,
5.678693 0.603454 1.253086,
5.642311 0.558291 1.347835,
5.593349 0.501544 1.433330,
5.701096 0.620813 1.161459,
5.708661 0.538084 1.117343,
5.465624 0.356899 1.563677,
5.593349 0.440811 1.453158,
5.701096 0.571409 1.186544,
5.678693 0.532244 1.284950,
5.642311 0.481839 1.377018,
5.533689 0.348803 1.528207,
5.391768 0.182087 1.616068,
5.642311 0.423492 1.396067,
5.701096 0.503981 1.216717,
5.708661 0.409598 1.170564,
5.678693 0.459359 1.312772,
5.593349 0.337908 1.480473,
5.465624 0.179579 1.593805,
5.465624 0.000000 1.603890,
5.678693 0.403734 1.330932,
5.701096 0.434966 1.243061,
5.642311 0.324633 1.422309,
5.533689 0.175505 1.557652,
5.533689 0.000000 1.567508,
5.701096 0.382294 1.260257,
5.708661 0.275961 1.209064,
5.678693 0.309487 1.355950,
5.593349 0.170023 1.508998,
5.593349 0.000000 1.518546,
5.701096 0.293052 1.283946,
5.708661 0.138854 1.232359,
5.642311 0.163343 1.449713,
5.642311 0.000000 1.458886,
5.678693 0.155722 1.382075,
5.678693 0.000000 1.390820,
5.701096 0.147453 1.308684,
5.701096 0.000000 1.316965,
5.708661 0.000000 1.240157,
2.566620 0.000000 1.950752,
2.559055 0.000000 2.027559,
2.559055 -0.176713 2.019844,
2.952756 0.000000 1.633858,
2.875949 0.000000 1.641423,
2.952756 -0.160146 1.625991,
2.566620 -0.170019 -1.943329,
2.559055 0.000000 -2.027559,
2.566620 0.000000 -1.950752,
2.559055 -0.176713 -2.019844,
2.589024 -0.163582 -1.869754,
2.589024 0.000000 -1.876896,
2.625406 -0.157650 -1.801948,
2.625406 0.000000 -1.808831,
2.566620 -0.338744 -1.921115,
2.559055 -0.352082 -1.996756,
2.674367 -0.152450 -1.742515,
2.674367 0.000000 -1.749170,
2.589024 -0.325920 -1.848382,
2.734028 -0.148183 -1.693739,
2.734028 0.000000 -1.700209,
2.625406 -0.314100 -1.781350,
2.566620 -0.504892 -1.884281,
2.559055 -0.524771 -1.958472,
2.566620 -0.566273 -1.866753,
2.559055 -0.693466 -1.905282,
2.802093 -0.145012 -1.657496,
2.802093 0.000000 -1.663827,
2.674367 -0.303740 -1.722597,
2.589024 -0.485776 -1.812943,
2.589024 -0.544834 -1.796078,
2.875949 -0.143059 -1.635177,
2.952756 0.000000 -1.633858,
2.952756 -0.160146 -1.625991,
2.875949 0.000000 -1.641423,
2.734028 -0.295238 -1.674379,
2.625406 -0.468160 -1.747196,
2.566620 -0.667196 -1.833107,
2.625406 -0.525076 -1.730943,
2.802093 -0.288920 -1.638550,
2.674367 -0.452719 -1.689569,
2.589024 -0.641936 -1.763706,
2.566620 -0.746520 -1.802260,
2.559055 -0.856883 -1.837593,
2.674367 -0.507757 -1.673852,
2.875949 -0.285030 -1.616486,
2.952756 -0.318750 -1.602464,
2.734028 -0.440046 -1.642276,
2.625406 -0.618657 -1.699745,
2.589024 -0.718257 -1.734026,
2.566620 -0.824423 -1.767981,
2.734028 -0.493544 -1.626998,
2.802093 -0.430630 -1.607133,
2.674367 -0.598252 -1.643683,
2.625406 -0.692209 -1.671141,
2.589024 -0.793211 -1.701046,
2.566620 -0.919578 -1.720409,
2.559055 -1.013780 -1.755918,
2.802093 -0.482983 -1.592183,
2.875949 -0.424831 -1.585493,
2.952756 -0.474284 -1.563505,
2.734028 -0.581506 -1.597674,
2.674367 -0.669379 -1.616023,
2.625406 -0.764445 -1.639357,
2.566620 -0.975376 -1.689401,
2.589024 -0.884763 -1.655275,
2.875949 -0.476480 -1.570744,
2.802093 -0.569062 -1.563486,
2.734028 -0.650642 -1.570788,
2.674367 -0.739231 -1.585287,
2.589024 -0.938448 -1.625440,
2.625406 -0.852677 -1.595246,
2.566620 -1.083780 -1.621991,
2.559055 -1.162960 -1.660879,
2.875949 -0.561400 -1.542433,
2.952756 -0.625250 -1.509488,
2.802093 -0.636719 -1.537176,
2.734028 -0.718539 -1.540913,
2.625406 -0.904415 -1.566493,
2.674367 -0.824553 -1.542631,
2.589024 -1.042748 -1.560582,
2.875949 -0.628145 -1.516477,
2.802093 -0.703164 -1.507939,
2.674367 -0.874585 -1.514826,
2.734028 -0.801473 -1.499450,
2.625406 -1.004932 -1.503988,
2.566620 -1.237544 -1.507952,
2.559055 -1.303290 -1.553200,
2.875949 -0.693695 -1.487635,
2.952756 -0.770195 -1.440934,
2.734028 -0.850104 -1.472424,
2.802093 -0.784322 -1.467365,
2.674367 -0.971787 -1.454382,
2.589024 -1.190691 -1.450860,
2.802093 -0.831913 -1.440917,
2.875949 -0.773761 -1.447606,
2.734028 -0.944585 -1.413672,
2.625406 -1.147510 -1.398245,
2.875949 -0.820711 -1.421514,
2.952756 -0.907723 -1.358504,
2.566620 -1.379390 -1.379390,
2.559055 -1.433701 -1.433701,
2.802093 -0.924373 -1.383422,
2.674367 -1.109662 -1.352127,
2.589024 -1.327166 -1.327166,
2.875949 -0.911926 -1.364793,
2.734028 -1.078601 -1.314279,
2.625406 -1.279036 -1.279036,
2.566620 -1.494363 -1.253919,
2.559055 -1.553200 -1.303290,
2.559055 -1.660879 -1.162960,
2.802093 -1.055520 -1.286156,
2.674367 -1.236850 -1.236850,
2.589024 -1.437786 -1.206446,
2.875949 -1.041308 -1.268837,
2.952756 -1.036509 -1.262989,
2.952756 -1.155312 -1.155312,
2.734028 -1.202229 -1.202229,
2.625406 -1.385644 -1.162694,
2.566620 -1.597963 -1.118905,
2.802093 -1.176503 -1.176503,
2.674367 -1.339943 -1.124345,
2.589024 -1.537463 -1.076544,
2.875949 -1.160661 -1.160661,
2.734028 -1.302435 -1.092873,
2.625406 -1.481707 -1.037503,
2.566620 -1.689401 -0.975376,
2.559055 -1.755918 -1.013780,
2.566620 -1.720409 -0.919578,
2.559055 -1.837593 -0.856883,
2.802093 -1.274565 -1.069487,
2.674367 -1.432837 -1.003283,
2.589024 -1.625440 -0.938448,
2.589024 -1.655275 -0.884763,
2.875949 -1.257403 -1.055086,
2.952756 -1.262989 -1.036509,
2.734028 -1.392730 -0.975200,
2.625406 -1.566493 -0.904415,
2.566620 -1.767981 -0.824423,
2.625406 -1.595246 -0.852677,
2.802093 -1.362927 -0.954332,
2.674367 -1.514826 -0.874585,
2.589024 -1.701046 -0.793211,
2.566620 -1.802260 -0.746520,
2.559055 -1.905282 -0.693466,
2.674367 -1.542631 -0.824553,
2.875949 -1.344575 -0.941481,
2.952756 -1.358504 -0.907723,
2.734028 -1.472424 -0.850104,
2.625406 -1.639357 -0.764445,
2.589024 -1.734026 -0.718257,
2.566620 -1.833107 -0.667196,
2.734028 -1.499450 -0.801473,
2.802093 -1.440917 -0.831913,
2.674367 -1.585287 -0.739231,
2.625406 -1.671141 -0.692209,
2.589024 -1.763706 -0.641936,
2.566620 -1.866753 -0.566273,
2.559055 -1.958472 -0.524771,
2.802093 -1.467365 -0.784322,
2.875949 -1.421514 -0.820711,
2.952756 -1.440934 -0.770195,
2.734028 -1.540913 -0.718539,
2.674367 -1.616023 -0.669379,
2.625406 -1.699745 -0.618657,
2.566620 -1.884281 -0.504892,
2.589024 -1.796078 -0.544834,
2.875949 -1.447606 -0.773761,
2.802093 -1.507939 -0.703164,
2.734028 -1.570788 -0.650642,
2.674367 -1.643683 -0.598252,
2.589024 -1.812943 -0.485776,
2.625406 -1.730943 -0.525076,
2.566620 -1.913269 -0.380573,
2.559055 -1.996756 -0.352082,
2.875949 -1.487635 -0.693695,
2.952756 -1.509488 -0.625250,
2.802093 -1.537176 -0.636719,
2.734028 -1.597674 -0.581506,
2.625406 -1.747196 -0.468160,
2.674367 -1.673852 -0.507757,
2.589024 -1.840832 -0.366164,
2.875949 -1.516477 -0.628145,
2.802093 -1.563486 -0.569062,
2.674367 -1.689569 -0.452719,
2.734028 -1.626998 -0.493544,
2.625406 -1.774074 -0.352885,
2.566620 -1.941358 -0.191207,
2.559055 -2.019844 -0.176713,
2.875949 -1.542433 -0.561400,
2.952756 -1.563505 -0.474284,
2.734028 -1.642276 -0.440046,
2.802093 -1.592183 -0.482983,
2.674367 -1.715561 -0.341246,
2.589024 -1.867858 -0.183968,
2.802093 -1.607133 -0.430630,
2.875949 -1.570744 -0.476480,
2.734028 -1.667540 -0.331694,
2.625406 -1.800120 -0.177296,
2.875949 -1.585493 -0.424831,
2.952756 -1.602464 -0.318750,
2.566620 -1.950752 0.000000,
2.559055 -2.027559 -0.000000,
2.802093 -1.631857 -0.324596,
2.674367 -1.740748 -0.171449,
2.589024 -1.876896 0.000000,
2.875949 -1.609884 -0.320226,
2.734028 -1.692022 -0.166650,
2.625406 -1.808831 0.000000,
2.566620 -1.943329 0.170019,
2.559055 -2.019844 0.176713,
2.802093 -1.655815 -0.163083,
2.674367 -1.749170 0.000000,
2.589024 -1.869754 0.163582,
2.875949 -1.633519 -0.160888,
2.952756 -1.625991 -0.160146,
2.734028 -1.700209 0.000000,
2.625406 -1.801948 0.157650,
2.566620 -1.921115 0.338744,
2.559055 -1.996756 0.352082,
2.802093 -1.663827 0.000000,
2.674367 -1.742515 0.152450,
2.589024 -1.848382 0.325920,
2.875949 -1.641423 0.000000,
2.952756 -1.633858 -0.000000,
2.734028 -1.693739 0.148183,
2.625406 -1.781350 0.314100,
2.566620 -1.884281 0.504892,
2.559055 -1.958472 0.524771,
2.566620 -1.866753 0.566273,
2.559055 -1.905282 0.693466,
2.802093 -1.657496 0.145012,
2.674367 -1.722597 0.303740,
2.589024 -1.812943 0.485776,
2.589024 -1.796078 0.544834,
2.875949 -1.635177 0.143059,
2.952756 -1.625991 0.160146,
2.734028 -1.674379 0.295238,
2.625406 -1.747196 0.468160,
2.566620 -1.833107 0.667196,
2.625406 -1.730943 0.525076,
2.802093 -1.638550 0.288920,
2.674367 -1.689569 0.452719,
2.589024 -1.763706 0.641936,
2.566620 -1.802260 0.746520,
2.559055 -1.837593 0.856883,
2.674367 -1.673852 0.507757,
2.875949 -1.616486 0.285030,
2.952756 -1.602464 0.318750,
2.734028 -1.642276 0.440046,
2.625406 -1.699745 0.618657,
2.589024 -1.734026 0.718257,
2.566620 -1.767981 0.824423,
2.734028 -1.626998 0.493544,
2.802093 -1.607133 0.430630,
2.674367 -1.643683 0.598252,
2.625406 -1.671141 0.692209,
2.589024 -1.701046 0.793211,
2.566620 -1.720409 0.919578,
2.559055 -1.755918 1.013780,
2.802093 -1.592183 0.482983,
2.875949 -1.585493 0.424831,
2.952756 -1.563505 0.474284,
2.734028 -1.597674 0.581506,
2.674367 -1.616023 0.669379,
2.625406 -1.639357 0.764445,
2.566620 -1.689401 0.975376,
2.589024 -1.655275 0.884763,
2.875949 -1.570744 0.476480,
2.802093 -1.563486 0.569062,
2.734028 -1.570788 0.650642,
2.674367 -1.585287 0.739231,
2.589024 -1.625440 0.938448,
2.625406 -1.595246 0.852677,
2.566620 -1.621991 1.083780,
2.559055 -1.660879 1.162960,
2.875949 -1.542433 0.561400,
2.952756 -1.509488 0.625250,
2.802093 -1.537176 0.636719,
2.734028 -1.540913 0.718539,
2.625406 -1.566493 0.904415,
2.674367 -1.542631 0.824553,
2.589024 -1.560582 1.042748,
2.875949 -1.516477 0.628145,
2.802093 -1.507939 0.703164,
2.674367 -1.514826 0.874585,
2.734028 -1.499450 0.801473,
2.625406 -1.503988 1.004932,
2.566620 -1.507952 1.237544,
2.559055 -1.553200 1.303290,
2.875949 -1.487635 0.693695,
2.952756 -1.440934 0.770195,
2.734028 -1.472424 0.850104,
2.802093 -1.467365 0.784322,
2.674367 -1.454382 0.971787,
2.589024 -1.450860 1.190691,
2.802093 -1.440917 0.831913,
2.875949 -1.447606 0.773761,
2.734028 -1.413672 0.944585,
2.625406 -1.398245 1.147510,
2.875949 -1.421514 0.820711,
2.952756 -1.358504 0.907723,
2.566620 -1.379390 1.379390,
2.559055 -1.433701 1.433701,
2.802093 -1.383422 0.924373,
2.674367 -1.352127 1.109662,
2.589024 -1.327166 1.327166,
2.875949 -1.364793 0.911926,
2.734028 -1.314279 1.078601,
2.625406 -1.279036 1.279036,
2.566620 -1.253919 1.494363,
2.559055 -1.303290 1.553200,
2.802093 -1.286156 1.055520,
2.674367 -1.236850 1.236850,
2.589024 -1.206446 1.437786,
2.875949 -1.268837 1.041308,
2.952756 -1.262989 1.036509,
2.734028 -1.202229 1.202229,
2.625406 -1.162694 1.385644,
2.566620 -1.118905 1.597963,
2.559055 -1.162960 1.660879,
2.802093 -1.176503 1.176503,
2.674367 -1.124345 1.339943,
2.589024 -1.076544 1.537463,
2.875949 -1.160661 1.160661,
2.952756 -1.155312 1.155312,
2.734028 -1.092873 1.302435,
2.625406 -1.037503 1.481707,
2.566620 -0.975376 1.689401,
2.559055 -1.013780 1.755918,
2.566620 -0.919578 1.720409,
2.559055 -0.856883 1.837593,
2.802093 -1.069487 1.274565,
2.674367 -1.003283 1.432837,
2.589024 -0.938448 1.625440,
2.589024 -0.884763 1.655275,
2.875949 -1.055086 1.257403,
2.952756 -1.036509 1.262989,
2.734028 -0.975200 1.392730,
2.625406 -0.904415 1.566493,
2.566620 -0.824423 1.767981,
2.625406 -0.852677 1.595246,
2.802093 -0.954332 1.362927,
2.674367 -0.874585 1.514826,
2.589024 -0.793211 1.701046,
2.566620 -0.746520 1.802260,
2.559055 -0.693466 1.905282,
2.674367 -0.824553 1.542631,
2.875949 -0.941481 1.344575,
2.952756 -0.907723 1.358504,
2.734028 -0.850104 1.472424,
2.625406 -0.764445 1.639357,
2.589024 -0.718257 1.734026,
2.566620 -0.667196 1.833107,
2.734028 -0.801473 1.499450,
2.802093 -0.831913 1.440917,
2.674367 -0.739231 1.585287,
2.625406 -0.692209 1.671141,
2.589024 -0.641936 1.763706,
2.566620 -0.566273 1.866753,
2.559055 -0.524771 1.958472,
2.802093 -0.784322 1.467365,
2.875949 -0.820711 1.421514,
2.952756 -0.770195 1.440934,
2.734028 -0.718539 1.540913,
2.674367 -0.669379 1.616023,
2.625406 -0.618657 1.699745,
2.566620 -0.504892 1.884281,
2.589024 -0.544834 1.796078,
2.875949 -0.773761 1.447606,
2.802093 -0.703164 1.507939,
2.734028 -0.650642 1.570788,
2.674367 -0.598252 1.643683,
2.589024 -0.485776 1.812943,
2.625406 -0.525076 1.730943,
2.566620 -0.380573 1.913269,
2.559055 -0.352082 1.996756,
2.875949 -0.693695 1.487635,
2.952756 -0.625250 1.509488,
2.802093 -0.636719 1.537176,
2.734028 -0.581506 1.597674,
2.625406 -0.468160 1.747196,
2.674367 -0.507757 1.673852,
2.589024 -0.366164 1.840832,
2.875949 -0.628145 1.516477,
2.802093 -0.569062 1.563486,
2.674367 -0.452719 1.689569,
2.734028 -0.493544 1.626998,
2.625406 -0.352885 1.774074,
2.566620 -0.191207 1.941358,
2.875949 -0.561400 1.542433,
2.952756 -0.474284 1.563505,
2.734028 -0.440046 1.642276,
2.802093 -0.482983 1.592183,
2.674367 -0.341246 1.715561,
2.589024 -0.183968 1.867858,
2.589024 0.000000 1.876896,
2.625406 0.000000 1.808831,
2.802093 -0.430630 1.607133,
2.875949 -0.476480 1.570744,
2.734028 -0.331694 1.667540,
2.625406 -0.177296 1.800120,
2.875949 -0.424831 1.585493,
2.952756 -0.318750 1.602464,
2.802093 -0.324596 1.631857,
2.674367 -0.171449 1.740748,
2.674367 0.000000 1.749170,
2.875949 -0.320226 1.609884,
2.734028 -0.166650 1.692022,
2.734028 0.000000 1.700209,
2.802093 0.000000 1.663827,
2.802093 -0.163083 1.655815,
2.875949 -0.160888 1.633519,
2.566620 0.000000 -1.950752,
2.559055 0.000000 -2.027559,
2.559055 0.176713 -2.019844,
2.566620 0.170019 1.943329,
2.559055 0.000000 2.027559,
2.566620 0.000000 1.950752,
2.559055 0.176713 2.019844,
2.589024 0.163582 1.869754,
2.589024 0.000000 1.876896,
2.625406 0.157650 1.801948,
2.625406 0.000000 1.808831,
2.566620 0.338744 1.921115,
2.559055 0.352082 1.996756,
2.674367 0.152450 1.742515,
2.674367 0.000000 1.749170,
2.589024 0.325920 1.848382,
2.734028 0.148183 1.693739,
2.734028 0.000000 1.700209,
2.625406 0.314100 1.781350,
2.566620 0.504892 1.884281,
2.559055 0.524771 1.958472,
2.566620 0.566273 1.866753,
2.559055 0.693466 1.905282,
2.802093 0.145012 1.657496,
2.802093 0.000000 1.663827,
2.674367 0.303740 1.722597,
2.589024 0.485776 1.812943,
2.589024 0.544834 1.796078,
2.875949 0.143059 1.635177,
2.952756 0.000000 1.633858,
2.952756 0.160146 1.625991,
2.875949 0.000000 1.641423,
2.734028 0.295238 1.674379,
2.625406 0.468160 1.747196,
2.566620 0.667196 1.833107,
2.625406 0.525076 1.730943,
2.802093 0.288920 1.638550,
2.674367 0.452719 1.689569,
2.589024 0.641936 1.763706,
2.566620 0.746520 1.802260,
2.559055 0.856883 1.837593,
2.674367 0.507757 1.673852,
2.875949 0.285030 1.616486,
2.952756 0.318750 1.602464,
2.734028 0.440046 1.642276,
2.625406 0.618657 1.699745,
2.589024 0.718257 1.734026,
2.566620 0.824423 1.767981,
2.734028 0.493544 1.626998,
2.802093 0.430630 1.607133,
2.674367 0.598252 1.643683,
2.625406 0.692209 1.671141,
2.589024 0.793211 1.701046,
2.566620 0.919578 1.720409,
2.559055 1.013780 1.755918,
2.802093 0.482983 1.592183,
2.875949 0.424831 1.585493,
2.952756 0.474284 1.563505,
2.734028 0.581506 1.597674,
2.674367 0.669379 1.616023,
2.625406 0.764445 1.639357,
2.566620 0.975376 1.689401,
2.589024 0.884763 1.655275,
2.875949 0.476480 1.570744,
2.802093 0.569062 1.563486,
2.734028 0.650642 1.570788,
2.674367 0.739231 1.585287,
2.589024 0.938448 1.625440,
2.625406 0.852677 1.595246,
2.566620 1.083780 1.621991,
2.559055 1.162960 1.660879,
2.875949 0.561400 1.542433,
2.952756 0.625250 1.509488,
2.802093 0.636719 1.537176,
2.734028 0.718539 1.540913,
2.625406 0.904415 1.566493,
2.674367 0.824553 1.542631,
2.589024 1.042748 1.560582,
2.875949 0.628145 1.516477,
2.802093 0.703164 1.507939,
2.674367 0.874585 1.514826,
2.734028 0.801473 1.499450,
2.625406 1.004932 1.503988,
2.566620 1.237544 1.507952,
2.559055 1.303290 1.553200,
2.875949 0.693695 1.487635,
2.952756 0.770195 1.440934,
2.734028 0.850104 1.472424,
2.802093 0.784322 1.467365,
2.674367 0.971787 1.454382,
2.589024 1.190691 1.450860,
2.802093 0.831913 1.440917,
2.875949 0.773761 1.447606,
2.734028 0.944585 1.413672,
2.625406 1.147510 1.398245,
2.875949 0.820711 1.421514,
2.952756 0.907723 1.358504,
2.566620 1.379390 1.379390,
2.559055 1.433701 1.433701,
2.802093 0.924373 1.383422,
2.674367 1.109662 1.352127,
2.589024 1.327166 1.327166,
2.875949 0.911926 1.364793,
2.734028 1.078601 1.314279,
2.625406 1.279036 1.279036,
2.566620 1.494363 1.253919,
2.559055 1.553200 1.303290,
2.802093 1.055520 1.286156,
2.674367 1.236850 1.236850,
2.589024 1.437786 1.206446,
2.875949 1.041308 1.268837,
2.952756 1.036509 1.262989,
2.734028 1.202229 1.202229,
2.625406 1.385644 1.162694,
2.566620 1.597963 1.118905,
2.559055 1.660879 1.162960,
2.802093 1.176503 1.176503,
2.674367 1.339943 1.124345,
2.589024 1.537463 1.076544,
2.875949 1.160661 1.160661,
2.952756 1.155312 1.155312,
2.734028 1.302435 1.092873,
2.625406 1.481707 1.037503,
2.566620 1.689401 0.975376,
2.559055 1.755918 1.013780,
2.566620 1.720409 0.919578,
2.559055 1.837593 0.856883,
2.802093 1.274565 1.069487,
2.674367 1.432837 1.003283,
2.589024 1.625440 0.938448,
2.589024 1.655275 0.884763,
2.875949 1.257403 1.055086,
2.952756 1.262989 1.036509,
2.734028 1.392730 0.975200,
2.625406 1.566493 0.904415,
2.566620 1.767981 0.824423,
2.625406 1.595246 0.852677,
2.802093 1.362927 0.954332,
2.674367 1.514826 0.874585,
2.589024 1.701046 0.793211,
2.566620 1.802260 0.746520,
2.559055 1.905282 0.693466,
2.674367 1.542631 0.824553,
2.875949 1.344575 0.941481,
2.952756 1.358504 0.907723,
2.734028 1.472424 0.850104,
2.625406 1.639357 0.764445,
2.589024 1.734026 0.718257,
2.566620 1.833107 0.667196,
2.734028 1.499450 0.801473,
2.802093 1.440917 0.831913,
2.674367 1.585287 0.739231,
2.625406 1.671141 0.692209,
2.589024 1.763706 0.641936,
2.566620 1.866753 0.566273,
2.559055 1.958472 0.524771,
2.802093 1.467365 0.784322,
2.875949 1.421514 0.820711,
2.952756 1.440934 0.770195,
2.734028 1.540913 0.718539,
2.674367 1.616023 0.669379,
2.625406 1.699745 0.618657,
2.566620 1.884281 0.504892,
2.589024 1.796078 0.544834,
2.875949 1.447606 0.773761,
2.802093 1.507939 0.703164,
2.734028 1.570788 0.650642,
2.674367 1.643683 0.598252,
2.589024 1.812943 0.485776,
2.625406 1.730943 0.525076,
2.566620 1.913269 0.380573,
2.559055 1.996756 0.352082,
2.875949 1.487635 0.693695,
2.952756 1.509488 0.625250,
2.802093 1.537176 0.636719,
2.734028 1.597674 0.581506,
2.625406 1.747196 0.468160,
2.674367 1.673852 0.507757,
2.589024 1.840832 0.366164,
2.875949 1.516477 0.628145,
2.802093 1.563486 0.569062,
2.674367 1.689569 0.452719,
2.734028 1.626998 0.493544,
2.625406 1.774074 0.352885,
2.566620 1.941358 0.191207,
2.559055 2.019844 0.176713,
2.875949 1.542433 0.561400,
2.952756 1.563505 0.474284,
2.734028 1.642276 0.440046,
2.802093 1.592183 0.482983,
2.674367 1.715561 0.341246,
2.589024 1.867858 0.183968,
2.802093 1.607133 0.430630,
2.875949 1.570744 0.476480,
2.734028 1.667540 0.331694,
2.625406 1.800120 0.177296,
2.875949 1.585493 0.424831,
2.952756 1.602464 0.318750,
2.566620 1.950752 0.000000,
2.559055 2.027559 0.000000,
2.802093 1.631857 0.324596,
2.674367 1.740748 0.171449,
2.589024 1.876896 0.000000,
2.875949 1.609884 0.320226,
2.734028 1.692022 0.166650,
2.625406 1.808831 0.000000,
2.566620 1.943329 -0.170019,
2.559055 2.019844 -0.176713,
2.802093 1.655815 0.163083,
2.674367 1.749170 0.000000,
2.589024 1.869754 -0.163582,
2.875949 1.633519 0.160888,
2.952756 1.625991 0.160146,
2.734028 1.700209 0.000000,
2.625406 1.801948 -0.157650,
2.566620 1.921115 -0.338744,
2.559055 1.996756 -0.352082,
2.802093 1.663827 0.000000,
2.674367 1.742515 -0.152450,
2.589024 1.848382 -0.325920,
2.875949 1.641423 0.000000,
2.952756 1.633858 -0.000000,
2.734028 1.693739 -0.148183,
2.625406 1.781350 -0.314100,
2.566620 1.884281 -0.504892,
2.559055 1.958472 -0.524771,
2.566620 1.866753 -0.566273,
2.559055 1.905282 -0.693466,
2.802093 1.657496 -0.145012,
2.674367 1.722597 -0.303740,
2.589024 1.812943 -0.485776,
2.589024 1.796078 -0.544834,
2.875949 1.635177 -0.143059,
2.952756 1.625991 -0.160146,
2.734028 1.674379 -0.295238,
2.625406 1.747196 -0.468160,
2.566620 1.833107 -0.667196,
2.625406 1.730943 -0.525076,
2.802093 1.638550 -0.288920,
2.674367 1.689569 -0.452719,
2.589024 1.763706 -0.641936,
2.566620 1.802260 -0.746520,
2.559055 1.837593 -0.856883,
2.674367 1.673852 -0.507757,
2.875949 1.616486 -0.285030,
2.952756 1.602464 -0.318750,
2.734028 1.642276 -0.440046,
2.625406 1.699745 -0.618657,
2.589024 1.734026 -0.718257,
2.566620 1.767981 -0.824423,
2.734028 1.626998 -0.493544,
2.802093 1.607133 -0.430630,
2.674367 1.643683 -0.598252,
2.625406 1.671141 -0.692209,
2.589024 1.701046 -0.793211,
2.566620 1.720409 -0.919578,
2.559055 1.755918 -1.013780,
2.802093 1.592183 -0.482983,
2.875949 1.585493 -0.424831,
2.952756 1.563505 -0.474284,
2.734028 1.597674 -0.581506,
2.674367 1.616023 -0.669379,
2.625406 1.639357 -0.764445,
2.566620 1.689401 -0.975376,
2.589024 1.655275 -0.884763,
2.875949 1.570744 -0.476480,
2.802093 1.563486 -0.569062,
2.734028 1.570788 -0.650642,
2.674367 1.585287 -0.739231,
2.589024 1.625440 -0.938448,
2.625406 1.595246 -0.852677,
2.566620 1.621991 -1.083780,
2.559055 1.660879 -1.162960,
2.875949 1.542433 -0.561400,
2.952756 1.509488 -0.625250,
2.802093 1.537176 -0.636719,
2.734028 1.540913 -0.718539,
2.625406 1.566493 -0.904415,
2.674367 1.542631 -0.824553,
2.589024 1.560582 -1.042748,
2.875949 1.516477 -0.628145,
2.802093 1.507939 -0.703164,
2.674367 1.514826 -0.874585,
2.734028 1.499450 -0.801473,
2.625406 1.503988 -1.004932,
2.566620 1.507952 -1.237544,
2.559055 1.553200 -1.303290,
2.875949 1.487635 -0.693695,
2.952756 1.440934 -0.770195,
2.734028 1.472424 -0.850104,
2.802093 1.467365 -0.784322,
2.674367 1.454382 -0.971787,
2.589024 1.450860 -1.190691,
2.802093 1.440917 -0.831913,
2.875949 1.447606 -0.773761,
2.734028 1.413672 -0.944585,
2.625406 1.398245 -1.147510,
2.875949 1.421514 -0.820711,
2.952756 1.358504 -0.907723,
2.566620 1.379390 -1.379390,
2.559055 1.433701 -1.433701,
2.802093 1.383422 -0.924373,
2.674367 1.352127 -1.109662,
2.589024 1.327166 -1.327166,
2.875949 1.364793 -0.911926,
2.734028 1.314279 -1.078601,
2.625406 1.279036 -1.279036,
2.566620 1.253919 -1.494363,
2.559055 1.303290 -1.553200,
2.802093 1.286156 -1.055520,
2.674367 1.236850 -1.236850,
2.589024 1.206446 -1.437786,
2.875949 1.268837 -1.041308,
2.952756 1.262989 -1.036509,
2.952756 1.155312 -1.155312,
2.734028 1.202229 -1.202229,
2.625406 1.162694 -1.385644,
2.566620 1.118905 -1.597963,
2.559055 1.162960 -1.660879,
2.802093 1.176503 -1.176503,
2.674367 1.124345 -1.339943,
2.589024 1.076544 -1.537463,
2.875949 1.160661 -1.160661,
2.734028 1.092873 -1.302435,
2.625406 1.037503 -1.481707,
2.566620 0.975376 -1.689401,
2.559055 1.013780 -1.755918,
2.566620 0.919578 -1.720409,
2.559055 0.856883 -1.837593,
2.802093 1.069487 -1.274565,
2.674367 1.003283 -1.432837,
2.589024 0.938448 -1.625440,
2.589024 0.884763 -1.655275,
2.875949 1.055086 -1.257403,
2.952756 1.036509 -1.262989,
2.734028 0.975200 -1.392730,
2.625406 0.904415 -1.566493,
2.566620 0.824423 -1.767981,
2.625406 0.852677 -1.595246,
2.802093 0.954332 -1.362927,
2.674367 0.874585 -1.514826,
2.589024 0.793211 -1.701046,
2.566620 0.746520 -1.802260,
2.559055 0.693466 -1.905282,
2.674367 0.824553 -1.542631,
2.875949 0.941481 -1.344575,
2.952756 0.907723 -1.358504,
2.734028 0.850104 -1.472424,
2.625406 0.764445 -1.639357,
2.589024 0.718257 -1.734026,
2.566620 0.667196 -1.833107,
2.734028 0.801473 -1.499450,
2.802093 0.831913 -1.440917,
2.674367 0.739231 -1.585287,
2.625406 0.692209 -1.671141,
2.589024 0.641936 -1.763706,
2.566620 0.566273 -1.866753,
2.559055 0.524771 -1.958472,
2.802093 0.784322 -1.467365,
2.875949 0.820711 -1.421514,
2.952756 0.770195 -1.440934,
2.734028 0.718539 -1.540913,
2.674367 0.669379 -1.616023,
2.625406 0.618657 -1.699745,
2.566620 0.504892 -1.884281,
2.589024 0.544834 -1.796078,
2.875949 0.773761 -1.447606,
2.802093 0.703164 -1.507939,
2.734028 0.650642 -1.570788,
2.674367 0.598252 -1.643683,
2.589024 0.485776 -1.812943,
2.625406 0.525076 -1.730943,
2.566620 0.380573 -1.913269,
2.559055 0.352082 -1.996756,
2.875949 0.693695 -1.487635,
2.952756 0.625250 -1.509488,
2.802093 0.636719 -1.537176,
2.734028 0.581506 -1.597674,
2.625406 0.468160 -1.747196,
2.674367 0.507757 -1.673852,
2.589024 0.366164 -1.840832,
2.875949 0.628145 -1.516477,
2.802093 0.569062 -1.563486,
2.674367 0.452719 -1.689569,
2.734028 0.493544 -1.626998,
2.625406 0.352885 -1.774074,
2.566620 0.191207 -1.941358,
2.875949 0.561400 -1.542433,
2.952756 0.474284 -1.563505,
2.734028 0.440046 -1.642276,
2.802093 0.482983 -1.592183,
2.674367 0.341246 -1.715561,
2.589024 0.183968 -1.867858,
2.589024 0.000000 -1.876896,
2.802093 0.430630 -1.607133,
2.875949 0.476480 -1.570744,
2.734028 0.331694 -1.667540,
2.625406 0.177296 -1.800120,
2.625406 0.000000 -1.808831,
2.875949 0.424831 -1.585493,
2.952756 0.318750 -1.602464,
2.802093 0.324596 -1.631857,
2.674367 0.171449 -1.740748,
2.674367 0.000000 -1.749170,
2.875949 0.320226 -1.609884,
2.734028 0.166650 -1.692022,
2.734028 0.000000 -1.700209,
2.802093 0.163083 -1.655815,
2.802093 0.000000 -1.663827,
2.875949 0.160888 -1.633519,
2.952756 0.160146 -1.625991,
2.952756 0.000000 -1.633858,
2.875949 0.000000 -1.641423,
5.391768 0.000000 -1.626293,
5.314961 -0.160146 -1.625991,
5.314961 0.000000 -1.633858,
5.708661 0.000000 -1.240157,
5.708661 -0.138854 -1.232359,
5.701096 0.000000 -1.316965,
5.391768 -0.159405 1.618462,
5.391768 0.000000 1.626293,
5.314961 0.000000 1.633858,
5.314961 -0.160146 1.625991,
5.465624 -0.157209 1.596167,
5.465624 0.000000 1.603890,
5.391768 -0.317274 1.595045,
5.314961 -0.318750 1.602464,
5.533689 -0.153643 1.559960,
5.533689 0.000000 1.567508,
5.391768 -0.361884 1.585519,
5.314961 -0.474284 1.563505,
5.465624 -0.312903 1.573071,
5.593349 -0.148844 1.511234,
5.593349 0.000000 1.518546,
5.465624 -0.356899 1.563677,
5.391768 -0.472088 1.556266,
5.533689 -0.305806 1.537389,
5.642311 -0.142996 1.451861,
5.642311 0.000000 1.458886,
5.533689 -0.348803 1.528207,
5.391768 -0.537131 1.535031,
5.314961 -0.625250 1.509488,
5.465624 -0.465585 1.534827,
5.593349 -0.296254 1.489368,
5.678693 -0.136324 1.384123,
5.678693 0.000000 1.390820,
5.593349 -0.337908 1.480473,
5.465624 -0.529731 1.513885,
5.391768 -0.622356 1.502499,
5.533689 -0.455024 1.500011,
5.642311 -0.284615 1.430854,
5.701096 -0.129085 1.310623,
5.701096 0.000000 1.316965,
5.708661 0.000000 1.240157,
5.708661 -0.138854 1.232359,
5.642311 -0.324633 1.422309,
5.533689 -0.517715 1.479544,
5.465624 -0.613782 1.481801,
5.391768 -0.705622 1.465240,
5.314961 -0.770195 1.440934,
5.593349 -0.440811 1.453158,
5.678693 -0.271335 1.364096,
5.678693 -0.309487 1.355950,
5.391768 -0.766630 1.434263,
5.593349 -0.501544 1.433330,
5.533689 -0.599859 1.448188,
5.465624 -0.695902 1.445055,
5.642311 -0.423492 1.396067,
5.701096 -0.256927 1.291659,
5.708661 -0.275961 1.209064,
5.701096 -0.293052 1.283946,
5.465624 -0.756068 1.414504,
5.642311 -0.481839 1.377018,
5.593349 -0.581122 1.402954,
5.533689 -0.680116 1.412276,
5.678693 -0.403734 1.330932,
5.391768 -0.865240 1.377022,
5.314961 -0.907723 1.358504,
5.533689 -0.738918 1.382419,
5.678693 -0.459359 1.312772,
5.642311 -0.558291 1.347835,
5.593349 -0.658872 1.368163,
5.701096 -0.382294 1.260257,
5.708661 -0.409598 1.170564,
5.465624 -0.853321 1.358052,
5.593349 -0.715838 1.339238,
5.701096 -0.434966 1.243061,
5.678693 -0.532244 1.284950,
5.642311 -0.632987 1.314411,
5.533689 -0.833964 1.327247,
5.391768 -1.013977 1.271487,
5.314961 -1.036509 1.262989,
5.642311 -0.687714 1.286622,
5.701096 -0.503981 1.216717,
5.708661 -0.538084 1.117343,
5.678693 -0.603454 1.253086,
5.593349 -0.807915 1.285790,
5.465624 -1.000009 1.253971,
5.678693 -0.655628 1.226594,
5.701096 -0.571409 1.186544,
5.642311 -0.776174 1.235274,
5.533689 -0.977325 1.225527,
5.391768 -1.149963 1.149963,
5.314961 -1.155312 1.155312,
5.701096 -0.620813 1.161459,
5.708661 -0.659804 1.050071,
5.678693 -0.739961 1.177641,
5.593349 -0.946798 1.187247,
5.465624 -1.134121 1.134121,
5.701096 -0.700667 1.115106,
5.391768 -1.257142 1.031710,
5.314961 -1.262989 1.036509,
5.642311 -0.909600 1.140603,
5.533689 -1.108395 1.108395,
5.465624 -1.239824 1.017497,
5.678693 -0.867162 1.087387,
5.593349 -1.073774 1.073774,
5.391768 -1.352214 0.903520,
5.314961 -1.358504 0.907723,
5.533689 -1.211700 0.994417,
5.701096 -0.821114 1.029644,
5.708661 -0.773226 0.969594,
5.642311 -1.031588 1.031588,
5.391768 -1.377022 0.865240,
5.314961 -1.440934 0.770195,
5.465624 -1.333585 0.891073,
5.593349 -1.173852 0.963356,
5.678693 -0.983458 0.983458,
5.465624 -1.358052 0.853321,
5.391768 -1.434263 0.766630,
5.533689 -1.303335 0.870861,
5.642311 -1.127734 0.925507,
5.701096 -0.931235 0.931235,
5.708661 -0.876924 0.876924,
5.533689 -1.327247 0.833964,
5.391768 -1.465240 0.705622,
5.314961 -1.509488 0.625250,
5.465624 -1.414504 0.756068,
5.593349 -1.262625 0.843659,
5.678693 -1.075119 0.882327,
5.593349 -1.285790 0.807915,
5.465624 -1.445055 0.695902,
5.391768 -1.502499 0.622356,
5.533689 -1.382419 0.738918,
5.642311 -1.213019 0.810514,
5.701096 -1.018028 0.835474,
5.708661 -0.969594 0.773226,
5.642311 -1.235274 0.776174,
5.533689 -1.412276 0.680116,
5.465624 -1.481801 0.613782,
5.391768 -1.535031 0.537131,
5.314961 -1.563505 0.474284,
5.593349 -1.339238 0.715838,
5.678693 -1.156425 0.772698,
5.678693 -1.177641 0.739961,
5.391768 -1.556266 0.472088,
5.593349 -1.368163 0.658872,
5.533689 -1.448188 0.599859,
5.465624 -1.513885 0.529731,
5.642311 -1.286622 0.687714,
5.701096 -1.095016 0.731667,
5.708661 -1.050071 0.659804,
5.701096 -1.115106 0.700667,
5.465624 -1.534827 0.465585,
5.642311 -1.314411 0.632987,
5.593349 -1.402954 0.581122,
5.533689 -1.479544 0.517715,
5.678693 -1.226594 0.655628,
5.391768 -1.585519 0.361884,
5.314961 -1.602464 0.318750,
5.533689 -1.500011 0.455024,
5.678693 -1.253086 0.603454,
5.642311 -1.347835 0.558291,
5.593349 -1.433330 0.501544,
5.701096 -1.161459 0.620813,
5.708661 -1.117343 0.538084,
5.465624 -1.563677 0.356899,
5.593349 -1.453158 0.440811,
5.701096 -1.186544 0.571409,
5.678693 -1.284950 0.532244,
5.642311 -1.377018 0.481839,
5.533689 -1.528207 0.348803,
5.391768 -1.616068 0.182087,
5.314961 -1.625991 0.160146,
5.642311 -1.396067 0.423492,
5.701096 -1.216717 0.503981,
5.708661 -1.170564 0.409598,
5.678693 -1.312772 0.459359,
5.593349 -1.480473 0.337908,
5.465624 -1.593805 0.179579,
5.678693 -1.330932 0.403734,
5.701096 -1.243061 0.434966,
5.642311 -1.422309 0.324633,
5.533689 -1.557652 0.175505,
5.391768 -1.626293 0.000000,
5.314961 -1.633858 0.000000,
5.701096 -1.260257 0.382294,
5.708661 -1.209064 0.275961,
5.678693 -1.355950 0.309487,
5.593349 -1.508998 0.170023,
5.465624 -1.603890 0.000000,
5.701096 -1.283946 0.293052,
5.708661 -1.232359 0.138854,
5.391768 -1.618462 -0.159405,
5.314961 -1.625991 -0.160146,
5.642311 -1.449713 0.163343,
5.533689 -1.567508 0.000000,
5.465624 -1.596167 -0.157209,
5.678693 -1.382075 0.155722,
5.593349 -1.518546 0.000000,
5.391768 -1.595045 -0.317274,
5.314961 -1.602464 -0.318750,
5.533689 -1.559960 -0.153643,
5.701096 -1.308684 0.147453,
5.708661 -1.240157 0.000000,
5.642311 -1.458886 0.000000,
5.391768 -1.585519 -0.361884,
5.314961 -1.563505 -0.474284,
5.465624 -1.573071 -0.312903,
5.593349 -1.511234 -0.148844,
5.678693 -1.390820 0.000000,
5.465624 -1.563677 -0.356899,
5.391768 -1.556266 -0.472088,
5.533689 -1.537389 -0.305806,
5.642311 -1.451861 -0.142996,
5.701096 -1.316965 0.000000,
5.533689 -1.528207 -0.348803,
5.391768 -1.535031 -0.537131,
5.314961 -1.509488 -0.625250,
5.465624 -1.534827 -0.465585,
5.593349 -1.489368 -0.296254,
5.678693 -1.384123 -0.136324,
5.593349 -1.480473 -0.337908,
5.465624 -1.513885 -0.529731,
5.391768 -1.502499 -0.622356,
5.533689 -1.500011 -0.455024,
5.642311 -1.430854 -0.284615,
5.701096 -1.310623 -0.129085,
5.708661 -1.232359 -0.138854,
5.642311 -1.422309 -0.324633,
5.533689 -1.479544 -0.517715,
5.465624 -1.481801 -0.613782,
5.391768 -1.465240 -0.705622,
5.314961 -1.440934 -0.770195,
5.593349 -1.453158 -0.440811,
5.678693 -1.364096 -0.271335,
5.678693 -1.355950 -0.309487,
5.391768 -1.434263 -0.766630,
5.593349 -1.433330 -0.501544,
5.533689 -1.448188 -0.599859,
5.465624 -1.445055 -0.695902,
5.642311 -1.396067 -0.423492,
5.701096 -1.291659 -0.256927,
5.708661 -1.209064 -0.275961,
5.701096 -1.283946 -0.293052,
5.465624 -1.414504 -0.756068,
5.642311 -1.377018 -0.481839,
5.593349 -1.402954 -0.581122,
5.533689 -1.412276 -0.680116,
5.678693 -1.330932 -0.403734,
5.391768 -1.377022 -0.865240,
5.314961 -1.358504 -0.907723,
5.533689 -1.382419 -0.738918,
5.678693 -1.312772 -0.459359,
5.642311 -1.347835 -0.558291,
5.593349 -1.368163 -0.658872,
5.701096 -1.260257 -0.382294,
5.708661 -1.170564 -0.409598,
5.465624 -1.358052 -0.853321,
5.593349 -1.339238 -0.715838,
5.701096 -1.243061 -0.434966,
5.678693 -1.284950 -0.532244,
5.642311 -1.314411 -0.632987,
5.533689 -1.327247 -0.833964,
5.391768 -1.271487 -1.013977,
5.314961 -1.262989 -1.036509,
5.642311 -1.286622 -0.687714,
5.701096 -1.216717 -0.503981,
5.708661 -1.117343 -0.538084,
5.678693 -1.253086 -0.603454,
5.593349 -1.285790 -0.807915,
5.465624 -1.253971 -1.000009,
5.678693 -1.226594 -0.655628,
5.701096 -1.186544 -0.571409,
5.642311 -1.235274 -0.776174,
5.533689 -1.225527 -0.977325,
5.391768 -1.149963 -1.149963,
5.314961 -1.155312 -1.155312,
5.701096 -1.161459 -0.620813,
5.708661 -1.050071 -0.659804,
5.678693 -1.177641 -0.739961,
5.593349 -1.187247 -0.946798,
5.465624 -1.134121 -1.134121,
5.701096 -1.115106 -0.700667,
5.391768 -1.031710 -1.257142,
5.314961 -1.036509 -1.262989,
5.314961 -0.907723 -1.358504,
5.642311 -1.140603 -0.909600,
5.533689 -1.108395 -1.108395,
5.465624 -1.017497 -1.239824,
5.678693 -1.087387 -0.867162,
5.593349 -1.073774 -1.073774,
5.391768 -0.903520 -1.352214,
5.314961 -0.770195 -1.440934,
5.533689 -0.994417 -1.211700,
5.701096 -1.029644 -0.821114,
5.708661 -0.969594 -0.773226,
5.708661 -0.876924 -0.876924,
5.642311 -1.031588 -1.031588,
5.465624 -0.891073 -1.333585,
5.593349 -0.963356 -1.173852,
5.678693 -0.983458 -0.983458,
5.391768 -0.766630 -1.434263,
5.533689 -0.870861 -1.303335,
5.642311 -0.925507 -1.127734,
5.701096 -0.931235 -0.931235,
5.391768 -0.705622 -1.465240,
5.314961 -0.625250 -1.509488,
5.465624 -0.756068 -1.414504,
5.593349 -0.843659 -1.262625,
5.678693 -0.882327 -1.075119,
5.465624 -0.695902 -1.445055,
5.391768 -0.622356 -1.502499,
5.533689 -0.738918 -1.382419,
5.642311 -0.810514 -1.213019,
5.701096 -0.835474 -1.018028,
5.708661 -0.773226 -0.969594,
5.533689 -0.680116 -1.412276,
5.465624 -0.613782 -1.481801,
5.391768 -0.537131 -1.535031,
5.314961 -0.474284 -1.563505,
5.593349 -0.715838 -1.339238,
5.678693 -0.772698 -1.156425,
5.391768 -0.472088 -1.556266,
5.593349 -0.658872 -1.368163,
5.533689 -0.599859 -1.448188,
5.465624 -0.529731 -1.513885,
5.642311 -0.687714 -1.286622,
5.701096 -0.731667 -1.095016,
5.708661 -0.659804 -1.050071,
5.465624 -0.465585 -1.534827,
5.642311 -0.632987 -1.314411,
5.593349 -0.581122 -1.402954,
5.533689 -0.517715 -1.479544,
5.678693 -0.655628 -1.226594,
5.391768 -0.361884 -1.585519,
5.314961 -0.318750 -1.602464,
5.533689 -0.455024 -1.500011,
5.678693 -0.603454 -1.253086,
5.642311 -0.558291 -1.347835,
5.593349 -0.501544 -1.433330,
5.701096 -0.620813 -1.161459,
5.708661 -0.538084 -1.117343,
5.465624 -0.356899 -1.563677,
5.593349 -0.440811 -1.453158,
5.701096 -0.571409 -1.186544,
5.678693 -0.532244 -1.284950,
5.642311 -0.481839 -1.377018,
5.533689 -0.348803 -1.528207,
5.391768 -0.182087 -1.616068,
5.642311 -0.423492 -1.396067,
5.701096 -0.503981 -1.216717,
5.708661 -0.409598 -1.170564,
5.678693 -0.459359 -1.312772,
5.593349 -0.337908 -1.480473,
5.465624 -0.179579 -1.593805,
5.465624 0.000000 -1.603890,
5.678693 -0.403734 -1.330932,
5.701096 -0.434966 -1.243061,
5.642311 -0.324633 -1.422309,
5.533689 -0.175505 -1.557652,
5.533689 0.000000 -1.567508,
5.701096 -0.382294 -1.260257,
5.708661 -0.275961 -1.209064,
5.678693 -0.309487 -1.355950,
5.593349 -0.170023 -1.508998,
5.593349 0.000000 -1.518546,
5.701096 -0.293052 -1.283946,
5.642311 -0.163343 -1.449713,
5.642311 0.000000 -1.458886,
5.678693 -0.155722 -1.382075,
5.678693 0.000000 -1.390820,
5.701096 -0.147453 -1.308684,
5.561024 0.132241 1.173676,
5.708661 0.000000 1.181102,
5.561024 0.000000 1.181102,
5.708661 0.132241 1.173676,
5.561024 0.262820 1.151490,
5.708661 0.262820 1.151490,
5.561024 0.390093 1.114823,
5.708661 0.390093 1.114823,
5.561024 0.512461 1.064137,
5.708661 0.512461 1.064137,
5.561024 0.628384 1.000068,
5.708661 0.628384 1.000068,
5.561024 0.736405 0.923423,
5.708661 0.835165 0.835165,
5.708661 0.736405 0.923423,
5.561024 0.835165 0.835165,
5.561024 0.923423 0.736405,
5.708661 1.000068 0.628384,
5.708661 0.923423 0.736405,
5.561024 1.000068 0.628384,
5.561024 1.064137 0.512461,
5.708661 1.114823 0.390093,
5.708661 1.064137 0.512461,
5.561024 1.114823 0.390093,
5.561024 1.151490 0.262820,
5.708661 1.151490 0.262820,
5.561024 1.173676 0.132241,
5.708661 1.173676 0.132241,
5.561024 1.181102 0.000000,
5.708661 1.181102 -0.000000,
5.561024 1.173676 -0.132241,
5.708661 1.173676 -0.132241,
5.561024 1.151490 -0.262820,
5.708661 1.151490 -0.262820,
5.561024 1.114823 -0.390093,
5.708661 1.114823 -0.390093,
5.561024 1.064137 -0.512461,
5.708661 1.064137 -0.512461,
5.561024 1.000068 -0.628384,
5.708661 0.923423 -0.736405,
5.708661 1.000068 -0.628384,
5.561024 0.923423 -0.736405,
5.561024 0.835165 -0.835165,
5.708661 0.835165 -0.835165,
5.561024 0.736405 -0.923423,
5.708661 0.736405 -0.923423,
5.561024 0.628384 -1.000068,
5.708661 0.628384 -1.000068,
5.561024 0.512461 -1.064137,
5.708661 0.512461 -1.064137,
5.561024 0.390093 -1.114823,
5.708661 0.390093 -1.114823,
5.561024 0.262820 -1.151490,
5.708661 0.262820 -1.151490,
5.561024 0.132241 -1.173676,
5.708661 0.000000 -1.181102,
5.708661 0.132241 -1.173676,
5.561024 0.000000 -1.181102,
2.952756 -0.160146 -1.625991,
2.952756 0.000000 -1.633858,
5.314961 0.000000 -1.633858,
5.314961 -0.160146 -1.625991,
2.952756 -0.318750 -1.602464,
5.314961 -0.318750 -1.602464,
2.952756 -0.474284 -1.563505,
5.314961 -0.474284 -1.563505,
2.952756 -0.625250 -1.509488,
5.314961 -0.625250 -1.509488,
2.952756 -0.770195 -1.440934,
5.314961 -0.770195 -1.440934,
2.952756 -0.907723 -1.358504,
5.314961 -0.907723 -1.358504,
2.952756 -1.036509 -1.262989,
5.314961 -1.036509 -1.262989,
2.952756 -1.155312 -1.155312,
5.314961 -1.155312 -1.155312,
2.952756 -1.262989 -1.036509,
5.314961 -1.262989 -1.036509,
2.952756 -1.358504 -0.907723,
5.314961 -1.358504 -0.907723,
2.952756 -1.440934 -0.770195,
5.314961 -1.440934 -0.770195,
5.314961 -1.509488 -0.625250,
2.952756 -1.509488 -0.625250,
2.952756 -1.563505 -0.474284,
5.314961 -1.563505 -0.474284,
2.952756 -1.602464 -0.318750,
5.314961 -1.602464 -0.318750,
2.952756 -1.625991 -0.160146,
5.314961 -1.625991 -0.160146,
5.314961 -1.633858 0.000000,
2.952756 -1.633858 -0.000000,
2.952756 -1.625991 0.160146,
5.314961 -1.625991 0.160146,
2.952756 -1.602464 0.318750,
5.314961 -1.602464 0.318750,
2.952756 -1.563505 0.474284,
5.314961 -1.563505 0.474284,
2.952756 -1.509488 0.625250,
5.314961 -1.509488 0.625250,
2.952756 -1.440934 0.770195,
5.314961 -1.440934 0.770195,
2.952756 -1.358504 0.907723,
5.314961 -1.358504 0.907723,
2.952756 -1.262989 1.036509,
5.314961 -1.262989 1.036509,
2.952756 -1.155312 1.155312,
5.314961 -1.155312 1.155312,
2.952756 -1.036509 1.262989,
5.314961 -1.036509 1.262989,
2.952756 -0.907723 1.358504,
5.314961 -0.907723 1.358504,
2.952756 -0.770195 1.440934,
5.314961 -0.770195 1.440934,
2.952756 -0.625250 1.509488,
5.314961 -0.625250 1.509488,
2.952756 -0.474284 1.563505,
5.314961 -0.474284 1.563505,
5.314961 -0.318750 1.602464,
2.952756 -0.318750 1.602464,
2.952756 -0.160146 1.625991,
5.314961 -0.160146 1.625991,
2.952756 0.000000 1.633858,
5.314961 0.000000 1.633858,
2.559055 0.151852 -1.493283,
2.440945 0.000000 -1.500984,
2.559055 0.000000 -1.500984,
2.440945 0.151852 -1.493283,
2.559055 0.302146 -1.470259,
2.440945 0.302146 -1.470259,
2.559055 0.449339 -1.432148,
2.440945 0.449339 -1.432148,
2.559055 0.591922 -1.379341,
2.440945 0.591922 -1.379341,
2.559055 0.728431 -1.312381,
2.440945 0.728431 -1.312381,
2.559055 0.857465 -1.231953,
2.440945 0.857465 -1.231953,
2.559055 0.977700 -1.138884,
2.440945 0.977700 -1.138884,
2.559055 1.087903 -1.034128,
2.440945 1.087903 -1.034128,
2.559055 1.186942 -0.918761,
2.440945 1.186942 -0.918761,
2.559055 1.273802 -0.793967,
2.440945 1.273802 -0.793967,
2.559055 1.347591 -0.661025,
2.440945 1.347591 -0.661025,
2.559055 1.407551 -0.521300,
2.440945 1.407551 -0.521300,
2.559055 1.453069 -0.376226,
2.440945 1.453069 -0.376226,
2.559055 1.483675 -0.227291,
2.440945 1.483675 -0.227291,
2.559055 1.499058 -0.076024,
2.440945 1.499058 -0.076024,
2.559055 1.499058 0.076024,
2.440945 1.499058 0.076024,
2.559055 1.483675 0.227291,
2.440945 1.483675 0.227291,
2.559055 1.453069 0.376226,
2.440945 1.453069 0.376226,
2.559055 1.407551 0.521300,
2.440945 1.407551 0.521300,
2.559055 1.347591 0.661025,
2.440945 1.347591 0.661025,
2.559055 1.273802 0.793967,
2.440945 1.273802 0.793967,
2.559055 1.186942 0.918761,
2.440945 1.087903 1.034128,
2.440945 1.186942 0.918761,
2.559055 1.087903 1.034128,
2.559055 0.977700 1.138884,
2.440945 0.977700 1.138884,
2.559055 0.857465 1.231953,
2.440945 0.728431 1.312381,
2.440945 0.857465 1.231953,
2.559055 0.728431 1.312381,
2.559055 0.591922 1.379341,
2.440945 0.591922 1.379341,
2.559055 0.449339 1.432148,
2.440945 0.449339 1.432148,
2.559055 0.302146 1.470259,
2.440945 0.151852 1.493283,
2.440945 0.302146 1.470259,
2.559055 0.151852 1.493283,
2.559055 0.000000 1.500984,
2.440945 0.000000 1.500984,
2.609894 -3.358587 0.492126,
2.502378 -3.759843 0.492126,
2.641555 -3.759843 0.492126,
2.755906 -3.333081 0.492126,
2.440945 -2.598425 0.492126,
2.406209 -2.598425 0.492126,
2.559055 -2.598425 0.492126,
2.609894 -3.358587 -0.492126,
2.641555 -3.759843 -0.492126,
2.502378 -3.759843 -0.492126,
2.755906 -3.333081 -0.492126,
2.440945 -2.598425 -0.492126,
2.406209 -2.598425 -0.492126,
2.559055 -2.598425 -0.492126,
2.370898 -4.250534 0.037549,
2.374344 -4.237669 -0.117768,
2.370957 -4.250313 -0.040338,
2.374651 -4.236527 0.122311,
2.381055 -4.212625 -0.192810,
2.382233 -4.208228 0.202826,
2.391007 -4.175483 -0.263498,
2.393354 -4.166725 0.276830,
2.404039 -4.126849 -0.327863,
2.407630 -4.113446 0.342276,
2.419900 -4.067654 -0.383980,
2.424593 -4.050139 0.397386,
2.438253 -3.999161 -0.430017,
2.443698 -3.978839 0.440714,
2.458670 -3.922964 -0.464306,
2.464340 -3.901802 0.471206,
2.479465 -3.845354 -0.484640,
2.484365 -3.827070 0.487513,
2.502378 -3.759843 -0.492126,
2.502378 -3.759843 0.492126,
2.609894 -3.358587 0.492126,
2.609894 -3.358587 -0.492126,
2.641555 -3.759843 0.492126,
2.755906 -3.333081 -0.492126,
2.755906 -3.333081 0.492126,
2.641555 -3.759843 -0.492126,
2.623541 -3.827070 -0.487513,
2.618642 -3.845354 0.484640,
2.603517 -3.901802 -0.471206,
2.513522 -4.237669 0.117768,
2.510134 -4.250313 0.040338,
2.510075 -4.250534 -0.037549,
2.513828 -4.236527 -0.122311,
2.597847 -3.922964 0.464306,
2.582875 -3.978839 -0.440714,
2.520232 -4.212625 0.192810,
2.521411 -4.208228 -0.202826,
2.577430 -3.999161 0.430017,
2.563770 -4.050139 -0.397386,
2.530185 -4.175483 0.263498,
2.532531 -4.166725 -0.276830,
2.559077 -4.067654 0.383980,
2.546807 -4.113446 -0.342276,
2.543216 -4.126849 0.327863,
2.755906 -3.333081 0.492126,
2.559055 -2.598425 -0.492126,
2.559055 -2.598425 0.492126,
2.755906 -3.333081 -0.492126,
2.440945 -2.598425 -0.492126,
2.406209 -2.598425 -0.492126,
2.406209 -2.598425 0.492126,
2.440945 -2.598425 0.492126,
2.406209 -2.598425 0.492126,
2.609894 -3.358587 -0.492126,
2.609894 -3.358587 0.492126,
2.406209 -2.598425 -0.492126,
2.623541 -3.827070 -0.487513,
2.502378 -3.759843 -0.492126,
2.641555 -3.759843 -0.492126,
2.479465 -3.845354 -0.484640,
2.603517 -3.901802 -0.471206,
2.458670 -3.922964 -0.464306,
2.582875 -3.978839 -0.440714,
2.438253 -3.999161 -0.430017,
2.563770 -4.050139 -0.397386,
2.419900 -4.067654 -0.383980,
2.546807 -4.113446 -0.342276,
2.404039 -4.126849 -0.327863,
2.532531 -4.166725 -0.276830,
2.391007 -4.175483 -0.263498,
2.521411 -4.208228 -0.202826,
2.381055 -4.212625 -0.192810,
2.513828 -4.236527 -0.122311,
2.374344 -4.237669 -0.117768,
2.510075 -4.250534 -0.037549,
2.370957 -4.250313 -0.040338,
2.370898 -4.250534 0.037549,
2.510134 -4.250313 0.040338,
2.374651 -4.236527 0.122311,
2.513522 -4.237669 0.117768,
2.520232 -4.212625 0.192810,
2.382233 -4.208228 0.202826,
2.530185 -4.175483 0.263498,
2.393354 -4.166725 0.276830,
2.543216 -4.126849 0.327863,
2.407630 -4.113446 0.342276,
2.559077 -4.067654 0.383980,
2.424593 -4.050139 0.397386,
2.577430 -3.999161 0.430017,
2.443698 -3.978839 0.440714,
2.597847 -3.922964 0.464306,
2.464340 -3.901802 0.471206,
2.618642 -3.845354 0.484640,
2.484365 -3.827070 0.487513,
2.641555 -3.759843 0.492126,
2.502378 -3.759843 0.492126,
2.440945 -2.598425 -1.968504,
0.984252 -2.598425 -1.968504,
0.984252 -2.598425 -2.086614,
2.559055 -2.598425 -2.086614,
2.559055 -2.598425 -0.492126,
2.440945 -2.598425 -0.492126,
2.559055 -1.553200 -1.303290,
2.559055 -2.598425 -2.086614,
2.559055 -1.433701 -1.433701,
2.559055 -1.303290 -1.553200,
2.559055 -1.660879 -1.162960,
2.559055 -1.162960 -1.660879,
2.559055 -1.755918 -1.013780,
2.559055 -1.013780 -1.755918,
2.559055 -1.837593 -0.856883,
2.559055 -2.598425 -0.492126,
2.559055 -0.856883 -1.837593,
2.559055 -1.905282 -0.693466,
2.559055 -0.693466 -1.905282,
2.559055 -1.958472 -0.524771,
2.559055 -0.524771 -1.958472,
2.559055 -1.996756 -0.352082,
2.559055 -0.352082 -1.996756,
2.559055 -2.019844 -0.176713,
2.559055 -2.027559 -0.000000,
2.559055 -2.598425 0.492126,
2.559055 -2.019844 0.176713,
2.559055 -1.996756 0.352082,
2.559055 -1.958472 0.524771,
2.559055 -1.905282 0.693466,
2.559055 -1.837593 0.856883,
2.559055 -2.598425 2.086614,
2.559055 -1.755918 1.013780,
2.559055 -1.660879 1.162960,
2.559055 -1.553200 1.303290,
2.559055 -1.433701 1.433701,
2.559055 2.125984 -2.086614,
2.559055 1.433701 -1.433701,
2.559055 1.303290 -1.553200,
2.559055 1.162960 -1.660879,
2.559055 1.013780 -1.755918,
2.559055 0.856883 -1.837593,
2.559055 0.693466 -1.905282,
2.559055 0.524771 -1.958472,
2.559055 0.352082 -1.996756,
2.559055 0.176713 -2.019844,
2.559055 -1.303290 1.553200,
2.559055 1.553200 -1.303290,
2.559055 -1.162960 1.660879,
2.559055 1.660879 -1.162960,
2.559055 -1.013780 1.755918,
2.559055 1.755918 -1.013780,
2.559055 -0.856883 1.837593,
2.559055 1.837593 -0.856883,
2.559055 -0.693466 1.905282,
2.559055 1.905282 -0.693466,
2.559055 -0.524771 1.958472,
2.559055 1.958472 -0.524771,
2.559055 -0.352082 1.996756,
2.559055 2.125984 2.086614,
2.559055 0.176713 2.019844,
2.559055 0.352082 1.996756,
2.559055 0.524771 1.958472,
2.559055 0.693466 1.905282,
2.559055 0.856883 1.837593,
2.559055 1.013780 1.755918,
2.559055 1.162960 1.660879,
2.559055 1.303290 1.553200,
2.559055 1.433701 1.433701,
2.559055 1.553200 1.303290,
2.559055 1.660879 1.162960,
2.559055 1.755918 1.013780,
2.559055 1.837593 0.856883,
2.559055 1.905282 0.693466,
2.559055 1.958472 0.524771,
2.559055 2.027559 0.000000,
2.559055 2.019844 -0.176713,
2.559055 1.996756 -0.352082,
2.559055 2.019844 0.176713,
2.559055 1.996756 0.352082,
2.559055 0.000000 -2.027559,
2.559055 -0.176713 -2.019844,
2.559055 0.000000 2.027559,
2.559055 -0.176713 2.019844,
0.984252 -2.598425 2.086614,
0.000000 -3.363374 2.283465,
0.984252 -3.363374 2.283465,
0.000000 -2.598425 2.086614,
0.055889 -3.902727 2.133192,
0.097870 -3.967028 2.115276,
0.149974 -4.024045 2.099390,
0.006318 -3.759019 2.173231,
0.025108 -3.832792 2.152677,
0.429719 -4.153543 2.063310,
0.278971 -4.110594 2.075276,
0.352553 -4.137905 2.067667,
0.000000 -3.683301 2.194328,
0.631699 -4.137905 2.067667,
0.554533 -4.153543 2.063310,
0.886382 -3.967028 2.115276,
0.773391 -4.072314 2.085942,
0.834278 -4.024045 2.099390,
0.705281 -4.110594 2.075276,
0.928363 -3.902727 2.133192,
0.984252 -3.683301 2.194328,
0.959144 -3.832792 2.152677,
0.977934 -3.759019 2.173231,
0.210861 -4.072314 2.085942,
0.984252 -3.363374 2.283465,
0.000000 -3.363374 2.283465,
0.984252 -3.362160 2.161194,
0.000000 -3.362160 2.161194,
0.000000 -2.613379 1.968504,
0.984252 -2.613379 1.968504,
0.000000 -3.362160 -2.161194,
0.000000 -3.363374 -2.283465,
0.000000 -3.679474 -2.195394,
0.000000 -3.647774 -2.081617,
0.000000 -2.598425 -2.086614,
0.000000 -2.613379 -1.968504,
0.000000 1.141732 -1.968504,
0.000000 1.141732 -2.086614,
0.000000 -3.362160 2.161194,
0.000000 -3.651601 2.080551,
0.000000 -3.683301 2.194328,
0.000000 -3.363374 2.283465,
0.000000 -2.598425 2.086614,
0.000000 -2.613379 1.968504,
0.000000 1.141732 1.968504,
0.000000 1.141732 2.086614,
0.554533 -4.121843 1.949533,
0.429719 -4.153543 2.063310,
0.429719 -4.121843 1.949533,
0.554533 -4.153543 2.063310,
0.065932 -3.916509 -2.129352,
0.029679 -3.841615 -2.150219,
0.007476 -3.761795 -2.172458,
0.175794 -4.042632 -2.094212,
0.115135 -3.984200 -2.110492,
0.323809 -4.124954 -2.071276,
0.246063 -4.090030 -2.081006,
0.406669 -4.146341 -2.065317,
0.984252 -3.679474 -2.195394,
0.000000 -3.679474 -2.195394,
0.000000 -3.363374 -2.283465,
0.984252 -3.363374 -2.283465,
0.738189 -4.090030 -2.081006,
0.660443 -4.124954 -2.071276,
0.577583 -4.146341 -2.065317,
0.918320 -3.916509 -2.129352,
0.976776 -3.761795 -2.172458,
0.954573 -3.841615 -2.150219,
0.869117 -3.984200 -2.110492,
0.492126 -4.153543 -2.063310,
0.808458 -4.042632 -2.094212,
0.984252 -3.363374 -2.283465,
0.000000 -3.363374 -2.283465,
0.000000 -2.598425 -2.086614,
0.984252 -2.598425 -2.086614,
2.559055 2.125984 -2.086614,
0.000000 1.141732 -2.086614,
1.181102 2.125984 -2.086614,
0.984252 -2.598425 -2.086614,
0.000000 -2.598425 -2.086614,
2.559055 -2.598425 -2.086614,
2.440945 2.125984 1.968504,
1.181102 2.125984 2.086614,
2.559055 2.125984 2.086614,
1.181102 2.125984 1.968504,
2.440945 2.125984 -1.968504,
1.181102 2.125984 -2.086614,
1.181102 2.125984 -1.968504,
2.559055 2.125984 -2.086614,
0.000000 1.141732 2.086614,
0.984252 -2.598425 2.086614,
2.559055 -2.598425 2.086614,
0.000000 -2.598425 2.086614,
2.559055 2.125984 2.086614,
1.181102 2.125984 2.086614,
0.055889 -3.871027 2.019415,
0.149974 -3.992345 1.985613,
0.097870 -3.935328 2.001500,
0.429719 -4.121843 1.949533,
0.025108 -3.801092 2.038900,
0.006318 -3.727318 2.059455,
0.210861 -4.040614 1.972165,
0.278971 -4.078894 1.961500,
0.352553 -4.106205 1.953891,
0.000000 -3.651601 2.080551,
0.554533 -4.121843 1.949533,
0.705281 -4.078894 1.961500,
0.631699 -4.106205 1.953891,
0.773391 -4.040614 1.972165,
0.834278 -3.992345 1.985613,
0.886382 -3.935328 2.001500,
0.959144 -3.801092 2.038900,
0.928363 -3.871027 2.019415,
0.984252 -3.651601 2.080551,
0.977934 -3.727318 2.059455,
0.984252 -3.362160 2.161194,
0.000000 -3.362160 2.161194,
0.065932 -3.884809 -2.015575,
0.000000 -3.647774 -2.081617,
0.007476 -3.730095 -2.058681,
0.029679 -3.809915 -2.036442,
0.323809 -4.093253 -1.957499,
0.115135 -3.952500 -1.996715,
0.175794 -4.010932 -1.980435,
0.246063 -4.058330 -1.967229,
0.492126 -4.121843 -1.949533,
0.406669 -4.114641 -1.951540,
0.984252 -3.647774 -2.081617,
0.000000 -3.362160 -2.161194,
0.984252 -3.362160 -2.161194,
0.660443 -4.093253 -1.957499,
0.577583 -4.114641 -1.951540,
0.954573 -3.809915 -2.036442,
0.976776 -3.730095 -2.058681,
0.808458 -4.010932 -1.980435,
0.738189 -4.058330 -1.967229,
0.869117 -3.952500 -1.996715,
0.918320 -3.884809 -2.015575,
0.984252 -3.362160 -2.161194,
0.984252 -2.613379 -1.968504,
0.000000 -2.613379 -1.968504,
0.000000 -3.362160 -2.161194,
2.440945 2.125984 -1.968504,
1.181102 2.125984 -1.968504,
0.000000 1.141732 -1.968504,
0.984252 -2.598425 -1.968504,
0.000000 -2.613379 -1.968504,
0.984252 -2.613379 -1.968504,
2.440945 -2.598425 -1.968504,
0.984252 -2.598425 1.968504,
0.984252 -2.613379 1.968504,
0.000000 -2.613379 1.968504,
0.000000 1.141732 1.968504,
2.440945 -2.598425 1.968504,
2.440945 2.125984 1.968504,
1.181102 2.125984 1.968504,
2.440945 -0.977700 -1.138884,
2.440945 -2.598425 -1.968504,
2.440945 -1.087903 -1.034128,
2.440945 -1.186942 -0.918761,
2.440945 -0.857465 -1.231953,
2.440945 -1.273802 -0.793967,
2.440945 -2.598425 -0.492126,
2.440945 -0.728431 -1.312381,
2.440945 -1.347591 -0.661025,
2.440945 -0.591922 -1.379341,
2.440945 -1.407551 -0.521300,
2.440945 -0.449339 -1.432148,
2.440945 -1.453069 -0.376226,
2.440945 -0.302146 -1.470259,
2.440945 -1.483675 -0.227291,
2.440945 -0.151852 -1.493283,
2.440945 -1.499058 -0.076024,
2.440945 -2.598425 0.492126,
2.440945 0.000000 -1.500984,
2.440945 -1.499058 0.076024,
2.440945 -1.483675 0.227291,
2.440945 -1.453069 0.376226,
2.440945 -1.407551 0.521300,
2.440945 -1.347591 0.661025,
2.440945 -1.273802 0.793967,
2.440945 -2.598425 1.968504,
2.440945 -1.186942 0.918761,
2.440945 -1.087903 1.034128,
2.440945 2.125984 -1.968504,
2.440945 0.977700 -1.138884,
2.440945 1.087903 -1.034128,
2.440945 0.857465 -1.231953,
2.440945 0.728431 -1.312381,
2.440945 0.591922 -1.379341,
2.440945 0.449339 -1.432148,
2.440945 0.302146 -1.470259,
2.440945 0.151852 -1.493283,
2.440945 -0.977700 1.138884,
2.440945 1.186942 -0.918761,
2.440945 -0.857465 1.231953,
2.440945 1.273802 -0.793967,
2.440945 -0.728431 1.312381,
2.440945 1.347591 -0.661025,
2.440945 -0.591922 1.379341,
2.440945 1.407551 -0.521300,
2.440945 -0.449339 1.432148,
2.440945 1.453069 -0.376226,
2.440945 -0.302146 1.470259,
2.440945 1.483675 -0.227291,
2.440945 -0.151852 1.493283,
2.440945 1.499058 -0.076024,
2.440945 0.000000 1.500984,
2.440945 2.125984 1.968504,
2.440945 0.151852 1.493283,
2.440945 0.302146 1.470259,
2.440945 0.449339 1.432148,
2.440945 0.591922 1.379341,
2.440945 0.728431 1.312381,
2.440945 0.857465 1.231953,
2.440945 0.977700 1.138884,
2.440945 1.087903 1.034128,
2.440945 1.186942 0.918761,
2.440945 1.273802 0.793967,
2.440945 1.347591 0.661025,
2.440945 1.407551 0.521300,
2.440945 1.453069 0.376226,
2.440945 1.483675 0.227291,
2.440945 1.499058 0.076024,
2.440945 -2.598425 1.968504,
0.984252 -2.598425 2.086614,
0.984252 -2.598425 1.968504,
2.440945 -2.598425 0.492126,
2.559055 -2.598425 0.492126,
2.559055 -2.598425 2.086614,
0.554533 -4.153543 2.063310,
0.554533 -4.121843 1.949533,
0.631699 -4.106205 1.953891,
0.631699 -4.137905 2.067667,
0.705281 -4.078894 1.961500,
0.705281 -4.110594 2.075276,
0.773391 -4.040614 1.972165,
0.773391 -4.072314 2.085942,
0.834278 -3.992345 1.985613,
0.834278 -4.024045 2.099390,
0.886382 -3.935328 2.001500,
0.886382 -3.967028 2.115276,
0.928363 -3.871027 2.019415,
0.928363 -3.902727 2.133192,
0.959144 -3.801092 2.038900,
0.959144 -3.832792 2.152677,
0.977934 -3.727318 2.059455,
0.977934 -3.759019 2.173231,
0.984252 -3.651601 2.080551,
0.984252 -3.683301 2.194328,
0.984252 -2.598425 2.086614,
0.984252 -2.613379 1.968504,
0.984252 -2.598425 1.968504,
0.984252 -3.362160 2.161194,
0.984252 -3.363374 2.283465,
0.984252 -3.683301 2.194328,
0.984252 -3.651601 2.080551,
0.006318 -3.759019 2.173231,
0.000000 -3.683301 2.194328,
0.000000 -3.651601 2.080551,
0.006318 -3.727318 2.059455,
0.025108 -3.832792 2.152677,
0.025108 -3.801092 2.038900,
0.055889 -3.902727 2.133192,
0.055889 -3.871027 2.019415,
0.097870 -3.967028 2.115276,
0.097870 -3.935328 2.001500,
0.149974 -4.024045 2.099390,
0.149974 -3.992345 1.985613,
0.210861 -4.072314 2.085942,
0.210861 -4.040614 1.972165,
0.278971 -4.110594 2.075276,
0.278971 -4.078894 1.961500,
0.352553 -4.137905 2.067667,
0.352553 -4.106205 1.953891,
0.429719 -4.153543 2.063310,
0.429719 -4.121843 1.949533,
0.984252 -3.679474 -2.195394,
0.984252 -3.647774 -2.081617,
0.976776 -3.730095 -2.058681,
0.976776 -3.761795 -2.172458,
0.954573 -3.809915 -2.036442,
0.954573 -3.841615 -2.150219,
0.918320 -3.884809 -2.015575,
0.918320 -3.916509 -2.129352,
0.869117 -3.952500 -1.996715,
0.869117 -3.984200 -2.110492,
0.808458 -4.010932 -1.980435,
0.808458 -4.042632 -2.094212,
0.738189 -4.058330 -1.967229,
0.738189 -4.090030 -2.081006,
0.660443 -4.093253 -1.957499,
0.660443 -4.124954 -2.071276,
0.577583 -4.114641 -1.951540,
0.577583 -4.146341 -2.065317,
0.492126 -4.121843 -1.949533,
0.492126 -4.153543 -2.063310,
0.406669 -4.114641 -1.951540,
0.406669 -4.146341 -2.065317,
0.323809 -4.093253 -1.957499,
0.323809 -4.124954 -2.071276,
0.246063 -4.058330 -1.967229,
0.246063 -4.090030 -2.081006,
0.175794 -4.010932 -1.980435,
0.175794 -4.042632 -2.094212,
0.115135 -3.952500 -1.996715,
0.115135 -3.984200 -2.110492,
0.065932 -3.884809 -2.015575,
0.065932 -3.916509 -2.129352,
0.029679 -3.809915 -2.036442,
0.029679 -3.841615 -2.150219,
0.007476 -3.730095 -2.058681,
0.007476 -3.761795 -2.172458,
0.000000 -3.647774 -2.081617,
0.000000 -3.679474 -2.195394,
0.984252 -2.613379 -1.968504,
0.984252 -2.598425 -2.086614,
0.984252 -2.598425 -1.968504,
0.984252 -3.362160 -2.161194,
0.984252 -3.363374 -2.283465,
0.984252 -3.679474 -2.195394,
0.984252 -3.647774 -2.081617,
5.708661 -0.923423 0.736405,
5.708661 -0.835165 0.835165,
5.708661 -0.876924 0.876924,
5.708661 -0.969594 0.773226,
5.708661 -0.736405 0.923423,
5.708661 -0.773226 0.969594,
5.708661 -1.000068 0.628384,
5.708661 -1.050071 0.659804,
5.708661 -0.628384 1.000068,
5.708661 -0.659804 1.050071,
5.708661 -1.064137 0.512461,
5.708661 -1.117343 0.538084,
5.708661 -0.512461 1.064137,
5.708661 -0.538084 1.117343,
5.708661 -1.114823 0.390093,
5.708661 -1.170564 0.409598,
5.708661 -0.390093 1.114823,
5.708661 -0.409598 1.170564,
5.708661 -1.151490 0.262820,
5.708661 -1.209064 0.275961,
5.708661 -0.262820 1.151490,
5.708661 -0.275961 1.209064,
5.708661 -1.173676 0.132241,
5.708661 -1.232359 0.138854,
5.708661 -0.132241 1.173676,
5.708661 -0.138854 1.232359,
5.708661 -1.240157 0.000000,
5.708661 -1.181102 0.000000,
5.708661 0.000000 1.181102,
5.708661 0.000000 1.240157,
5.708661 -1.173676 -0.132241,
5.708661 -1.232359 -0.138854,
5.708661 0.132241 1.173676,
5.708661 0.138854 1.232359,
5.708661 -1.151490 -0.262820,
5.708661 -1.209064 -0.275961,
5.708661 0.262820 1.151490,
5.708661 0.275961 1.209064,
5.708661 -1.170564 -0.409598,
5.708661 0.409598 1.170564,
5.708661 -1.114823 -0.390093,
5.708661 0.390093 1.114823,
5.708661 -1.064137 -0.512461,
5.708661 -1.117343 -0.538084,
5.708661 0.512461 1.064137,
5.708661 0.538084 1.117343,
5.708661 -1.050071 -0.659804,
5.708661 -1.000068 -0.628384,
5.708661 0.628384 1.000068,
5.708661 0.659804 1.050071,
5.708661 -0.969594 -0.773226,
5.708661 -0.923423 -0.736405,
5.708661 0.736405 0.923423,
5.708661 0.773226 0.969594,
5.708661 -0.835165 -0.835165,
5.708661 -0.876924 -0.876924,
5.708661 0.835165 0.835165,
5.708661 0.876924 0.876924,
5.708661 -0.773226 -0.969594,
5.708661 -0.736405 -0.923423,
5.708661 0.969594 0.773226,
5.708661 0.923423 0.736405,
5.708661 -0.659804 -1.050071,
5.708661 -0.628384 -1.000068,
5.708661 1.050071 0.659804,
5.708661 1.000068 0.628384,
5.708661 -0.538084 -1.117343,
5.708661 -0.512461 -1.064137,
5.708661 1.117343 0.538084,
5.708661 1.064137 0.512461,
5.708661 -0.409598 -1.170564,
5.708661 -0.390093 -1.114823,
5.708661 1.170564 0.409598,
5.708661 1.114823 0.390093,
5.708661 -0.262820 -1.151490,
5.708661 -0.275961 -1.209064,
5.708661 1.209064 0.275961,
5.708661 1.151490 0.262820,
5.708661 1.232359 0.138854,
5.708661 1.173676 0.132241,
5.708661 -0.138854 -1.232359,
5.708661 -0.132241 -1.173676,
5.708661 0.000000 -1.181102,
5.708661 0.000000 -1.240157,
5.708661 1.240157 -0.000000,
5.708661 1.181102 -0.000000,
5.708661 1.173676 -0.132241,
5.708661 0.138854 -1.232359,
5.708661 0.132241 -1.173676,
5.708661 1.232359 -0.138854,
5.708661 0.262820 -1.151490,
5.708661 1.151490 -0.262820,
5.708661 1.209064 -0.275961,
5.708661 0.275961 -1.209064,
5.708661 1.114823 -0.390093,
5.708661 0.409598 -1.170564,
5.708661 0.390093 -1.114823,
5.708661 1.170564 -0.409598,
5.708661 1.064137 -0.512461,
5.708661 0.538084 -1.117343,
5.708661 0.512461 -1.064137,
5.708661 1.117343 -0.538084,
5.708661 1.050071 -0.659804,
5.708661 1.000068 -0.628384,
5.708661 0.923423 -0.736405,
5.708661 0.659804 -1.050071,
5.708661 0.628384 -1.000068,
5.708661 0.736405 -0.923423,
5.708661 0.969594 -0.773226,
5.708661 0.835165 -0.835165,
5.708661 0.773226 -0.969594,
5.708661 0.876924 -0.876924,
0.565945 -2.147638 0.255906,
0.565945 -4.409449 -0.255906,
0.565945 -2.147638 -0.255906,
0.565945 -4.409449 0.255906,
0.565945 -1.763780 0.639764,
0.565945 -1.763780 -0.639764,
0.565945 -0.777559 0.639764,
0.565945 -0.777559 -0.639764,
0.565945 -0.777559 0.639764,
2.559055 -0.777559 -0.639764,
2.559055 -0.777559 0.639764,
0.565945 -0.777559 -0.639764,
2.559055 -0.629921 0.324654,
2.559055 -0.668114 0.236273,
2.559055 -0.629921 -0.324654,
2.559055 -0.693974 0.143531,
2.559055 -0.707024 0.048140,
2.559055 -0.707024 -0.048140,
2.559055 -0.693974 -0.143531,
2.559055 -0.668114 -0.236273,
2.559055 -0.629921 -0.324654,
2.559055 -0.629921 -0.639764,
0.418307 -0.629921 -0.639764,
2.559055 -0.629921 0.324654,
0.418307 -0.629921 0.639764,
2.559055 -0.629921 0.639764,
0.418307 -2.147638 -0.255906,
0.418307 -4.409449 -0.255906,
0.418307 -4.409449 0.255906,
0.418307 -2.147638 0.255906,
0.418307 -1.763780 -0.639764,
0.418307 -1.763780 0.639764,
0.418307 -0.629921 0.639764,
0.418307 -0.629921 -0.639764,
0.565945 -0.777559 0.639764,
0.418307 -1.763780 0.639764,
0.565945 -1.763780 0.639764,
0.418307 -0.629921 0.639764,
2.559055 -0.629921 0.639764,
2.559055 -0.777559 0.639764,
0.565945 -0.777559 -0.639764,
0.565945 -1.763780 -0.639764,
0.418307 -1.763780 -0.639764,
0.418307 -0.629921 -0.639764,
2.559055 -0.629921 -0.639764,
2.559055 -0.777559 -0.639764,
0.565945 -4.409449 0.255906,
0.418307 -4.409449 -0.255906,
0.565945 -4.409449 -0.255906,
0.418307 -4.409449 0.255906,
0.418307 -2.147638 0.255906,
0.565945 -4.409449 0.255906,
0.565945 -2.147638 0.255906,
0.418307 -4.409449 0.255906,
0.565945 -1.763780 0.639764,
0.418307 -2.147638 0.255906,
0.565945 -2.147638 0.255906,
0.418307 -1.763780 0.639764,
0.565945 -2.147638 -0.255906,
0.418307 -1.763780 -0.639764,
0.565945 -1.763780 -0.639764,
0.418307 -2.147638 -0.255906,
0.565945 -2.147638 -0.255906,
0.565945 -4.409449 -0.255906,
0.418307 -4.409449 -0.255906,
0.418307 -2.147638 -0.255906,
1.181102 2.125984 2.086614,
0.000000 1.141732 1.968504,
0.000000 1.141732 2.086614,
1.181102 2.125984 1.968504,
1.181102 2.125984 -2.086614,
0.000000 1.141732 -2.086614,
0.000000 1.141732 -1.968504,
1.181102 2.125984 -1.968504,
]
}
coordIndex [
0 1 2 -1,
3 4 1 -1,
3 1 0 -1,
5 6 4 -1,
5 4 3 -1,
7 8 6 -1,
7 6 5 -1,
9 10 8 -1,
9 8 7 -1,
11 12 10 -1,
11 10 9 -1,
13 14 12 -1,
13 12 11 -1,
15 16 14 -1,
15 14 13 -1,
17 16 15 -1,
17 18 16 -1,
19 18 17 -1,
19 20 18 -1,
21 20 19 -1,
21 22 20 -1,
23 22 21 -1,
23 24 22 -1,
25 24 23 -1,
25 26 24 -1,
27 26 25 -1,
27 28 26 -1,
29 28 27 -1,
29 30 28 -1,
31 30 29 -1,
31 32 30 -1,
33 32 31 -1,
34 32 33 -1,
34 35 36 -1,
34 36 32 -1,
37 35 34 -1,
37 38 35 -1,
39 38 37 -1,
40 41 38 -1,
40 38 39 -1,
42 43 41 -1,
42 41 40 -1,
44 45 43 -1,
44 43 42 -1,
46 47 45 -1,
46 45 44 -1,
48 49 50 -1,
48 50 47 -1,
48 47 46 -1,
51 49 48 -1,
52 53 49 -1,
52 49 51 -1,
54 55 56 -1,
54 56 53 -1,
54 53 52 -1,
57 55 54 -1,
58 59 55 -1,
58 55 57 -1,
60 61 62 -1,
60 62 59 -1,
60 59 58 -1,
63 61 60 -1,
64 65 66 -1,
67 66 68 -1,
67 64 66 -1,
69 68 70 -1,
69 67 68 -1,
71 70 72 -1,
71 69 70 -1,
73 72 74 -1,
73 71 72 -1,
75 74 76 -1,
75 73 74 -1,
77 76 78 -1,
77 75 76 -1,
79 78 80 -1,
79 77 78 -1,
81 79 80 -1,
81 80 82 -1,
83 81 82 -1,
83 82 84 -1,
85 83 84 -1,
85 84 86 -1,
87 86 88 -1,
87 85 86 -1,
89 88 90 -1,
89 87 88 -1,
91 89 90 -1,
92 90 93 -1,
92 93 94 -1,
92 91 90 -1,
95 94 96 -1,
95 92 94 -1,
97 96 98 -1,
97 95 96 -1,
99 98 100 -1,
99 97 98 -1,
101 99 100 -1,
102 100 103 -1,
102 103 104 -1,
102 101 100 -1,
105 104 106 -1,
105 102 104 -1,
107 106 108 -1,
107 105 106 -1,
109 108 110 -1,
109 107 108 -1,
111 109 110 -1,
112 110 113 -1,
112 113 114 -1,
112 111 110 -1,
115 112 114 -1,
116 114 117 -1,
116 117 118 -1,
116 115 114 -1,
119 118 120 -1,
119 116 118 -1,
121 119 120 -1,
122 120 123 -1,
122 123 124 -1,
122 121 120 -1,
125 124 126 -1,
125 122 124 -1,
127 125 126 -1,
128 126 129 -1,
128 127 126 -1,
130 131 132 -1,
130 133 131 -1,
134 135 133 -1,
134 133 130 -1,
136 137 135 -1,
136 135 134 -1,
138 139 137 -1,
138 137 136 -1,
140 141 139 -1,
140 139 138 -1,
142 143 144 -1,
142 144 141 -1,
142 141 140 -1,
145 143 142 -1,
146 147 148 -1,
146 148 143 -1,
146 143 145 -1,
149 147 146 -1,
150 147 149 -1,
150 151 152 -1,
150 152 147 -1,
153 151 150 -1,
154 151 153 -1,
154 155 151 -1,
156 155 154 -1,
156 157 155 -1,
158 157 156 -1,
158 159 157 -1,
160 159 158 -1,
160 161 159 -1,
162 161 160 -1,
162 163 161 -1,
164 163 162 -1,
164 165 163 -1,
166 165 164 -1,
166 167 165 -1,
168 167 166 -1,
168 169 170 -1,
168 170 167 -1,
171 169 168 -1,
172 173 169 -1,
172 169 171 -1,
174 175 173 -1,
174 173 172 -1,
176 177 175 -1,
176 175 174 -1,
178 179 177 -1,
178 177 176 -1,
180 181 179 -1,
180 179 178 -1,
182 183 181 -1,
182 181 180 -1,
184 185 186 -1,
184 186 183 -1,
184 183 182 -1,
187 185 184 -1,
188 189 190 -1,
191 192 193 -1,
191 194 192 -1,
195 196 194 -1,
195 194 191 -1,
197 193 198 -1,
197 191 193 -1,
199 196 195 -1,
199 200 196 -1,
201 191 197 -1,
201 195 191 -1,
202 200 199 -1,
202 203 200 -1,
204 197 198 -1,
204 198 205 -1,
206 195 201 -1,
206 199 195 -1,
207 203 202 -1,
207 208 203 -1,
209 205 210 -1,
209 204 205 -1,
211 201 197 -1,
211 197 204 -1,
212 199 206 -1,
212 202 199 -1,
213 214 208 -1,
213 208 207 -1,
215 204 209 -1,
215 211 204 -1,
216 209 210 -1,
216 215 209 -1,
217 201 211 -1,
217 206 201 -1,
218 202 212 -1,
218 207 202 -1,
219 214 213 -1,
219 220 221 -1,
219 222 214 -1,
219 221 222 -1,
223 217 211 -1,
223 211 215 -1,
224 215 216 -1,
225 216 210 -1,
225 210 226 -1,
227 206 217 -1,
227 212 206 -1,
228 213 207 -1,
228 207 218 -1,
229 225 226 -1,
230 227 217 -1,
230 217 223 -1,
231 223 215 -1,
231 215 224 -1,
232 224 216 -1,
232 216 225 -1,
233 218 212 -1,
233 212 227 -1,
234 220 219 -1,
234 235 220 -1,
234 219 213 -1,
234 213 228 -1,
236 225 229 -1,
236 232 225 -1,
237 227 230 -1,
237 233 227 -1,
238 230 223 -1,
238 223 231 -1,
239 232 236 -1,
239 224 232 -1,
239 231 224 -1,
240 228 218 -1,
240 218 233 -1,
241 226 242 -1,
241 229 226 -1,
243 241 242 -1,
244 239 236 -1,
245 233 237 -1,
245 240 233 -1,
246 245 237 -1,
246 237 230 -1,
246 230 238 -1,
247 231 239 -1,
247 239 244 -1,
247 238 231 -1,
248 228 240 -1,
248 235 234 -1,
248 234 228 -1,
248 249 235 -1,
250 236 229 -1,
250 229 241 -1,
251 241 243 -1,
251 250 241 -1,
252 247 244 -1,
253 248 240 -1,
253 240 245 -1,
253 249 248 -1,
254 245 246 -1,
255 246 238 -1,
255 238 247 -1,
256 250 251 -1,
256 236 250 -1,
256 244 236 -1,
257 242 258 -1,
257 243 242 -1,
259 256 251 -1,
260 247 252 -1,
260 255 247 -1,
261 262 249 -1,
261 253 245 -1,
261 245 254 -1,
261 249 253 -1,
263 254 246 -1,
263 246 255 -1,
263 255 260 -1,
264 252 244 -1,
264 244 256 -1,
264 256 259 -1,
265 243 257 -1,
265 251 243 -1,
266 264 259 -1,
267 263 260 -1,
268 261 254 -1,
268 263 267 -1,
268 254 263 -1,
268 262 261 -1,
269 264 266 -1,
269 260 252 -1,
269 252 264 -1,
270 251 265 -1,
270 259 251 -1,
271 258 272 -1,
271 257 258 -1,
273 269 266 -1,
274 268 267 -1,
274 262 268 -1,
274 275 262 -1,
276 260 269 -1,
276 267 260 -1,
277 259 270 -1,
277 266 259 -1,
278 265 257 -1,
278 257 271 -1,
278 270 265 -1,
279 269 273 -1,
279 276 269 -1,
280 275 274 -1,
280 274 267 -1,
280 267 276 -1,
281 282 283 -1,
281 272 282 -1,
281 271 272 -1,
284 273 266 -1,
284 266 277 -1,
285 277 270 -1,
285 270 278 -1,
286 275 280 -1,
286 276 279 -1,
286 287 275 -1,
286 280 276 -1,
288 278 271 -1,
288 271 281 -1,
289 279 273 -1,
289 273 284 -1,
290 277 285 -1,
291 281 283 -1,
292 278 288 -1,
292 285 278 -1,
293 286 279 -1,
293 279 289 -1,
293 287 286 -1,
294 284 277 -1,
294 277 290 -1,
295 281 291 -1,
295 288 281 -1,
296 290 285 -1,
296 285 292 -1,
297 289 284 -1,
297 284 294 -1,
298 283 299 -1,
298 291 283 -1,
300 292 288 -1,
300 288 295 -1,
300 296 292 -1,
301 290 296 -1,
301 294 290 -1,
302 303 287 -1,
302 289 297 -1,
302 287 293 -1,
302 293 289 -1,
304 299 305 -1,
304 298 299 -1,
306 291 298 -1,
306 295 291 -1,
307 301 296 -1,
307 296 300 -1,
308 297 294 -1,
308 294 301 -1,
309 298 304 -1,
309 306 298 -1,
310 304 305 -1,
310 309 304 -1,
311 295 306 -1,
311 300 295 -1,
312 301 307 -1,
312 308 301 -1,
313 302 297 -1,
313 314 303 -1,
313 303 302 -1,
313 297 308 -1,
315 306 309 -1,
315 311 306 -1,
316 309 310 -1,
316 315 309 -1,
317 310 305 -1,
317 305 318 -1,
317 316 310 -1,
319 300 311 -1,
319 307 300 -1,
320 308 312 -1,
321 317 318 -1,
322 311 315 -1,
322 319 311 -1,
323 315 316 -1,
324 316 317 -1,
325 312 307 -1,
325 307 319 -1,
326 308 320 -1,
326 314 313 -1,
326 313 308 -1,
326 327 314 -1,
328 324 317 -1,
328 317 321 -1,
329 319 322 -1,
329 325 319 -1,
330 322 315 -1,
330 329 322 -1,
330 315 323 -1,
331 316 324 -1,
331 324 328 -1,
331 323 316 -1,
332 320 312 -1,
332 312 325 -1,
332 326 320 -1,
332 325 329 -1,
333 318 334 -1,
333 321 318 -1,
335 333 334 -1,
336 331 328 -1,
337 332 329 -1,
338 329 330 -1,
338 337 329 -1,
339 330 323 -1,
339 323 331 -1,
339 338 330 -1,
340 341 327 -1,
340 327 326 -1,
340 326 332 -1,
342 328 321 -1,
342 321 333 -1,
342 333 335 -1,
342 336 328 -1,
343 342 335 -1,
344 331 336 -1,
344 339 331 -1,
345 341 340 -1,
345 332 337 -1,
345 340 332 -1,
346 337 338 -1,
347 346 338 -1,
347 338 339 -1,
348 342 343 -1,
348 336 342 -1,
349 334 350 -1,
349 335 334 -1,
351 348 343 -1,
352 339 344 -1,
352 347 339 -1,
353 345 337 -1,
353 337 346 -1,
353 354 341 -1,
353 341 345 -1,
355 346 347 -1,
356 336 348 -1,
356 344 336 -1,
357 335 349 -1,
357 343 335 -1,
358 348 351 -1,
358 356 348 -1,
359 355 347 -1,
359 347 352 -1,
360 346 355 -1,
360 354 353 -1,
360 353 346 -1,
361 356 358 -1,
361 352 344 -1,
361 344 356 -1,
362 343 357 -1,
362 351 343 -1,
363 364 365 -1,
363 350 364 -1,
363 357 349 -1,
363 349 350 -1,
366 361 358 -1,
367 355 359 -1,
367 360 355 -1,
367 354 360 -1,
367 368 354 -1,
369 367 359 -1,
369 359 352 -1,
369 352 361 -1,
369 361 366 -1,
370 358 351 -1,
370 351 362 -1,
371 362 357 -1,
371 357 363 -1,
372 369 366 -1,
373 367 369 -1,
373 368 367 -1,
374 363 365 -1,
375 366 358 -1,
375 358 370 -1,
376 362 371 -1,
377 378 368 -1,
377 373 369 -1,
377 369 372 -1,
377 368 373 -1,
379 371 363 -1,
379 363 374 -1,
380 372 366 -1,
380 366 375 -1,
381 370 362 -1,
381 362 376 -1,
381 375 370 -1,
382 365 383 -1,
382 374 365 -1,
384 371 379 -1,
384 376 371 -1,
385 386 378 -1,
385 378 377 -1,
385 377 372 -1,
385 372 380 -1,
387 380 375 -1,
387 375 381 -1,
388 374 382 -1,
388 379 374 -1,
389 376 384 -1,
389 381 376 -1,
390 380 387 -1,
391 383 392 -1,
391 382 383 -1,
391 388 382 -1,
393 379 388 -1,
393 384 379 -1,
394 381 389 -1,
394 387 381 -1,
395 385 380 -1,
395 380 390 -1,
395 386 385 -1,
396 392 397 -1,
396 391 392 -1,
398 388 391 -1,
398 393 388 -1,
399 389 384 -1,
399 384 393 -1,
400 395 390 -1,
400 390 387 -1,
400 387 394 -1,
401 398 391 -1,
401 391 396 -1,
402 396 397 -1,
403 398 401 -1,
403 393 398 -1,
404 394 389 -1,
404 389 399 -1,
405 395 400 -1,
405 386 395 -1,
405 406 386 -1,
407 403 401 -1,
408 401 396 -1,
408 396 402 -1,
409 397 410 -1,
409 402 397 -1,
409 408 402 -1,
411 399 393 -1,
411 393 403 -1,
412 394 404 -1,
412 400 394 -1,
412 405 400 -1,
413 409 410 -1,
414 403 407 -1,
414 411 403 -1,
415 407 401 -1,
415 401 408 -1,
416 408 409 -1,
417 412 404 -1,
417 404 399 -1,
417 399 411 -1,
418 419 406 -1,
418 406 405 -1,
418 405 412 -1,
420 409 413 -1,
420 416 409 -1,
421 411 414 -1,
421 417 411 -1,
422 414 407 -1,
422 407 415 -1,
423 415 408 -1,
423 408 416 -1,
424 412 417 -1,
424 417 421 -1,
425 410 426 -1,
425 413 410 -1,
425 420 413 -1,
427 423 416 -1,
427 416 420 -1,
428 424 421 -1,
429 428 421 -1,
429 421 414 -1,
429 414 422 -1,
430 415 423 -1,
430 422 415 -1,
431 412 424 -1,
431 424 428 -1,
431 419 418 -1,
431 432 419 -1,
431 418 412 -1,
433 420 425 -1,
434 423 427 -1,
434 430 423 -1,
435 432 431 -1,
435 431 428 -1,
436 428 429 -1,
437 429 422 -1,
437 422 430 -1,
438 427 420 -1,
438 420 433 -1,
439 433 425 -1,
439 426 440 -1,
439 425 426 -1,
441 430 434 -1,
441 437 430 -1,
442 435 428 -1,
442 428 436 -1,
442 432 435 -1,
442 443 432 -1,
444 436 429 -1,
444 429 437 -1,
445 434 427 -1,
445 427 438 -1,
446 433 439 -1,
447 444 437 -1,
447 437 441 -1,
448 442 436 -1,
448 444 447 -1,
448 436 444 -1,
448 443 442 -1,
449 441 434 -1,
449 434 445 -1,
450 438 433 -1,
450 433 446 -1,
451 440 452 -1,
451 439 440 -1,
453 454 443 -1,
453 448 447 -1,
453 443 448 -1,
455 447 441 -1,
455 441 449 -1,
456 445 438 -1,
456 449 445 -1,
456 438 450 -1,
457 446 439 -1,
457 439 451 -1,
457 450 446 -1,
458 454 453 -1,
458 447 455 -1,
458 453 447 -1,
459 460 461 -1,
459 452 460 -1,
459 451 452 -1,
462 449 456 -1,
463 450 457 -1,
464 451 459 -1,
464 457 451 -1,
465 455 449 -1,
465 449 462 -1,
466 456 450 -1,
466 450 463 -1,
466 462 456 -1,
467 459 461 -1,
468 457 464 -1,
468 463 457 -1,
469 470 454 -1,
469 454 458 -1,
469 455 465 -1,
469 458 455 -1,
471 462 466 -1,
472 461 473 -1,
472 467 461 -1,
474 468 464 -1,
474 459 467 -1,
474 467 472 -1,
474 464 459 -1,
475 466 463 -1,
475 463 468 -1,
476 465 462 -1,
476 462 471 -1,
477 474 472 -1,
478 477 472 -1,
478 472 473 -1,
479 468 474 -1,
480 471 466 -1,
480 466 475 -1,
481 469 465 -1,
481 465 476 -1,
481 482 470 -1,
481 470 469 -1,
483 479 474 -1,
483 474 477 -1,
484 473 485 -1,
484 478 473 -1,
486 477 478 -1,
486 483 477 -1,
487 475 468 -1,
487 468 479 -1,
487 479 483 -1,
487 480 475 -1,
488 471 480 -1,
488 476 471 -1,
489 487 483 -1,
490 486 478 -1,
490 478 484 -1,
491 484 485 -1,
491 490 484 -1,
492 489 483 -1,
492 483 486 -1,
493 488 480 -1,
493 480 487 -1,
494 481 476 -1,
494 482 481 -1,
494 495 482 -1,
494 476 488 -1,
496 487 489 -1,
496 493 487 -1,
497 486 490 -1,
497 492 486 -1,
498 490 491 -1,
499 485 500 -1,
499 491 485 -1,
499 498 491 -1,
501 489 492 -1,
501 496 489 -1,
502 488 493 -1,
502 493 496 -1,
503 502 496 -1,
504 499 500 -1,
505 492 497 -1,
505 501 492 -1,
506 505 497 -1,
506 497 490 -1,
506 490 498 -1,
507 506 498 -1,
507 498 499 -1,
508 496 501 -1,
509 494 488 -1,
509 510 495 -1,
509 495 494 -1,
509 488 502 -1,
511 509 502 -1,
511 510 509 -1,
511 502 503 -1,
512 499 504 -1,
512 507 499 -1,
513 501 505 -1,
513 508 501 -1,
514 513 505 -1,
514 505 506 -1,
515 506 507 -1,
516 496 508 -1,
516 503 496 -1,
517 500 518 -1,
517 512 504 -1,
517 504 500 -1,
519 507 512 -1,
519 515 507 -1,
520 516 508 -1,
520 508 513 -1,
521 513 514 -1,
522 506 515 -1,
522 514 506 -1,
522 521 514 -1,
523 510 511 -1,
523 503 516 -1,
523 524 510 -1,
523 511 503 -1,
525 512 517 -1,
526 522 515 -1,
526 515 519 -1,
527 516 520 -1,
527 523 516 -1,
527 524 523 -1,
528 513 521 -1,
528 520 513 -1,
529 521 522 -1,
529 528 521 -1,
530 519 512 -1,
530 526 519 -1,
530 512 525 -1,
531 518 189 -1,
531 189 188 -1,
531 517 518 -1,
532 529 522 -1,
532 522 526 -1,
533 527 520 -1,
533 520 528 -1,
533 524 527 -1,
533 534 524 -1,
535 528 529 -1,
536 532 526 -1,
536 526 530 -1,
537 517 531 -1,
537 531 188 -1,
537 188 538 -1,
537 525 517 -1,
539 529 532 -1,
539 535 529 -1,
540 533 528 -1,
540 528 535 -1,
540 534 533 -1,
541 532 536 -1,
542 538 543 -1,
542 530 525 -1,
542 525 537 -1,
542 537 538 -1,
544 545 534 -1,
544 535 539 -1,
544 534 540 -1,
544 540 535 -1,
546 539 532 -1,
546 532 541 -1,
547 543 548 -1,
547 530 542 -1,
547 536 530 -1,
547 542 543 -1,
549 544 539 -1,
549 550 545 -1,
549 545 544 -1,
549 539 546 -1,
551 536 547 -1,
551 548 552 -1,
551 541 536 -1,
551 547 548 -1,
553 546 541 -1,
553 551 552 -1,
553 552 554 -1,
553 541 551 -1,
555 549 546 -1,
555 550 549 -1,
555 553 554 -1,
555 546 553 -1,
555 554 556 -1,
555 556 557 -1,
555 557 550 -1,
558 559 560 -1,
561 562 563 -1,
564 565 566 -1,
564 567 565 -1,
568 564 566 -1,
568 566 569 -1,
570 568 569 -1,
570 569 571 -1,
572 573 567 -1,
572 567 564 -1,
574 571 575 -1,
574 570 571 -1,
576 564 568 -1,
576 572 564 -1,
577 574 575 -1,
577 575 578 -1,
579 568 570 -1,
579 576 568 -1,
580 573 572 -1,
580 581 573 -1,
582 581 580 -1,
582 583 581 -1,
584 578 585 -1,
584 577 578 -1,
586 579 570 -1,
586 570 574 -1,
587 580 572 -1,
587 572 576 -1,
588 580 587 -1,
588 582 580 -1,
589 590 591 -1,
589 585 592 -1,
589 592 590 -1,
589 584 585 -1,
593 586 574 -1,
593 574 577 -1,
594 576 579 -1,
594 587 576 -1,
595 583 582 -1,
596 587 594 -1,
596 588 587 -1,
597 593 577 -1,
597 577 584 -1,
598 594 579 -1,
598 579 586 -1,
599 595 582 -1,
599 582 588 -1,
600 583 595 -1,
600 601 583 -1,
602 596 594 -1,
602 594 598 -1,
603 589 591 -1,
603 584 589 -1,
603 591 604 -1,
603 597 584 -1,
605 586 593 -1,
605 593 597 -1,
605 598 586 -1,
606 588 596 -1,
606 599 588 -1,
607 600 595 -1,
607 595 599 -1,
608 601 600 -1,
609 602 598 -1,
609 598 605 -1,
610 605 597 -1,
611 596 602 -1,
611 606 596 -1,
612 607 599 -1,
612 599 606 -1,
612 606 611 -1,
613 608 600 -1,
613 600 607 -1,
614 601 608 -1,
614 615 601 -1,
616 605 610 -1,
616 609 605 -1,
617 597 603 -1,
617 610 597 -1,
617 603 604 -1,
617 604 618 -1,
617 616 610 -1,
619 602 609 -1,
619 611 602 -1,
620 612 611 -1,
621 607 612 -1,
621 613 607 -1,
622 615 614 -1,
623 614 608 -1,
623 608 613 -1,
624 616 617 -1,
624 617 618 -1,
625 619 609 -1,
625 609 616 -1,
626 611 619 -1,
626 620 611 -1,
626 619 625 -1,
627 621 612 -1,
627 612 620 -1,
628 614 623 -1,
628 622 614 -1,
629 613 621 -1,
629 628 623 -1,
629 623 613 -1,
630 631 615 -1,
630 615 622 -1,
632 618 633 -1,
632 624 618 -1,
632 616 624 -1,
632 625 616 -1,
634 626 625 -1,
635 620 626 -1,
635 627 620 -1,
636 628 629 -1,
637 621 627 -1,
637 629 621 -1,
638 622 628 -1,
638 630 622 -1,
639 625 632 -1,
639 634 625 -1,
639 632 633 -1,
640 635 626 -1,
640 634 639 -1,
640 626 634 -1,
641 636 629 -1,
641 629 637 -1,
642 637 627 -1,
642 627 635 -1,
643 628 636 -1,
643 638 628 -1,
644 631 630 -1,
644 645 631 -1,
646 640 639 -1,
646 639 633 -1,
646 633 647 -1,
648 641 637 -1,
648 637 642 -1,
649 635 640 -1,
649 642 635 -1,
649 648 642 -1,
650 643 636 -1,
650 636 641 -1,
651 630 638 -1,
651 638 643 -1,
651 644 630 -1,
652 648 649 -1,
653 649 640 -1,
653 640 646 -1,
653 646 647 -1,
654 650 641 -1,
654 641 648 -1,
655 651 643 -1,
656 647 657 -1,
656 653 647 -1,
656 652 649 -1,
656 649 653 -1,
658 645 644 -1,
658 659 645 -1,
660 648 652 -1,
660 654 648 -1,
661 643 650 -1,
661 650 654 -1,
661 655 643 -1,
662 658 644 -1,
662 651 655 -1,
662 644 651 -1,
663 660 652 -1,
663 656 657 -1,
663 652 656 -1,
664 661 654 -1,
665 662 655 -1,
666 667 659 -1,
666 668 667 -1,
666 659 658 -1,
669 654 660 -1,
669 664 654 -1,
670 655 661 -1,
670 665 655 -1,
671 658 662 -1,
671 666 658 -1,
672 673 674 -1,
672 657 673 -1,
672 663 657 -1,
672 660 663 -1,
672 669 660 -1,
675 670 661 -1,
675 661 664 -1,
676 671 662 -1,
676 662 665 -1,
677 668 666 -1,
678 664 669 -1,
678 675 664 -1,
679 665 670 -1,
679 676 665 -1,
680 666 671 -1,
680 677 666 -1,
681 669 672 -1,
681 678 669 -1,
681 672 674 -1,
682 679 670 -1,
682 670 675 -1,
683 676 679 -1,
683 671 676 -1,
683 680 671 -1,
684 668 677 -1,
684 685 668 -1,
686 685 684 -1,
686 687 685 -1,
688 675 678 -1,
688 678 681 -1,
688 682 675 -1,
689 683 679 -1,
689 679 682 -1,
690 677 680 -1,
690 684 677 -1,
690 686 684 -1,
691 686 690 -1,
692 688 681 -1,
692 681 674 -1,
692 674 693 -1,
694 689 682 -1,
695 680 683 -1,
695 690 680 -1,
696 687 686 -1,
697 691 690 -1,
697 690 695 -1,
698 688 692 -1,
698 694 682 -1,
698 682 688 -1,
699 697 695 -1,
699 695 683 -1,
699 683 689 -1,
700 696 686 -1,
700 686 691 -1,
701 702 687 -1,
701 687 696 -1,
703 697 699 -1,
704 698 692 -1,
704 693 705 -1,
704 692 693 -1,
706 689 694 -1,
706 694 698 -1,
706 699 689 -1,
707 700 691 -1,
707 691 697 -1,
708 696 700 -1,
708 701 696 -1,
709 702 701 -1,
709 701 708 -1,
710 703 699 -1,
710 699 706 -1,
711 710 706 -1,
711 698 704 -1,
711 706 698 -1,
712 697 703 -1,
712 707 697 -1,
713 708 700 -1,
713 700 707 -1,
714 709 708 -1,
715 709 714 -1,
715 716 702 -1,
715 702 709 -1,
717 710 711 -1,
718 711 704 -1,
718 705 719 -1,
718 704 705 -1,
720 703 710 -1,
720 712 703 -1,
721 707 712 -1,
721 713 707 -1,
722 708 713 -1,
722 713 721 -1,
722 714 708 -1,
723 716 715 -1,
724 715 714 -1,
725 711 718 -1,
725 717 711 -1,
725 718 719 -1,
726 720 710 -1,
726 710 717 -1,
727 721 712 -1,
727 712 720 -1,
728 721 727 -1,
728 722 721 -1,
729 715 724 -1,
729 723 715 -1,
730 724 714 -1,
730 722 728 -1,
730 714 722 -1,
731 716 723 -1,
731 732 716 -1,
733 719 734 -1,
733 725 719 -1,
733 726 717 -1,
733 717 725 -1,
735 727 720 -1,
735 720 726 -1,
735 726 733 -1,
736 728 727 -1,
737 724 730 -1,
737 729 724 -1,
738 730 728 -1,
738 728 736 -1,
739 723 729 -1,
739 731 723 -1,
740 733 734 -1,
740 735 733 -1,
741 727 735 -1,
741 736 727 -1,
741 735 740 -1,
742 737 730 -1,
742 730 738 -1,
743 738 736 -1,
744 739 729 -1,
744 729 737 -1,
745 732 731 -1,
745 746 732 -1,
747 740 734 -1,
747 734 748 -1,
747 741 740 -1,
749 742 738 -1,
749 738 743 -1,
750 736 741 -1,
750 743 736 -1,
751 737 742 -1,
751 744 737 -1,
752 745 731 -1,
752 731 739 -1,
753 743 750 -1,
753 749 743 -1,
754 750 741 -1,
754 747 748 -1,
754 741 747 -1,
755 751 742 -1,
755 742 749 -1,
756 752 739 -1,
756 739 744 -1,
757 754 748 -1,
757 750 754 -1,
757 748 758 -1,
757 753 750 -1,
759 745 752 -1,
759 760 746 -1,
759 746 745 -1,
761 755 749 -1,
761 749 753 -1,
762 744 751 -1,
762 751 755 -1,
762 756 744 -1,
763 759 752 -1,
764 757 758 -1,
764 753 757 -1,
764 761 753 -1,
765 762 755 -1,
766 756 762 -1,
766 763 752 -1,
766 752 756 -1,
767 760 759 -1,
767 768 760 -1,
769 765 755 -1,
769 755 761 -1,
770 766 762 -1,
770 762 765 -1,
771 767 759 -1,
771 759 763 -1,
772 758 773 -1,
772 764 758 -1,
772 769 761 -1,
772 761 764 -1,
774 770 765 -1,
775 771 763 -1,
775 763 766 -1,
776 768 767 -1,
776 777 768 -1,
778 765 769 -1,
778 774 765 -1,
779 766 770 -1,
779 775 766 -1,
780 776 767 -1,
780 767 771 -1,
781 773 782 -1,
781 772 773 -1,
781 769 772 -1,
781 778 769 -1,
783 779 770 -1,
783 770 774 -1,
784 780 771 -1,
784 771 775 -1,
785 777 776 -1,
785 786 777 -1,
785 776 780 -1,
787 788 786 -1,
787 786 785 -1,
789 774 778 -1,
789 783 774 -1,
790 775 779 -1,
790 784 775 -1,
791 785 780 -1,
792 787 785 -1,
792 785 791 -1,
793 782 794 -1,
793 781 782 -1,
793 789 778 -1,
793 778 781 -1,
795 779 783 -1,
795 790 779 -1,
796 780 784 -1,
796 791 780 -1,
796 784 790 -1,
797 788 787 -1,
798 792 791 -1,
798 791 796 -1,
799 795 783 -1,
799 783 789 -1,
800 796 790 -1,
801 797 787 -1,
801 787 792 -1,
802 788 797 -1,
802 803 788 -1,
804 798 796 -1,
804 796 800 -1,
805 789 793 -1,
805 794 806 -1,
805 799 789 -1,
805 793 794 -1,
807 790 795 -1,
807 800 790 -1,
807 795 799 -1,
808 801 792 -1,
808 792 798 -1,
809 797 801 -1,
809 802 797 -1,
810 803 802 -1,
811 804 800 -1,
811 800 807 -1,
812 799 805 -1,
812 807 799 -1,
813 808 798 -1,
813 798 804 -1,
814 809 801 -1,
814 801 808 -1,
815 810 802 -1,
815 802 809 -1,
816 803 810 -1,
816 817 803 -1,
818 811 807 -1,
818 807 812 -1,
819 806 820 -1,
819 805 806 -1,
819 812 805 -1,
821 804 811 -1,
821 813 804 -1,
822 808 813 -1,
822 814 808 -1,
823 815 809 -1,
823 809 814 -1,
823 814 822 -1,
824 817 816 -1,
825 810 815 -1,
825 816 810 -1,
826 819 820 -1,
826 818 812 -1,
826 812 819 -1,
827 811 818 -1,
827 821 811 -1,
828 813 821 -1,
828 822 813 -1,
829 823 822 -1,
830 824 816 -1,
830 816 825 -1,
831 815 823 -1,
831 823 829 -1,
831 825 815 -1,
832 824 830 -1,
832 833 817 -1,
832 817 824 -1,
834 820 835 -1,
834 826 820 -1,
834 818 826 -1,
834 827 818 -1,
836 827 834 -1,
836 821 827 -1,
836 828 821 -1,
837 822 828 -1,
837 829 822 -1,
838 825 831 -1,
838 830 825 -1,
839 831 829 -1,
840 832 830 -1,
841 834 835 -1,
841 836 834 -1,
842 828 836 -1,
842 836 841 -1,
842 837 828 -1,
843 831 839 -1,
843 838 831 -1,
844 829 837 -1,
844 839 829 -1,
845 840 830 -1,
845 838 843 -1,
845 830 838 -1,
846 833 832 -1,
846 847 833 -1,
848 835 849 -1,
848 841 835 -1,
848 842 841 -1,
850 843 839 -1,
850 839 844 -1,
851 837 842 -1,
851 844 837 -1,
852 845 843 -1,
853 846 832 -1,
853 832 840 -1,
854 850 844 -1,
854 844 851 -1,
855 848 849 -1,
855 842 848 -1,
855 851 842 -1,
855 854 851 -1,
856 850 854 -1,
856 843 850 -1,
856 852 843 -1,
857 840 845 -1,
857 853 840 -1,
858 849 859 -1,
858 854 855 -1,
858 855 849 -1,
860 847 846 -1,
860 861 847 -1,
862 856 854 -1,
862 854 858 -1,
863 845 852 -1,
863 857 845 -1,
864 846 853 -1,
864 860 846 -1,
865 858 859 -1,
865 862 858 -1,
866 852 856 -1,
866 863 852 -1,
867 853 857 -1,
867 864 853 -1,
868 869 861 -1,
868 861 860 -1,
870 866 856 -1,
870 856 862 -1,
870 862 865 -1,
871 857 863 -1,
871 867 857 -1,
872 864 867 -1,
872 860 864 -1,
872 868 860 -1,
873 870 865 -1,
873 859 874 -1,
873 865 859 -1,
875 871 863 -1,
875 863 866 -1,
876 867 871 -1,
876 872 867 -1,
877 878 869 -1,
877 869 868 -1,
879 875 866 -1,
879 866 870 -1,
880 876 871 -1,
881 868 872 -1,
881 877 868 -1,
881 872 876 -1,
882 873 874 -1,
882 874 883 -1,
882 879 870 -1,
882 870 873 -1,
884 880 871 -1,
884 871 875 -1,
885 876 880 -1,
885 881 876 -1,
886 878 877 -1,
886 887 878 -1,
888 887 886 -1,
888 889 887 -1,
890 875 879 -1,
890 884 875 -1,
890 879 882 -1,
891 885 880 -1,
892 877 881 -1,
892 886 877 -1,
893 886 892 -1,
893 888 886 -1,
894 883 895 -1,
894 882 883 -1,
894 890 882 -1,
896 880 884 -1,
896 891 880 -1,
897 881 885 -1,
897 892 881 -1,
898 889 888 -1,
899 893 892 -1,
899 892 897 -1,
900 884 890 -1,
900 896 884 -1,
900 890 894 -1,
901 885 891 -1,
901 897 885 -1,
902 888 893 -1,
902 898 888 -1,
903 889 898 -1,
903 904 889 -1,
905 899 897 -1,
905 897 901 -1,
906 894 895 -1,
906 895 907 -1,
906 900 894 -1,
908 891 896 -1,
908 901 891 -1,
909 893 899 -1,
909 902 893 -1,
909 899 905 -1,
910 898 902 -1,
910 903 898 -1,
911 904 903 -1,
912 905 901 -1,
912 901 908 -1,
913 908 896 -1,
913 896 900 -1,
914 909 905 -1,
915 910 902 -1,
915 902 909 -1,
916 910 915 -1,
916 903 910 -1,
916 911 903 -1,
917 918 904 -1,
917 904 911 -1,
919 912 908 -1,
919 908 913 -1,
920 913 900 -1,
920 907 921 -1,
920 906 907 -1,
920 900 906 -1,
922 905 912 -1,
922 912 919 -1,
922 914 905 -1,
923 909 914 -1,
923 915 909 -1,
924 916 915 -1,
925 918 917 -1,
926 911 916 -1,
926 917 911 -1,
926 916 924 -1,
927 920 921 -1,
927 919 913 -1,
927 913 920 -1,
928 922 919 -1,
929 923 914 -1,
929 914 922 -1,
930 924 915 -1,
930 915 923 -1,
931 925 917 -1,
931 917 926 -1,
932 926 924 -1,
933 918 925 -1,
933 934 918 -1,
935 921 936 -1,
935 927 921 -1,
935 928 919 -1,
935 919 927 -1,
937 922 928 -1,
937 929 922 -1,
938 923 929 -1,
938 930 923 -1,
938 929 937 -1,
939 931 926 -1,
939 926 932 -1,
940 924 930 -1,
940 932 924 -1,
940 930 938 -1,
940 939 932 -1,
941 925 931 -1,
941 933 925 -1,
941 931 939 -1,
942 935 936 -1,
942 928 935 -1,
942 937 928 -1,
943 938 937 -1,
944 939 940 -1,
945 940 938 -1,
945 944 940 -1,
945 938 943 -1,
946 941 939 -1,
946 939 944 -1,
947 558 560 -1,
947 934 933 -1,
947 560 934 -1,
948 936 949 -1,
948 942 936 -1,
948 937 942 -1,
948 943 937 -1,
950 944 945 -1,
951 945 943 -1,
951 950 945 -1,
952 946 944 -1,
953 954 558 -1,
953 955 954 -1,
953 947 933 -1,
953 933 941 -1,
953 558 947 -1,
956 950 951 -1,
957 951 943 -1,
957 956 951 -1,
957 948 949 -1,
957 943 948 -1,
958 952 944 -1,
958 950 956 -1,
958 944 950 -1,
959 953 941 -1,
959 941 946 -1,
959 955 953 -1,
960 956 957 -1,
960 949 961 -1,
960 957 949 -1,
962 956 960 -1,
962 958 956 -1,
963 964 955 -1,
963 946 952 -1,
963 959 946 -1,
963 955 959 -1,
965 961 563 -1,
965 962 960 -1,
965 960 961 -1,
966 967 964 -1,
966 968 967 -1,
966 952 958 -1,
966 964 963 -1,
966 963 952 -1,
969 958 962 -1,
969 966 958 -1,
969 968 966 -1,
969 962 965 -1,
970 562 968 -1,
970 968 969 -1,
970 969 965 -1,
970 965 563 -1,
970 563 562 -1,
971 972 973 -1,
974 975 976 -1,
974 977 975 -1,
978 974 976 -1,
978 976 979 -1,
980 979 981 -1,
980 978 979 -1,
982 977 974 -1,
982 983 977 -1,
984 981 985 -1,
984 980 981 -1,
986 982 974 -1,
986 974 978 -1,
987 984 985 -1,
987 985 988 -1,
989 978 980 -1,
989 986 978 -1,
990 983 982 -1,
990 991 983 -1,
992 993 991 -1,
992 991 990 -1,
994 988 995 -1,
994 987 988 -1,
996 980 984 -1,
996 989 980 -1,
997 982 986 -1,
997 990 982 -1,
998 990 997 -1,
998 992 990 -1,
999 1000 1001 -1,
999 995 1002 -1,
999 1002 1000 -1,
999 994 995 -1,
1003 984 987 -1,
1003 996 984 -1,
1004 997 986 -1,
1004 998 997 -1,
1004 986 989 -1,
1005 993 992 -1,
1006 998 1004 -1,
1007 1003 987 -1,
1007 987 994 -1,
1008 1006 1004 -1,
1008 989 996 -1,
1008 1004 989 -1,
1009 1005 992 -1,
1009 992 998 -1,
1010 993 1005 -1,
1010 1011 993 -1,
1012 1006 1008 -1,
1013 999 1001 -1,
1013 1001 1014 -1,
1013 1007 994 -1,
1013 994 999 -1,
1015 996 1003 -1,
1015 1008 996 -1,
1015 1012 1008 -1,
1016 1009 998 -1,
1016 998 1006 -1,
1017 1010 1005 -1,
1017 1005 1009 -1,
1018 1011 1010 -1,
1019 1012 1015 -1,
1020 1019 1015 -1,
1020 1015 1003 -1,
1020 1003 1007 -1,
1021 1016 1006 -1,
1021 1006 1012 -1,
1022 1017 1009 -1,
1022 1009 1016 -1,
1022 1016 1021 -1,
1023 1010 1017 -1,
1023 1018 1010 -1,
1024 1011 1018 -1,
1024 1025 1011 -1,
1026 1019 1020 -1,
1027 1014 1028 -1,
1027 1020 1007 -1,
1027 1013 1014 -1,
1027 1007 1013 -1,
1029 1021 1012 -1,
1029 1012 1019 -1,
1030 1022 1021 -1,
1031 1023 1017 -1,
1031 1017 1022 -1,
1032 1025 1024 -1,
1033 1024 1018 -1,
1033 1018 1023 -1,
1034 1027 1028 -1,
1034 1026 1020 -1,
1034 1020 1027 -1,
1035 1029 1019 -1,
1035 1019 1026 -1,
1035 1026 1034 -1,
1036 1021 1029 -1,
1036 1030 1021 -1,
1037 1022 1030 -1,
1037 1031 1022 -1,
1037 1030 1036 -1,
1038 1024 1033 -1,
1038 1032 1024 -1,
1039 1023 1031 -1,
1039 1033 1023 -1,
1040 1041 1025 -1,
1040 1025 1032 -1,
1042 1028 1043 -1,
1042 1034 1028 -1,
1042 1035 1034 -1,
1044 1036 1029 -1,
1044 1029 1035 -1,
1045 1037 1036 -1,
1046 1033 1039 -1,
1046 1038 1033 -1,
1047 1039 1031 -1,
1047 1031 1037 -1,
1048 1040 1032 -1,
1048 1032 1038 -1,
1049 1035 1042 -1,
1049 1044 1035 -1,
1049 1042 1043 -1,
1050 1036 1044 -1,
1050 1045 1036 -1,
1051 1039 1047 -1,
1051 1046 1039 -1,
1052 1047 1037 -1,
1052 1037 1045 -1,
1053 1048 1038 -1,
1053 1038 1046 -1,
1054 1041 1040 -1,
1054 1055 1041 -1,
1056 1050 1044 -1,
1056 1043 1057 -1,
1056 1049 1043 -1,
1056 1044 1049 -1,
1058 1051 1047 -1,
1058 1047 1052 -1,
1059 1045 1050 -1,
1059 1052 1045 -1,
1059 1058 1052 -1,
1060 1046 1051 -1,
1060 1051 1058 -1,
1060 1053 1046 -1,
1061 1054 1040 -1,
1061 1040 1048 -1,
1062 1058 1059 -1,
1063 1056 1057 -1,
1063 1050 1056 -1,
1063 1059 1050 -1,
1064 1060 1058 -1,
1065 1048 1053 -1,
1065 1061 1048 -1,
1066 1057 1067 -1,
1066 1063 1057 -1,
1066 1062 1059 -1,
1066 1059 1063 -1,
1068 1055 1054 -1,
1068 1069 1055 -1,
1070 1058 1062 -1,
1070 1064 1058 -1,
1071 1065 1053 -1,
1071 1053 1060 -1,
1072 1061 1065 -1,
1072 1054 1061 -1,
1072 1068 1054 -1,
1073 1066 1067 -1,
1073 1062 1066 -1,
1073 1070 1062 -1,
1074 1060 1064 -1,
1074 1071 1060 -1,
1075 1072 1065 -1,
1075 1065 1071 -1,
1076 1077 1069 -1,
1076 1069 1068 -1,
1078 1074 1064 -1,
1078 1064 1070 -1,
1079 1075 1071 -1,
1080 1068 1072 -1,
1080 1076 1068 -1,
1081 1078 1070 -1,
1081 1067 1082 -1,
1081 1073 1067 -1,
1081 1070 1073 -1,
1083 1071 1074 -1,
1083 1079 1071 -1,
1084 1080 1072 -1,
1084 1072 1075 -1,
1085 1086 1077 -1,
1085 1077 1076 -1,
1087 1074 1078 -1,
1087 1083 1074 -1,
1088 1075 1079 -1,
1088 1084 1075 -1,
1089 1085 1076 -1,
1089 1076 1080 -1,
1090 1081 1082 -1,
1090 1087 1078 -1,
1090 1082 1091 -1,
1090 1078 1081 -1,
1092 1088 1079 -1,
1092 1079 1083 -1,
1093 1080 1084 -1,
1093 1089 1080 -1,
1094 1085 1089 -1,
1094 1086 1085 -1,
1094 1095 1086 -1,
1096 1095 1094 -1,
1096 1097 1095 -1,
1098 1092 1083 -1,
1098 1083 1087 -1,
1098 1087 1090 -1,
1099 1084 1088 -1,
1099 1093 1084 -1,
1100 1094 1089 -1,
1100 1096 1094 -1,
1101 1096 1100 -1,
1102 1091 1103 -1,
1102 1090 1091 -1,
1102 1098 1090 -1,
1104 1099 1088 -1,
1104 1088 1092 -1,
1105 1089 1093 -1,
1105 1100 1089 -1,
1105 1093 1099 -1,
1106 1097 1096 -1,
1107 1101 1100 -1,
1107 1100 1105 -1,
1108 1092 1098 -1,
1108 1104 1092 -1,
1109 1099 1104 -1,
1109 1105 1099 -1,
1109 1107 1105 -1,
1110 1096 1101 -1,
1110 1106 1096 -1,
1111 1112 1097 -1,
1111 1097 1106 -1,
1111 1106 1110 -1,
1113 1107 1109 -1,
1114 1103 1115 -1,
1114 1102 1103 -1,
1114 1108 1098 -1,
1114 1098 1102 -1,
1116 1109 1104 -1,
1116 1113 1109 -1,
1117 1110 1101 -1,
1117 1101 1107 -1,
1118 1111 1110 -1,
1119 1112 1111 -1,
1119 1111 1118 -1,
1120 1113 1116 -1,
1121 1120 1116 -1,
1121 1104 1108 -1,
1121 1108 1114 -1,
1121 1116 1104 -1,
1122 1107 1113 -1,
1122 1117 1107 -1,
1123 1117 1122 -1,
1123 1110 1117 -1,
1123 1118 1110 -1,
1124 1119 1118 -1,
1125 1126 1112 -1,
1125 1112 1119 -1,
1127 1120 1121 -1,
1128 1121 1114 -1,
1128 1127 1121 -1,
1128 1115 1129 -1,
1128 1114 1115 -1,
1130 1113 1120 -1,
1130 1122 1113 -1,
1131 1123 1122 -1,
1131 1122 1130 -1,
1132 1123 1131 -1,
1132 1118 1123 -1,
1132 1124 1118 -1,
1133 1126 1125 -1,
1134 1125 1119 -1,
1134 1119 1124 -1,
1135 1127 1128 -1,
1135 1128 1129 -1,
1136 1127 1135 -1,
1136 1120 1127 -1,
1136 1130 1120 -1,
1137 1131 1130 -1,
1137 1130 1136 -1,
1138 1131 1137 -1,
1138 1132 1131 -1,
1139 1133 1125 -1,
1139 1125 1134 -1,
1140 1124 1132 -1,
1140 1134 1124 -1,
1140 1132 1138 -1,
1141 1126 1133 -1,
1141 1133 1139 -1,
1141 1142 1126 -1,
1143 1135 1129 -1,
1143 1129 1144 -1,
1143 1136 1135 -1,
1145 1137 1136 -1,
1146 1137 1145 -1,
1146 1138 1137 -1,
1147 1134 1140 -1,
1147 1139 1134 -1,
1148 1140 1138 -1,
1149 1141 1139 -1,
1150 1143 1144 -1,
1150 1136 1143 -1,
1150 1145 1136 -1,
1151 1146 1145 -1,
1152 1147 1140 -1,
1152 1140 1148 -1,
1153 1146 1151 -1,
1153 1138 1146 -1,
1153 1148 1138 -1,
1154 1139 1147 -1,
1154 1149 1139 -1,
1155 1156 1142 -1,
1155 1142 1141 -1,
1157 1144 1158 -1,
1157 1150 1144 -1,
1157 1151 1145 -1,
1157 1145 1150 -1,
1159 1152 1148 -1,
1159 1148 1153 -1,
1160 1153 1151 -1,
1160 1151 1157 -1,
1161 1152 1159 -1,
1161 1154 1147 -1,
1161 1147 1152 -1,
1162 1141 1149 -1,
1162 1155 1141 -1,
1163 1153 1160 -1,
1163 1159 1153 -1,
1164 1160 1157 -1,
1164 1157 1158 -1,
1165 1161 1159 -1,
1166 1149 1154 -1,
1166 1162 1149 -1,
1167 1164 1158 -1,
1167 1158 1168 -1,
1167 1160 1164 -1,
1167 1163 1160 -1,
1169 1155 1162 -1,
1169 1170 1156 -1,
1169 1156 1155 -1,
1171 1159 1163 -1,
1171 1165 1159 -1,
1172 1154 1161 -1,
1172 1166 1154 -1,
1173 1162 1166 -1,
1173 1169 1162 -1,
1174 1171 1163 -1,
1174 1167 1168 -1,
1174 1163 1167 -1,
1175 1161 1165 -1,
1175 1172 1161 -1,
1176 1173 1166 -1,
1177 1170 1169 -1,
1177 1178 1170 -1,
1179 1175 1165 -1,
1179 1165 1171 -1,
1179 1171 1174 -1,
1180 1176 1166 -1,
1180 1166 1172 -1,
1180 1172 1175 -1,
1181 1177 1169 -1,
1181 1169 1173 -1,
1182 1168 1183 -1,
1182 1174 1168 -1,
1182 1179 1174 -1,
1184 1180 1175 -1,
1185 1181 1173 -1,
1185 1173 1176 -1,
1186 1178 1177 -1,
1186 1177 1181 -1,
1186 1187 1178 -1,
1188 1175 1179 -1,
1188 1184 1175 -1,
1189 1176 1180 -1,
1189 1180 1184 -1,
1189 1185 1176 -1,
1190 1186 1181 -1,
1191 1183 1192 -1,
1191 1182 1183 -1,
1191 1179 1182 -1,
1191 1188 1179 -1,
1193 1189 1184 -1,
1194 1181 1185 -1,
1194 1190 1181 -1,
1194 1185 1189 -1,
1195 1196 1187 -1,
1195 1187 1186 -1,
1197 1198 1196 -1,
1197 1196 1195 -1,
1199 1184 1188 -1,
1199 1193 1184 -1,
1200 1194 1189 -1,
1201 1195 1186 -1,
1201 1186 1190 -1,
1202 1197 1195 -1,
1202 1195 1201 -1,
1203 1192 1204 -1,
1203 1191 1192 -1,
1203 1188 1191 -1,
1203 1199 1188 -1,
1205 1193 1199 -1,
1205 1189 1193 -1,
1205 1200 1189 -1,
1206 1190 1194 -1,
1206 1201 1190 -1,
1207 1198 1197 -1,
1208 1202 1201 -1,
1208 1201 1206 -1,
1209 1205 1199 -1,
1210 1206 1194 -1,
1210 1208 1206 -1,
1210 1194 1200 -1,
1211 1207 1197 -1,
1211 1197 1202 -1,
1212 1198 1207 -1,
1212 1213 1198 -1,
1214 1208 1210 -1,
1215 1199 1203 -1,
1215 1204 1216 -1,
1215 1203 1204 -1,
1215 1209 1199 -1,
1217 1200 1205 -1,
1217 1210 1200 -1,
1217 1205 1209 -1,
1218 1211 1202 -1,
1218 1202 1208 -1,
1219 1211 1218 -1,
1219 1212 1207 -1,
1219 1207 1211 -1,
1220 1213 1212 -1,
1221 1214 1210 -1,
1221 1210 1217 -1,
1222 1217 1209 -1,
1223 1218 1208 -1,
1223 1208 1214 -1,
1224 1219 1218 -1,
1224 1218 1223 -1,
1225 1212 1219 -1,
1225 1220 1212 -1,
1226 1213 1220 -1,
1226 1227 1213 -1,
1228 1221 1217 -1,
1228 1217 1222 -1,
1229 1216 1230 -1,
1229 1215 1216 -1,
1229 1209 1215 -1,
1229 1222 1209 -1,
1229 1228 1222 -1,
1231 1223 1214 -1,
1231 1214 1221 -1,
1232 1224 1223 -1,
1233 1225 1219 -1,
1233 1219 1224 -1,
1233 1224 1232 -1,
1234 1227 1226 -1,
1235 1220 1225 -1,
1235 1226 1220 -1,
1236 1229 1230 -1,
1236 1228 1229 -1,
1237 1221 1228 -1,
1237 1231 1221 -1,
1237 1228 1236 -1,
1238 1223 1231 -1,
1238 1232 1223 -1,
1239 1233 1232 -1,
1240 1234 1226 -1,
1240 1226 1235 -1,
1241 1235 1225 -1,
1241 1225 1233 -1,
1242 1243 1227 -1,
1242 1234 1240 -1,
1242 1227 1234 -1,
1244 1230 1245 -1,
1244 1236 1230 -1,
1244 1237 1236 -1,
1246 1237 1244 -1,
1246 1231 1237 -1,
1246 1238 1231 -1,
1247 1232 1238 -1,
1247 1239 1232 -1,
1248 1235 1241 -1,
1248 1240 1235 -1,
1249 1241 1233 -1,
1249 1233 1239 -1,
1250 1242 1240 -1,
1251 1246 1244 -1,
1251 1244 1245 -1,
1252 1238 1246 -1,
1252 1247 1238 -1,
1252 1246 1251 -1,
1253 1248 1241 -1,
1253 1241 1249 -1,
1254 1239 1247 -1,
1254 1249 1239 -1,
1255 1248 1253 -1,
1255 1250 1240 -1,
1255 1240 1248 -1,
1256 1243 1242 -1,
1256 1242 1250 -1,
1256 1257 1243 -1,
1258 1245 1259 -1,
1258 1251 1245 -1,
1258 1252 1251 -1,
1260 1253 1249 -1,
1260 1249 1254 -1,
1261 1254 1247 -1,
1261 1247 1252 -1,
1262 1255 1253 -1,
1263 1250 1255 -1,
1263 1256 1250 -1,
1264 1254 1261 -1,
1264 1260 1254 -1,
1265 1252 1258 -1,
1265 1261 1252 -1,
1265 1258 1259 -1,
1266 1253 1260 -1,
1266 1262 1253 -1,
1267 1255 1262 -1,
1267 1263 1255 -1,
1268 1259 1269 -1,
1268 1265 1259 -1,
1268 1264 1261 -1,
1268 1261 1265 -1,
1270 1257 1256 -1,
1270 1271 1257 -1,
1272 1266 1260 -1,
1272 1260 1264 -1,
1272 1264 1268 -1,
1273 1267 1262 -1,
1274 1256 1263 -1,
1274 1270 1256 -1,
1275 1268 1269 -1,
1275 1272 1268 -1,
1276 1262 1266 -1,
1276 1266 1272 -1,
1276 1273 1262 -1,
1277 1274 1263 -1,
1277 1263 1267 -1,
1278 1279 1271 -1,
1278 1271 1270 -1,
1280 1276 1272 -1,
1281 1277 1267 -1,
1281 1267 1273 -1,
1282 1274 1277 -1,
1282 1270 1274 -1,
1282 1278 1270 -1,
1283 1284 1285 -1,
1283 1269 1284 -1,
1283 1275 1269 -1,
1283 1272 1275 -1,
1283 1280 1272 -1,
1286 1281 1273 -1,
1286 1273 1276 -1,
1287 1282 1277 -1,
1287 1277 1281 -1,
1288 1289 1279 -1,
1288 1279 1278 -1,
1290 1276 1280 -1,
1290 1286 1276 -1,
1290 1280 1283 -1,
1291 1287 1281 -1,
1292 1288 1278 -1,
1292 1282 1287 -1,
1292 1278 1282 -1,
1293 1290 1283 -1,
1293 1283 1285 -1,
1294 1281 1286 -1,
1294 1291 1281 -1,
1295 1287 1291 -1,
1295 1292 1287 -1,
1296 1289 1288 -1,
1296 1297 1289 -1,
1298 1297 1296 -1,
1298 1299 1297 -1,
1300 1290 1293 -1,
1300 1294 1286 -1,
1300 1286 1290 -1,
1301 1295 1291 -1,
1302 1296 1288 -1,
1302 1288 1292 -1,
1303 1298 1296 -1,
1303 1296 1302 -1,
1304 1285 1305 -1,
1304 1293 1285 -1,
1304 1300 1293 -1,
1306 1291 1294 -1,
1306 1301 1291 -1,
1307 1292 1295 -1,
1307 1303 1302 -1,
1307 1302 1292 -1,
1308 1299 1298 -1,
1309 1303 1307 -1,
1310 1294 1300 -1,
1310 1306 1294 -1,
1311 1295 1301 -1,
1311 1307 1295 -1,
1311 1309 1307 -1,
1312 1298 1303 -1,
1312 1308 1298 -1,
1313 1299 1308 -1,
1313 1314 1299 -1,
1315 1309 1311 -1,
1316 1305 1317 -1,
1316 1304 1305 -1,
1316 1300 1304 -1,
1316 1310 1300 -1,
1318 1311 1301 -1,
1318 1301 1306 -1,
1318 1315 1311 -1,
1319 1303 1309 -1,
1319 1312 1303 -1,
1320 1308 1312 -1,
1320 1312 1319 -1,
1320 1313 1308 -1,
1321 1314 1313 -1,
1322 1315 1318 -1,
1323 1306 1310 -1,
1323 1318 1306 -1,
1324 1309 1315 -1,
1324 1319 1309 -1,
1325 1320 1319 -1,
1326 1313 1320 -1,
1326 1321 1313 -1,
1327 1328 1314 -1,
1327 1314 1321 -1,
1329 1318 1323 -1,
1329 1322 1318 -1,
1330 1317 1331 -1,
1330 1323 1310 -1,
1330 1329 1323 -1,
1330 1316 1317 -1,
1330 1310 1316 -1,
1332 1315 1322 -1,
1332 1324 1315 -1,
1333 1319 1324 -1,
1333 1325 1319 -1,
1334 1320 1325 -1,
1334 1326 1320 -1,
1335 1328 1327 -1,
1336 1321 1326 -1,
1336 1327 1321 -1,
1337 1329 1330 -1,
1337 1330 1331 -1,
1338 1322 1329 -1,
1338 1332 1322 -1,
1339 1324 1332 -1,
1339 1333 1324 -1,
1340 1334 1325 -1,
1340 1325 1333 -1,
1341 1335 1327 -1,
1341 1327 1336 -1,
1342 1336 1326 -1,
1342 1326 1334 -1,
1342 1341 1336 -1,
1343 1328 1335 -1,
1343 1344 1328 -1,
1345 1331 1346 -1,
1345 1329 1337 -1,
1345 1337 1331 -1,
1345 1338 1329 -1,
1347 1339 1332 -1,
1347 1332 1338 -1,
1348 1333 1339 -1,
1348 1340 1333 -1,
1349 1341 1342 -1,
1350 1334 1340 -1,
1350 1342 1334 -1,
1350 1349 1342 -1,
1351 1335 1341 -1,
1351 1343 1335 -1,
1351 1341 1349 -1,
1352 1345 1346 -1,
1352 1338 1345 -1,
1352 1347 1338 -1,
1353 1339 1347 -1,
1353 1348 1339 -1,
1354 1349 1350 -1,
1355 1350 1340 -1,
1355 1340 1348 -1,
1356 1351 1349 -1,
1356 1349 1354 -1,
1357 971 973 -1,
1357 1344 1343 -1,
1357 973 1344 -1,
1358 1346 1359 -1,
1358 1353 1347 -1,
1358 1352 1346 -1,
1358 1347 1352 -1,
1360 1354 1350 -1,
1360 1350 1355 -1,
1361 1348 1353 -1,
1361 1360 1355 -1,
1361 1355 1348 -1,
1362 1356 1354 -1,
1362 1354 1360 -1,
1363 1357 1343 -1,
1363 1343 1351 -1,
1363 971 1357 -1,
1363 1364 971 -1,
1365 1360 1361 -1,
1366 1358 1359 -1,
1366 1353 1358 -1,
1366 1361 1353 -1,
1367 1362 1360 -1,
1368 1364 1363 -1,
1368 1363 1351 -1,
1368 1351 1356 -1,
1368 1369 1364 -1,
1370 1359 1371 -1,
1370 1361 1366 -1,
1370 1365 1361 -1,
1370 1366 1359 -1,
1372 1367 1360 -1,
1372 1365 1370 -1,
1372 1360 1365 -1,
1373 1356 1362 -1,
1373 1369 1368 -1,
1373 1374 1369 -1,
1373 1368 1356 -1,
1375 1370 1371 -1,
1375 1372 1370 -1,
1376 1373 1362 -1,
1376 1374 1373 -1,
1376 1377 1374 -1,
1376 1362 1367 -1,
1378 1367 1372 -1,
1378 1376 1367 -1,
1378 1377 1376 -1,
1378 1379 1377 -1,
1380 1381 1382 -1,
1380 1371 1381 -1,
1380 1375 1371 -1,
1380 1372 1375 -1,
1380 1378 1372 -1,
1380 1379 1378 -1,
1380 1383 1379 -1,
1380 1382 1383 -1,
1384 1385 1386 -1,
1387 1388 1389 -1,
1390 1391 1392 -1,
1390 1392 1393 -1,
1394 1395 1391 -1,
1394 1391 1390 -1,
1396 1393 1397 -1,
1396 1390 1393 -1,
1398 1399 1395 -1,
1398 1395 1394 -1,
1400 1397 1401 -1,
1400 1396 1397 -1,
1402 1390 1396 -1,
1402 1394 1390 -1,
1403 1404 1399 -1,
1403 1399 1398 -1,
1405 1402 1396 -1,
1405 1396 1400 -1,
1406 1400 1401 -1,
1407 1394 1402 -1,
1407 1398 1394 -1,
1408 1409 1404 -1,
1408 1404 1403 -1,
1410 1407 1402 -1,
1410 1402 1405 -1,
1411 1406 1401 -1,
1411 1401 1412 -1,
1413 1405 1400 -1,
1413 1400 1406 -1,
1414 1398 1407 -1,
1414 1403 1398 -1,
1415 1416 1409 -1,
1415 1409 1408 -1,
1417 1414 1407 -1,
1417 1407 1410 -1,
1418 1406 1411 -1,
1418 1413 1406 -1,
1419 1411 1412 -1,
1420 1405 1413 -1,
1420 1410 1405 -1,
1421 1403 1414 -1,
1421 1408 1403 -1,
1422 1423 1416 -1,
1422 1424 1423 -1,
1422 1425 1424 -1,
1422 1416 1415 -1,
1426 1421 1414 -1,
1426 1414 1417 -1,
1427 1413 1418 -1,
1427 1420 1413 -1,
1428 1411 1419 -1,
1428 1418 1411 -1,
1429 1412 1430 -1,
1429 1419 1412 -1,
1431 1410 1420 -1,
1431 1417 1410 -1,
1432 1415 1408 -1,
1432 1408 1421 -1,
1433 1421 1426 -1,
1433 1432 1421 -1,
1434 1429 1430 -1,
1435 1420 1427 -1,
1435 1431 1420 -1,
1436 1418 1428 -1,
1436 1427 1418 -1,
1437 1429 1434 -1,
1437 1419 1429 -1,
1437 1428 1419 -1,
1438 1417 1431 -1,
1438 1426 1417 -1,
1438 1433 1426 -1,
1439 1422 1415 -1,
1439 1440 1425 -1,
1439 1415 1432 -1,
1439 1425 1422 -1,
1441 1432 1433 -1,
1441 1440 1439 -1,
1441 1439 1432 -1,
1442 1437 1434 -1,
1443 1431 1435 -1,
1443 1438 1431 -1,
1444 1443 1435 -1,
1444 1435 1427 -1,
1444 1427 1436 -1,
1445 1436 1428 -1,
1445 1428 1437 -1,
1445 1437 1442 -1,
1446 1433 1438 -1,
1447 1434 1430 -1,
1447 1430 1448 -1,
1449 1445 1442 -1,
1450 1438 1443 -1,
1450 1446 1438 -1,
1451 1443 1444 -1,
1452 1436 1445 -1,
1452 1444 1436 -1,
1452 1445 1449 -1,
1453 1454 1440 -1,
1453 1441 1433 -1,
1453 1440 1441 -1,
1453 1433 1446 -1,
1455 1434 1447 -1,
1455 1442 1434 -1,
1456 1452 1449 -1,
1457 1453 1446 -1,
1457 1454 1453 -1,
1457 1446 1450 -1,
1458 1450 1443 -1,
1458 1443 1451 -1,
1459 1444 1452 -1,
1459 1451 1444 -1,
1460 1442 1455 -1,
1460 1449 1442 -1,
1461 1448 1462 -1,
1461 1447 1448 -1,
1463 1452 1456 -1,
1463 1459 1452 -1,
1464 1465 1454 -1,
1464 1454 1457 -1,
1464 1457 1450 -1,
1464 1450 1458 -1,
1466 1451 1459 -1,
1466 1459 1463 -1,
1466 1458 1451 -1,
1467 1449 1460 -1,
1467 1456 1449 -1,
1468 1447 1461 -1,
1468 1455 1447 -1,
1469 1466 1463 -1,
1470 1464 1458 -1,
1470 1458 1466 -1,
1470 1465 1464 -1,
1471 1463 1456 -1,
1471 1456 1467 -1,
1472 1455 1468 -1,
1472 1460 1455 -1,
1473 1462 1474 -1,
1473 1461 1462 -1,
1475 1466 1469 -1,
1475 1470 1466 -1,
1475 1465 1470 -1,
1475 1476 1465 -1,
1477 1463 1471 -1,
1477 1469 1463 -1,
1477 1475 1469 -1,
1478 1467 1460 -1,
1478 1460 1472 -1,
1479 1472 1468 -1,
1479 1461 1473 -1,
1479 1468 1461 -1,
1480 1476 1475 -1,
1480 1475 1477 -1,
1481 1474 1482 -1,
1481 1473 1474 -1,
1483 1467 1478 -1,
1483 1471 1467 -1,
1484 1472 1479 -1,
1485 1473 1481 -1,
1485 1479 1473 -1,
1486 1471 1483 -1,
1486 1477 1471 -1,
1487 1478 1472 -1,
1487 1472 1484 -1,
1488 1482 1489 -1,
1488 1481 1482 -1,
1490 1484 1479 -1,
1490 1479 1485 -1,
1491 1477 1486 -1,
1491 1480 1477 -1,
1491 1476 1480 -1,
1491 1492 1476 -1,
1493 1483 1478 -1,
1493 1478 1487 -1,
1494 1489 1495 -1,
1494 1488 1489 -1,
1496 1485 1481 -1,
1496 1481 1488 -1,
1497 1487 1484 -1,
1497 1484 1490 -1,
1498 1486 1483 -1,
1498 1483 1493 -1,
1498 1491 1486 -1,
1499 1488 1494 -1,
1499 1496 1488 -1,
1500 1494 1495 -1,
1501 1485 1496 -1,
1501 1490 1485 -1,
1501 1496 1499 -1,
1502 1493 1487 -1,
1502 1487 1497 -1,
1503 1504 1492 -1,
1503 1492 1491 -1,
1503 1491 1498 -1,
1505 1501 1499 -1,
1506 1495 1507 -1,
1506 1500 1495 -1,
1508 1494 1500 -1,
1508 1499 1494 -1,
1509 1490 1501 -1,
1509 1497 1490 -1,
1510 1493 1502 -1,
1510 1498 1493 -1,
1511 1501 1505 -1,
1511 1509 1501 -1,
1512 1500 1506 -1,
1512 1508 1500 -1,
1513 1506 1507 -1,
1513 1512 1506 -1,
1514 1499 1508 -1,
1514 1505 1499 -1,
1515 1502 1497 -1,
1515 1497 1509 -1,
1515 1509 1511 -1,
1516 1498 1510 -1,
1516 1517 1504 -1,
1516 1503 1498 -1,
1516 1504 1503 -1,
1518 1515 1511 -1,
1519 1514 1508 -1,
1519 1508 1512 -1,
1520 1512 1513 -1,
1521 1507 1522 -1,
1521 1513 1507 -1,
1523 1505 1514 -1,
1523 1511 1505 -1,
1524 1502 1515 -1,
1524 1510 1502 -1,
1524 1515 1518 -1,
1525 1524 1518 -1,
1526 1521 1522 -1,
1527 1514 1519 -1,
1527 1523 1514 -1,
1528 1512 1520 -1,
1528 1519 1512 -1,
1529 1513 1521 -1,
1529 1520 1513 -1,
1530 1518 1511 -1,
1530 1511 1523 -1,
1531 1517 1516 -1,
1531 1532 1517 -1,
1531 1516 1510 -1,
1531 1510 1524 -1,
1531 1524 1525 -1,
1533 1532 1531 -1,
1533 1531 1525 -1,
1534 1521 1526 -1,
1534 1529 1521 -1,
1535 1523 1527 -1,
1535 1530 1523 -1,
1536 1527 1519 -1,
1536 1535 1527 -1,
1536 1519 1528 -1,
1537 1528 1520 -1,
1537 1520 1529 -1,
1538 1525 1518 -1,
1538 1518 1530 -1,
1539 1522 1540 -1,
1539 1534 1526 -1,
1539 1526 1522 -1,
1541 1529 1534 -1,
1541 1537 1529 -1,
1542 1530 1535 -1,
1542 1538 1530 -1,
1543 1542 1535 -1,
1543 1535 1536 -1,
1544 1536 1528 -1,
1544 1528 1537 -1,
1545 1546 1532 -1,
1545 1532 1533 -1,
1545 1525 1538 -1,
1545 1533 1525 -1,
1547 1534 1539 -1,
1548 1537 1541 -1,
1548 1544 1537 -1,
1549 1545 1538 -1,
1549 1546 1545 -1,
1549 1538 1542 -1,
1550 1542 1543 -1,
1551 1543 1536 -1,
1551 1536 1544 -1,
1552 1534 1547 -1,
1552 1541 1534 -1,
1553 1540 1554 -1,
1553 1539 1540 -1,
1553 1547 1539 -1,
1555 1544 1548 -1,
1555 1551 1544 -1,
1556 1549 1542 -1,
1556 1546 1549 -1,
1556 1542 1550 -1,
1556 1557 1546 -1,
1558 1550 1543 -1,
1558 1556 1550 -1,
1558 1543 1551 -1,
1559 1555 1548 -1,
1559 1541 1552 -1,
1559 1548 1541 -1,
1560 1547 1553 -1,
1560 1552 1547 -1,
1561 1551 1555 -1,
1561 1558 1551 -1,
1562 1557 1556 -1,
1562 1556 1558 -1,
1563 1555 1559 -1,
1563 1561 1555 -1,
1564 1552 1560 -1,
1565 1553 1554 -1,
1565 1554 1566 -1,
1565 1560 1553 -1,
1567 1557 1562 -1,
1567 1558 1561 -1,
1567 1562 1558 -1,
1567 1568 1557 -1,
1569 1561 1563 -1,
1570 1559 1552 -1,
1570 1563 1559 -1,
1570 1552 1564 -1,
1571 1564 1560 -1,
1571 1560 1565 -1,
1572 1567 1561 -1,
1572 1561 1569 -1,
1572 1573 1568 -1,
1572 1568 1567 -1,
1574 1566 1575 -1,
1574 1565 1566 -1,
1576 1563 1570 -1,
1577 1564 1571 -1,
1578 1571 1565 -1,
1578 1565 1574 -1,
1579 1569 1563 -1,
1579 1563 1576 -1,
1579 1572 1569 -1,
1580 1570 1564 -1,
1580 1564 1577 -1,
1580 1576 1570 -1,
1581 1575 1582 -1,
1581 1574 1575 -1,
1583 1571 1578 -1,
1583 1577 1571 -1,
1584 1585 1573 -1,
1584 1573 1572 -1,
1584 1572 1579 -1,
1586 1579 1576 -1,
1586 1576 1580 -1,
1587 1582 1588 -1,
1587 1581 1582 -1,
1589 1574 1581 -1,
1589 1578 1574 -1,
1590 1577 1583 -1,
1590 1580 1577 -1,
1591 1579 1586 -1,
1592 1589 1581 -1,
1592 1581 1587 -1,
1593 1592 1587 -1,
1593 1587 1588 -1,
1594 1589 1592 -1,
1594 1578 1589 -1,
1594 1583 1578 -1,
1595 1580 1590 -1,
1595 1586 1580 -1,
1596 1585 1584 -1,
1596 1579 1591 -1,
1596 1584 1579 -1,
1597 1594 1592 -1,
1598 1593 1588 -1,
1598 1588 1599 -1,
1600 1592 1593 -1,
1601 1590 1583 -1,
1601 1583 1594 -1,
1602 1591 1586 -1,
1602 1586 1595 -1,
1603 1601 1594 -1,
1603 1594 1597 -1,
1604 1593 1598 -1,
1604 1600 1593 -1,
1605 1604 1598 -1,
1605 1598 1599 -1,
1606 1597 1592 -1,
1606 1592 1600 -1,
1607 1595 1590 -1,
1607 1590 1601 -1,
1607 1601 1603 -1,
1608 1596 1591 -1,
1608 1585 1596 -1,
1608 1591 1602 -1,
1608 1609 1585 -1,
1610 1607 1603 -1,
1611 1606 1600 -1,
1611 1600 1604 -1,
1612 1604 1605 -1,
1613 1599 1614 -1,
1613 1605 1599 -1,
1613 1612 1605 -1,
1615 1603 1597 -1,
1615 1597 1606 -1,
1615 1610 1603 -1,
1616 1602 1595 -1,
1616 1608 1602 -1,
1616 1595 1607 -1,
1617 1616 1607 -1,
1617 1607 1610 -1,
1618 1613 1614 -1,
1619 1615 1606 -1,
1619 1606 1611 -1,
1620 1611 1604 -1,
1620 1604 1612 -1,
1620 1619 1611 -1,
1621 1612 1613 -1,
1622 1610 1615 -1,
1622 1617 1610 -1,
1623 1624 1609 -1,
1623 1609 1608 -1,
1623 1608 1616 -1,
1623 1616 1617 -1,
1625 1623 1617 -1,
1625 1624 1623 -1,
1626 1621 1613 -1,
1626 1613 1618 -1,
1627 1622 1615 -1,
1627 1615 1619 -1,
1628 1619 1620 -1,
1629 1612 1621 -1,
1629 1620 1612 -1,
1630 1617 1622 -1,
1631 1626 1618 -1,
1631 1614 1632 -1,
1631 1618 1614 -1,
1633 1621 1626 -1,
1633 1629 1621 -1,
1634 1622 1627 -1,
1634 1630 1622 -1,
1635 1627 1619 -1,
1635 1619 1628 -1,
1636 1628 1620 -1,
1636 1620 1629 -1,
1636 1629 1633 -1,
1637 1624 1625 -1,
1637 1617 1630 -1,
1637 1638 1624 -1,
1637 1625 1617 -1,
1639 1626 1631 -1,
1640 1636 1633 -1,
1641 1630 1634 -1,
1641 1637 1630 -1,
1641 1638 1637 -1,
1642 1634 1627 -1,
1642 1627 1635 -1,
1642 1641 1634 -1,
1643 1636 1640 -1,
1643 1628 1636 -1,
1643 1635 1628 -1,
1644 1626 1639 -1,
1644 1633 1626 -1,
1645 1632 1646 -1,
1645 1631 1632 -1,
1647 1643 1640 -1,
1648 1638 1641 -1,
1648 1649 1638 -1,
1648 1641 1642 -1,
1650 1642 1635 -1,
1650 1635 1643 -1,
1651 1640 1633 -1,
1651 1633 1644 -1,
1652 1631 1645 -1,
1652 1639 1631 -1,
1653 1650 1643 -1,
1653 1643 1647 -1,
1654 1650 1653 -1,
1654 1648 1642 -1,
1654 1642 1650 -1,
1654 1649 1648 -1,
1655 1647 1640 -1,
1655 1640 1651 -1,
1656 1639 1652 -1,
1656 1644 1639 -1,
1657 1646 1658 -1,
1657 1645 1646 -1,
1657 1652 1645 -1,
1659 1660 1649 -1,
1659 1649 1654 -1,
1659 1654 1653 -1,
1661 1653 1647 -1,
1661 1647 1655 -1,
1662 1651 1644 -1,
1662 1644 1656 -1,
1663 1656 1652 -1,
1663 1652 1657 -1,
1664 1660 1659 -1,
1664 1659 1653 -1,
1664 1653 1661 -1,
1665 1666 1667 -1,
1665 1658 1666 -1,
1665 1657 1658 -1,
1668 1651 1662 -1,
1668 1655 1651 -1,
1669 1656 1663 -1,
1670 1663 1657 -1,
1670 1657 1665 -1,
1671 1655 1668 -1,
1671 1661 1655 -1,
1672 1662 1656 -1,
1672 1668 1662 -1,
1672 1656 1669 -1,
1673 1665 1667 -1,
1673 1667 1674 -1,
1675 1669 1663 -1,
1675 1663 1670 -1,
1676 1664 1661 -1,
1676 1661 1671 -1,
1676 1677 1660 -1,
1676 1678 1677 -1,
1676 1660 1664 -1,
1679 1668 1672 -1,
1680 1675 1670 -1,
1680 1665 1673 -1,
1680 1670 1665 -1,
1681 1669 1675 -1,
1681 1672 1669 -1,
1682 1671 1668 -1,
1682 1668 1679 -1,
1683 1673 1674 -1,
1684 1675 1680 -1,
1685 1679 1672 -1,
1685 1672 1681 -1,
1686 1676 1671 -1,
1686 1678 1676 -1,
1686 1671 1682 -1,
1687 1674 1688 -1,
1687 1683 1674 -1,
1689 1673 1683 -1,
1689 1680 1673 -1,
1690 1681 1675 -1,
1690 1675 1684 -1,
1690 1685 1681 -1,
1691 1679 1685 -1,
1691 1682 1679 -1,
1692 1683 1687 -1,
1692 1689 1683 -1,
1693 1687 1688 -1,
1694 1684 1680 -1,
1694 1680 1689 -1,
1694 1690 1684 -1,
1695 1685 1690 -1,
1695 1691 1685 -1,
1696 1678 1686 -1,
1696 1682 1691 -1,
1696 1686 1682 -1,
1696 1697 1678 -1,
1698 1689 1692 -1,
1698 1694 1689 -1,
1699 1692 1687 -1,
1699 1687 1693 -1,
1700 1688 1701 -1,
1700 1699 1693 -1,
1700 1693 1688 -1,
1702 1695 1690 -1,
1702 1690 1694 -1,
1703 1691 1695 -1,
1704 1700 1701 -1,
1705 1694 1698 -1,
1705 1702 1694 -1,
1706 1705 1698 -1,
1706 1692 1699 -1,
1706 1698 1692 -1,
1707 1699 1700 -1,
1708 1695 1702 -1,
1709 1696 1691 -1,
1709 1710 1697 -1,
1709 1697 1696 -1,
1709 1691 1703 -1,
1711 1700 1704 -1,
1711 1707 1700 -1,
1712 1702 1705 -1,
1712 1708 1702 -1,
1713 1705 1706 -1,
1714 1706 1699 -1,
1714 1699 1707 -1,
1714 1713 1706 -1,
1715 1709 1703 -1,
1715 1695 1708 -1,
1715 1703 1695 -1,
1716 1701 1717 -1,
1716 1711 1704 -1,
1716 1704 1701 -1,
1718 1707 1711 -1,
1718 1714 1707 -1,
1719 1715 1708 -1,
1719 1708 1712 -1,
1720 1712 1705 -1,
1720 1705 1713 -1,
1721 1720 1713 -1,
1721 1713 1714 -1,
1722 1709 1715 -1,
1722 1710 1709 -1,
1722 1723 1710 -1,
1724 1711 1716 -1,
1724 1718 1711 -1,
1725 1721 1714 -1,
1725 1714 1718 -1,
1726 1722 1715 -1,
1726 1715 1719 -1,
1726 1723 1722 -1,
1727 1712 1720 -1,
1727 1719 1712 -1,
1728 1720 1721 -1,
1729 1718 1724 -1,
1730 1385 1384 -1,
1730 1717 1385 -1,
1730 1716 1717 -1,
1731 1721 1725 -1,
1731 1728 1721 -1,
1732 1726 1719 -1,
1732 1719 1727 -1,
1732 1723 1726 -1,
1732 1733 1723 -1,
1734 1727 1720 -1,
1734 1720 1728 -1,
1735 1725 1718 -1,
1735 1718 1729 -1,
1735 1731 1725 -1,
1736 1716 1730 -1,
1736 1724 1716 -1,
1736 1384 1737 -1,
1736 1730 1384 -1,
1738 1734 1728 -1,
1738 1728 1731 -1,
1739 1732 1727 -1,
1739 1727 1734 -1,
1739 1733 1732 -1,
1740 1731 1735 -1,
1740 1738 1731 -1,
1741 1737 1742 -1,
1741 1729 1724 -1,
1741 1736 1737 -1,
1741 1724 1736 -1,
1743 1744 1733 -1,
1743 1734 1738 -1,
1743 1733 1739 -1,
1743 1739 1734 -1,
1745 1738 1740 -1,
1746 1735 1729 -1,
1746 1742 1747 -1,
1746 1729 1741 -1,
1746 1741 1742 -1,
1748 1743 1738 -1,
1748 1388 1744 -1,
1748 1744 1743 -1,
1748 1738 1745 -1,
1749 1746 1747 -1,
1749 1747 1750 -1,
1749 1735 1746 -1,
1749 1740 1735 -1,
1751 1745 1740 -1,
1751 1740 1749 -1,
1751 1749 1750 -1,
1751 1750 1752 -1,
1753 1748 1745 -1,
1753 1388 1748 -1,
1753 1751 1752 -1,
1753 1745 1751 -1,
1753 1389 1388 -1,
1753 1752 1389 -1,
1754 1755 1756 -1,
1754 1757 1755 -1,
1758 1759 1757 -1,
1758 1757 1754 -1,
1760 1761 1759 -1,
1760 1759 1758 -1,
1762 1763 1761 -1,
1762 1761 1760 -1,
1764 1765 1763 -1,
1764 1763 1762 -1,
1766 1767 1768 -1,
1766 1768 1765 -1,
1766 1765 1764 -1,
1769 1767 1766 -1,
1770 1771 1772 -1,
1770 1772 1767 -1,
1770 1767 1769 -1,
1773 1771 1770 -1,
1774 1771 1773 -1,
1774 1775 1776 -1,
1774 1776 1771 -1,
1777 1775 1774 -1,
1778 1775 1777 -1,
1778 1779 1775 -1,
1780 1779 1778 -1,
1780 1781 1779 -1,
1782 1781 1780 -1,
1782 1783 1781 -1,
1784 1783 1782 -1,
1784 1785 1783 -1,
1786 1785 1784 -1,
1786 1787 1785 -1,
1788 1787 1786 -1,
1788 1789 1787 -1,
1790 1789 1788 -1,
1790 1791 1789 -1,
1792 1793 1794 -1,
1792 1794 1791 -1,
1792 1791 1790 -1,
1795 1793 1792 -1,
1796 1797 1793 -1,
1796 1793 1795 -1,
1798 1799 1797 -1,
1798 1797 1796 -1,
1800 1801 1799 -1,
1800 1799 1798 -1,
1802 1803 1801 -1,
1802 1801 1800 -1,
1804 1805 1803 -1,
1804 1803 1802 -1,
1806 1807 1805 -1,
1806 1805 1804 -1,
1808 1809 1810 -1,
1808 1810 1807 -1,
1808 1807 1806 -1,
1811 1809 1808 -1,
1812 1813 1814 -1,
1812 1814 1815 -1,
1816 1815 1817 -1,
1816 1812 1815 -1,
1818 1817 1819 -1,
1818 1816 1817 -1,
1820 1819 1821 -1,
1820 1818 1819 -1,
1822 1821 1823 -1,
1822 1820 1821 -1,
1824 1823 1825 -1,
1824 1822 1823 -1,
1826 1825 1827 -1,
1826 1824 1825 -1,
1828 1826 1827 -1,
1828 1827 1829 -1,
1830 1828 1829 -1,
1830 1829 1831 -1,
1832 1831 1833 -1,
1832 1830 1831 -1,
1834 1833 1835 -1,
1834 1835 1836 -1,
1834 1832 1833 -1,
1837 1834 1836 -1,
1838 1836 1839 -1,
1838 1837 1836 -1,
1840 1839 1841 -1,
1840 1838 1839 -1,
1842 1841 1843 -1,
1842 1843 1844 -1,
1842 1840 1841 -1,
1845 1842 1844 -1,
1846 1844 1847 -1,
1846 1845 1844 -1,
1848 1847 1849 -1,
1848 1846 1847 -1,
1850 1849 1851 -1,
1850 1848 1849 -1,
1852 1851 1853 -1,
1852 1850 1851 -1,
1854 1853 1855 -1,
1854 1852 1853 -1,
1856 1855 1857 -1,
1856 1854 1855 -1,
1858 1857 1859 -1,
1858 1856 1857 -1,
1860 1859 1861 -1,
1860 1858 1859 -1,
1862 1861 1863 -1,
1862 1860 1861 -1,
1864 1863 1865 -1,
1864 1862 1863 -1,
1866 1865 1867 -1,
1866 1864 1865 -1,
1868 1867 1869 -1,
1868 1866 1867 -1,
1870 1869 1871 -1,
1870 1871 1872 -1,
1870 1868 1869 -1,
1873 1870 1872 -1,
1874 1872 1875 -1,
1874 1873 1872 -1,
1876 1875 1877 -1,
1876 1874 1875 -1,
1878 1879 1880 -1,
1878 1881 1879 -1,
1882 1883 1881 -1,
1882 1881 1878 -1,
1884 1885 1883 -1,
1884 1883 1882 -1,
1886 1887 1885 -1,
1886 1885 1884 -1,
1888 1889 1887 -1,
1888 1887 1886 -1,
1890 1891 1889 -1,
1890 1889 1888 -1,
1892 1893 1891 -1,
1892 1891 1890 -1,
1894 1895 1893 -1,
1894 1893 1892 -1,
1896 1897 1895 -1,
1896 1895 1894 -1,
1898 1897 1896 -1,
1898 1899 1897 -1,
1900 1899 1898 -1,
1900 1901 1899 -1,
1902 1901 1900 -1,
1902 1903 1901 -1,
1904 1903 1902 -1,
1904 1905 1903 -1,
1906 1905 1904 -1,
1906 1907 1905 -1,
1908 1907 1906 -1,
1908 1909 1907 -1,
1910 1909 1908 -1,
1910 1911 1909 -1,
1912 1911 1910 -1,
1912 1913 1911 -1,
1914 1913 1912 -1,
1914 1915 1913 -1,
1916 1917 1915 -1,
1916 1915 1914 -1,
1918 1919 1917 -1,
1918 1917 1916 -1,
1920 1921 1919 -1,
1920 1919 1918 -1,
1922 1923 1924 -1,
1922 1924 1921 -1,
1922 1921 1920 -1,
1925 1923 1922 -1,
1926 1927 1923 -1,
1926 1923 1925 -1,
1928 1929 1930 -1,
1928 1930 1927 -1,
1928 1927 1926 -1,
1931 1929 1928 -1,
1932 1933 1929 -1,
1932 1929 1931 -1,
1934 1935 1933 -1,
1934 1933 1932 -1,
1936 1937 1938 -1,
1936 1938 1935 -1,
1936 1935 1934 -1,
1939 1937 1936 -1,
1940 1941 1937 -1,
1940 1937 1939 -1,
1942 1943 1944 -1,
1945 1942 1944 -1,
1946 1947 1942 -1,
1948 1942 1945 -1,
1948 1946 1942 -1,
1949 1950 1951 -1,
1952 1950 1949 -1,
1953 1949 1954 -1,
1955 1952 1949 -1,
1955 1949 1953 -1,
1956 1957 1958 -1,
1959 1960 1957 -1,
1959 1957 1956 -1,
1961 1962 1960 -1,
1961 1960 1959 -1,
1963 1964 1962 -1,
1963 1962 1961 -1,
1965 1966 1964 -1,
1965 1964 1963 -1,
1967 1968 1966 -1,
1967 1966 1965 -1,
1969 1970 1968 -1,
1969 1968 1967 -1,
1971 1972 1970 -1,
1971 1970 1969 -1,
1973 1974 1972 -1,
1973 1972 1971 -1,
1975 1974 1973 -1,
1976 1977 1974 -1,
1976 1974 1975 -1,
1978 1979 1980 -1,
1978 1981 1979 -1,
1978 1982 1981 -1,
1983 1984 1982 -1,
1983 1982 1978 -1,
1985 1986 1987 -1,
1985 1987 1988 -1,
1989 1990 1984 -1,
1989 1984 1983 -1,
1991 1988 1992 -1,
1991 1985 1988 -1,
1993 1994 1990 -1,
1993 1990 1989 -1,
1995 1992 1996 -1,
1995 1991 1992 -1,
1997 1998 1994 -1,
1997 1994 1993 -1,
1999 1996 1998 -1,
1999 1998 1997 -1,
1999 1995 1996 -1,
2000 2001 2002 -1,
2000 2003 2001 -1,
2004 2005 2006 -1,
2004 2006 2007 -1,
2008 2009 2010 -1,
2008 2011 2009 -1,
2012 2013 2014 -1,
2015 2013 2012 -1,
2016 2015 2012 -1,
2017 2015 2016 -1,
2018 2017 2016 -1,
2019 2017 2018 -1,
2020 2019 2018 -1,
2021 2019 2020 -1,
2022 2021 2020 -1,
2023 2021 2022 -1,
2024 2023 2022 -1,
2025 2023 2024 -1,
2026 2025 2024 -1,
2027 2025 2026 -1,
2028 2027 2026 -1,
2029 2027 2028 -1,
2030 2029 2028 -1,
2031 2029 2030 -1,
2032 2030 2033 -1,
2032 2031 2030 -1,
2034 2033 2035 -1,
2034 2032 2033 -1,
2036 2034 2035 -1,
2037 2034 2036 -1,
2038 2037 2036 -1,
2039 2038 2040 -1,
2039 2037 2038 -1,
2041 2039 2040 -1,
2041 2040 2042 -1,
2043 2041 2042 -1,
2043 2042 2044 -1,
2045 2043 2044 -1,
2045 2044 2046 -1,
2047 2045 2046 -1,
2047 2046 2048 -1,
2049 2047 2048 -1,
2049 2048 2050 -1,
2051 2049 2050 -1,
2052 2053 2054 -1,
2055 2052 2054 -1,
2056 2057 2052 -1,
2056 2052 2055 -1,
2058 2059 2060 -1,
2061 2060 2059 -1,
2062 2059 2058 -1,
2063 2061 2059 -1,
2064 2059 2062 -1,
2065 2063 2059 -1,
2066 2067 2059 -1,
2066 2059 2064 -1,
2068 2065 2059 -1,
2069 2067 2066 -1,
2070 2068 2059 -1,
2071 2067 2069 -1,
2072 2070 2059 -1,
2073 2067 2071 -1,
2074 2072 2059 -1,
2075 2067 2073 -1,
2076 2077 2067 -1,
2076 2067 2075 -1,
2078 2077 2076 -1,
2079 2077 2078 -1,
2080 2077 2079 -1,
2081 2077 2080 -1,
2082 2077 2081 -1,
2083 2082 2084 -1,
2083 2077 2082 -1,
2085 2083 2084 -1,
2086 2083 2085 -1,
2087 2083 2086 -1,
2088 2089 2090 -1,
2088 2090 2091 -1,
2088 2091 2092 -1,
2088 2092 2093 -1,
2088 2093 2094 -1,
2088 2094 2095 -1,
2088 2095 2096 -1,
2088 2096 2097 -1,
2098 2083 2087 -1,
2099 2089 2088 -1,
2100 2083 2098 -1,
2101 2099 2088 -1,
2102 2083 2100 -1,
2103 2101 2088 -1,
2104 2083 2102 -1,
2105 2103 2088 -1,
2106 2083 2104 -1,
2107 2105 2088 -1,
2108 2083 2106 -1,
2109 2107 2088 -1,
2110 2083 2108 -1,
2111 2112 2113 -1,
2111 2113 2114 -1,
2111 2114 2115 -1,
2111 2115 2116 -1,
2111 2116 2117 -1,
2111 2117 2118 -1,
2111 2118 2119 -1,
2111 2119 2120 -1,
2111 2120 2121 -1,
2111 2121 2122 -1,
2111 2122 2123 -1,
2111 2123 2124 -1,
2111 2124 2125 -1,
2111 2125 2126 -1,
2111 2127 2088 -1,
2127 2128 2088 -1,
2128 2129 2088 -1,
2129 2109 2088 -1,
2111 2130 2127 -1,
2111 2131 2130 -1,
2111 2126 2131 -1,
2088 2132 2059 -1,
2132 2133 2059 -1,
2133 2074 2059 -1,
2088 2097 2132 -1,
2083 2134 2111 -1,
2134 2112 2111 -1,
2083 2135 2134 -1,
2083 2110 2135 -1,
2136 2137 2138 -1,
2136 2139 2137 -1,
2140 2141 2142 -1,
2143 2144 2140 -1,
2145 2146 2147 -1,
2148 2143 2140 -1,
2148 2140 2142 -1,
2149 2145 2150 -1,
2151 2152 2153 -1,
2151 2154 2152 -1,
2155 2149 2154 -1,
2155 2154 2151 -1,
2156 2157 2158 -1,
2156 2155 2157 -1,
2156 2159 2146 -1,
2156 2142 2159 -1,
2156 2148 2142 -1,
2156 2145 2149 -1,
2156 2146 2145 -1,
2156 2149 2155 -1,
2160 2161 2148 -1,
2160 2148 2156 -1,
2162 2163 2164 -1,
2165 2162 2164 -1,
2166 2167 2168 -1,
2166 2168 2169 -1,
2170 2167 2166 -1,
2171 2170 2166 -1,
2172 2173 2170 -1,
2172 2170 2171 -1,
2174 2175 2176 -1,
2177 2174 2176 -1,
2178 2179 2174 -1,
2178 2174 2177 -1,
2180 2179 2178 -1,
2181 2180 2178 -1,
2182 2183 2184 -1,
2185 2183 2182 -1,
2186 2187 2188 -1,
2189 2190 2186 -1,
2191 2192 2189 -1,
2193 2189 2186 -1,
2193 2191 2189 -1,
2194 2195 2196 -1,
2194 2188 2195 -1,
2194 2196 2197 -1,
2198 2199 2200 -1,
2201 2202 2203 -1,
2204 2205 2193 -1,
2204 2200 2205 -1,
2204 2206 2198 -1,
2204 2194 2202 -1,
2204 2186 2188 -1,
2204 2202 2201 -1,
2204 2188 2194 -1,
2204 2193 2186 -1,
2204 2198 2200 -1,
2207 2208 2209 -1,
2207 2209 2210 -1,
2211 2212 2213 -1,
2214 2215 2212 -1,
2216 2212 2211 -1,
2216 2214 2212 -1,
2217 2218 2219 -1,
2217 2220 2218 -1,
2221 2222 2223 -1,
2224 2222 2221 -1,
2224 2217 2219 -1,
2224 2221 2217 -1,
2225 2226 2227 -1,
2225 2228 2226 -1,
2229 2230 2225 -1,
2229 2225 2227 -1,
2231 2232 2233 -1,
2234 2235 2236 -1,
2234 2231 2235 -1,
2234 2237 2232 -1,
2234 2238 2237 -1,
2234 2239 2238 -1,
2234 2232 2231 -1,
2240 2234 2236 -1,
2241 2234 2240 -1,
2242 2243 2241 -1,
2244 2242 2241 -1,
2245 2244 2241 -1,
2246 2245 2241 -1,
2247 2248 2246 -1,
2247 2246 2241 -1,
2249 2250 2247 -1,
2249 2241 2240 -1,
2249 2247 2241 -1,
2251 2240 2252 -1,
2251 2249 2240 -1,
2253 2254 2255 -1,
2253 2255 2256 -1,
2257 2253 2258 -1,
2257 2258 2259 -1,
2257 2259 2260 -1,
2261 2257 2262 -1,
2263 2264 2254 -1,
2263 2265 2264 -1,
2266 2261 2267 -1,
2266 2257 2261 -1,
2268 2269 2263 -1,
2270 2266 2271 -1,
2272 2273 2268 -1,
2272 2254 2253 -1,
2272 2253 2257 -1,
2272 2263 2254 -1,
2272 2268 2263 -1,
2272 2257 2266 -1,
2272 2266 2270 -1,
2274 2275 2276 -1,
2274 2276 2277 -1,
2278 2279 2280 -1,
2281 2280 2282 -1,
2283 2281 2282 -1,
2284 2278 2280 -1,
2284 2280 2281 -1,
2285 2286 2287 -1,
2288 2289 2285 -1,
2288 2285 2287 -1,
2290 2288 2291 -1,
2290 2289 2288 -1,
2292 2293 2294 -1,
2295 2294 2293 -1,
2296 2293 2292 -1,
2297 2293 2298 -1,
2297 2295 2293 -1,
2299 2293 2296 -1,
2300 2297 2298 -1,
2301 2293 2299 -1,
2302 2300 2298 -1,
2303 2293 2301 -1,
2304 2302 2298 -1,
2305 2293 2303 -1,
2306 2304 2298 -1,
2307 2293 2305 -1,
2308 2298 2309 -1,
2308 2306 2298 -1,
2310 2293 2307 -1,
2311 2308 2309 -1,
2312 2311 2309 -1,
2313 2312 2309 -1,
2314 2313 2309 -1,
2315 2314 2309 -1,
2316 2309 2317 -1,
2316 2315 2309 -1,
2318 2316 2317 -1,
2319 2318 2317 -1,
2320 2293 2310 -1,
2320 2321 2322 -1,
2320 2323 2321 -1,
2320 2324 2323 -1,
2320 2325 2324 -1,
2320 2326 2325 -1,
2320 2327 2326 -1,
2320 2328 2327 -1,
2320 2310 2328 -1,
2329 2319 2317 -1,
2330 2320 2322 -1,
2331 2329 2317 -1,
2332 2320 2330 -1,
2333 2331 2317 -1,
2334 2320 2332 -1,
2335 2333 2317 -1,
2336 2320 2334 -1,
2337 2335 2317 -1,
2338 2320 2336 -1,
2339 2337 2317 -1,
2340 2320 2338 -1,
2341 2339 2317 -1,
2342 2320 2340 -1,
2343 2341 2317 -1,
2344 2345 2343 -1,
2344 2346 2345 -1,
2344 2347 2346 -1,
2344 2343 2317 -1,
2344 2348 2347 -1,
2344 2349 2348 -1,
2344 2350 2349 -1,
2344 2351 2350 -1,
2344 2352 2351 -1,
2344 2353 2352 -1,
2344 2354 2353 -1,
2344 2355 2354 -1,
2344 2356 2355 -1,
2344 2357 2356 -1,
2344 2358 2357 -1,
2344 2359 2358 -1,
2344 2320 2342 -1,
2344 2342 2359 -1,
2360 2361 2362 -1,
2360 2363 2364 -1,
2365 2361 2360 -1,
2365 2360 2364 -1,
2366 2367 2368 -1,
2369 2368 2370 -1,
2369 2366 2368 -1,
2371 2370 2372 -1,
2371 2369 2370 -1,
2373 2372 2374 -1,
2373 2371 2372 -1,
2375 2374 2376 -1,
2375 2373 2374 -1,
2377 2376 2378 -1,
2377 2375 2376 -1,
2379 2378 2380 -1,
2379 2377 2378 -1,
2381 2380 2382 -1,
2381 2379 2380 -1,
2383 2382 2384 -1,
2383 2381 2382 -1,
2385 2383 2384 -1,
2386 2387 2388 -1,
2389 2387 2386 -1,
2390 2389 2386 -1,
2391 2392 2389 -1,
2391 2389 2390 -1,
2393 2394 2395 -1,
2393 2395 2396 -1,
2397 2396 2398 -1,
2397 2393 2396 -1,
2399 2398 2400 -1,
2399 2397 2398 -1,
2401 2400 2402 -1,
2401 2399 2400 -1,
2403 2402 2404 -1,
2403 2401 2402 -1,
2405 2404 2406 -1,
2405 2403 2404 -1,
2407 2406 2408 -1,
2407 2405 2406 -1,
2409 2408 2410 -1,
2409 2407 2408 -1,
2411 2410 2412 -1,
2411 2409 2410 -1,
2413 2414 2415 -1,
2416 2415 2417 -1,
2416 2413 2415 -1,
2418 2417 2419 -1,
2418 2416 2417 -1,
2420 2419 2421 -1,
2420 2418 2419 -1,
2422 2421 2423 -1,
2422 2420 2421 -1,
2424 2423 2425 -1,
2424 2422 2423 -1,
2426 2425 2427 -1,
2426 2424 2425 -1,
2428 2427 2429 -1,
2428 2426 2427 -1,
2430 2429 2431 -1,
2430 2428 2429 -1,
2432 2431 2433 -1,
2432 2430 2431 -1,
2434 2433 2435 -1,
2434 2432 2433 -1,
2436 2435 2437 -1,
2436 2434 2435 -1,
2438 2437 2439 -1,
2438 2436 2437 -1,
2440 2439 2441 -1,
2440 2438 2439 -1,
2442 2441 2443 -1,
2442 2440 2441 -1,
2444 2442 2443 -1,
2444 2443 2445 -1,
2446 2444 2445 -1,
2446 2445 2447 -1,
2448 2446 2447 -1,
2448 2447 2449 -1,
2450 2448 2449 -1,
2451 2452 2453 -1,
2454 2455 2452 -1,
2454 2452 2451 -1,
2456 2455 2454 -1,
2457 2456 2454 -1,
2458 2459 2460 -1,
2458 2460 2461 -1,
2462 2460 2459 -1,
2462 2463 2460 -1,
2464 2458 2461 -1,
2464 2461 2465 -1,
2466 2463 2462 -1,
2466 2467 2463 -1,
2468 2464 2465 -1,
2468 2465 2469 -1,
2470 2467 2466 -1,
2470 2471 2467 -1,
2472 2469 2473 -1,
2472 2468 2469 -1,
2474 2475 2471 -1,
2474 2471 2470 -1,
2476 2472 2473 -1,
2476 2473 2477 -1,
2478 2479 2475 -1,
2478 2475 2474 -1,
2480 2477 2481 -1,
2480 2476 2477 -1,
2482 2483 2479 -1,
2482 2479 2478 -1,
2484 2480 2481 -1,
2485 2480 2484 -1,
2486 2487 2483 -1,
2486 2483 2482 -1,
2488 2484 2489 -1,
2488 2485 2484 -1,
2490 2491 2487 -1,
2490 2487 2486 -1,
2492 2489 2493 -1,
2492 2488 2489 -1,
2494 2495 2491 -1,
2494 2491 2490 -1,
2496 2492 2493 -1,
2497 2495 2494 -1,
2498 2492 2496 -1,
2499 2497 2494 -1,
2500 2496 2501 -1,
2500 2498 2496 -1,
2502 2503 2497 -1,
2502 2497 2499 -1,
2504 2500 2501 -1,
2505 2500 2504 -1,
2506 2503 2502 -1,
2506 2507 2503 -1,
2508 2505 2504 -1,
2509 2505 2508 -1,
2510 2507 2506 -1,
2510 2511 2507 -1,
2512 2509 2508 -1,
2512 2508 2513 -1,
2514 2511 2510 -1,
2514 2515 2511 -1,
2516 2512 2513 -1,
2516 2517 2512 -1,
2518 2514 2519 -1,
2518 2515 2514 -1,
2520 2517 2516 -1,
2520 2521 2517 -1,
2522 2519 2523 -1,
2522 2518 2519 -1,
2524 2521 2520 -1,
2524 2525 2521 -1,
2526 2523 2527 -1,
2526 2522 2523 -1,
2528 2525 2524 -1,
2528 2529 2525 -1,
2530 2527 2531 -1,
2530 2526 2527 -1,
2532 2529 2528 -1,
2533 2532 2528 -1,
2534 2531 2535 -1,
2534 2530 2531 -1,
2536 2534 2535 -1,
2536 2535 2537 -1,
2538 2532 2533 -1,
2538 2539 2532 -1,
2540 2539 2538 -1,
2541 2540 2538 -1,
2542 2536 2537 -1,
2542 2537 2543 -1,
2544 2542 2543 -1,
2545 2540 2541 -1,
2545 2546 2540 -1,
2547 2542 2544 -1,
2548 2546 2545 -1,
2549 2547 2544 -1,
2550 2547 2549 -1,
2551 2548 2545 -1,
2552 2550 2549 -1,
2553 2548 2551 -1,
2553 2554 2548 -1,
2555 2550 2552 -1,
2555 2552 2556 -1,
2557 2554 2553 -1,
2557 2558 2554 -1,
2559 2555 2556 -1,
2560 2559 2556 -1,
2560 2561 2562 -1,
2560 2556 2561 -1,
2563 2558 2557 -1,
2563 2564 2558 -1,
2563 2565 2564 -1,
2566 2560 2562 -1,
2566 2562 2567 -1,
2568 2565 2563 -1,
2568 2567 2565 -1,
2569 2566 2567 -1,
2569 2567 2568 -1,
2570 2571 2572 -1,
2570 2573 2571 -1,
2574 2572 2575 -1,
2574 2570 2572 -1,
2576 2575 2577 -1,
2576 2574 2575 -1,
2578 2579 2580 -1,
2578 2581 2579 -1,
2582 2583 2584 -1,
2583 2585 2584 -1,
2585 2586 2584 -1,
2586 2587 2584 -1,
2587 2588 2584 -1,
2588 2589 2584 -1,
2590 2591 2592 -1,
2593 2592 2594 -1,
2593 2590 2592 -1,
2595 2593 2594 -1,
2596 2597 2598 -1,
2596 2598 2599 -1,
2600 2601 2602 -1,
2600 2599 2601 -1,
2600 2596 2599 -1,
2603 2600 2602 -1,
2604 2605 2606 -1,
2607 2605 2604 -1,
2608 2604 2609 -1,
2608 2607 2604 -1,
2610 2611 2612 -1,
2613 2610 2612 -1,
2614 2615 2610 -1,
2614 2610 2613 -1,
2616 2617 2618 -1,
2616 2619 2617 -1,
2620 2621 2622 -1,
2620 2623 2621 -1,
2624 2625 2626 -1,
2624 2627 2625 -1,
2628 2629 2630 -1,
2628 2631 2629 -1,
2632 2633 2634 -1,
2632 2634 2635 -1,
2636 2637 2638 -1,
2636 2639 2637 -1,
2640 2641 2642 -1,
2643 2640 2642 -1,
]
creaseAngle 0.5
}
}
Shape {
appearance Appearance {
material Material {
ambientIntensity 0.2
diffuseColor 0.9500 0.9500 0.9500
specularColor 0.5500 0.5500 0.5500
shininess 0.40
}
}
geometry IndexedFaceSet {
coord Coordinate {
point [
2.559055 -0.096688 -0.702035,
5.561024 0.000000 -0.708661,
2.559055 0.000000 -0.708661,
5.561024 -0.100853 -0.701448,
2.559055 -0.191567 -0.682278,
5.561024 -0.199653 -0.679956,
2.559055 -0.282864 -0.649761,
5.561024 -0.294389 -0.644621,
2.559055 -0.368871 -0.605091,
5.561024 -0.383131 -0.596164,
2.559055 -0.447978 -0.549105,
5.561024 -0.464074 -0.535570,
2.559055 -0.518707 -0.482849,
5.561024 -0.535570 -0.464074,
2.559055 -0.579736 -0.407563,
5.561024 -0.596164 -0.383131,
2.559055 -0.629921 -0.324654,
5.561024 -0.644621 -0.294389,
2.559055 -0.668114 -0.236273,
5.561024 -0.679956 -0.199653,
2.559055 -0.693974 -0.143531,
5.561024 -0.701448 -0.100853,
2.559055 -0.707024 -0.048140,
5.561024 -0.708661 0.000000,
2.559055 -0.707024 0.048140,
5.561024 -0.701448 0.100853,
2.559055 -0.693974 0.143531,
5.561024 -0.679956 0.199653,
2.559055 -0.668114 0.236273,
5.561024 -0.644621 0.294389,
2.559055 -0.629921 0.324654,
5.561024 -0.596164 0.383131,
2.559055 -0.579736 0.407563,
5.561024 -0.535570 0.464074,
2.559055 -0.518707 0.482849,
5.561024 -0.464074 0.535570,
2.559055 -0.447978 0.549105,
5.561024 -0.383131 0.596164,
2.559055 -0.368871 0.605091,
5.561024 -0.294389 0.644621,
2.559055 -0.282864 0.649761,
5.561024 -0.199653 0.679956,
2.559055 -0.191567 0.682278,
5.561024 -0.100853 0.701448,
2.559055 -0.096688 0.702035,
5.561024 0.000000 0.708661,
2.559055 0.000000 0.708661,
2.559055 0.000000 0.708661,
5.561024 0.100853 0.701448,
5.561024 0.000000 0.708661,
2.559055 0.100853 0.701448,
2.559055 0.199653 0.679956,
5.561024 0.199653 0.679956,
2.559055 0.294389 0.644621,
5.561024 0.294389 0.644621,
2.559055 0.383131 0.596164,
5.561024 0.383131 0.596164,
2.559055 0.464074 0.535570,
5.561024 0.464074 0.535570,
2.559055 0.535570 0.464074,
5.561024 0.596164 0.383131,
5.561024 0.535570 0.464074,
2.559055 0.596164 0.383131,
2.559055 0.644621 0.294389,
5.561024 0.644621 0.294389,
2.559055 0.679956 0.199653,
5.561024 0.679956 0.199653,
2.559055 0.701448 0.100853,
5.561024 0.701448 0.100853,
2.559055 0.708661 -0.000000,
5.561024 0.701448 -0.100853,
5.561024 0.708661 -0.000000,
2.559055 0.701448 -0.100853,
5.561024 0.679956 -0.199653,
2.559055 0.679956 -0.199653,
2.559055 0.644621 -0.294389,
5.561024 0.644621 -0.294389,
2.559055 0.596164 -0.383131,
5.561024 0.596164 -0.383131,
2.559055 0.535570 -0.464074,
5.561024 0.535570 -0.464074,
2.559055 0.464074 -0.535570,
5.561024 0.464074 -0.535570,
2.559055 0.383131 -0.596164,
5.561024 0.383131 -0.596164,
2.559055 0.294389 -0.644621,
5.561024 0.294389 -0.644621,
2.559055 0.199653 -0.679956,
5.561024 0.199653 -0.679956,
2.559055 0.100853 -0.701448,
5.561024 0.100853 -0.701448,
2.559055 0.000000 -0.708661,
5.561024 0.000000 -0.708661,
2.559055 -0.777559 0.639764,
2.559055 -1.453069 0.376226,
2.559055 -1.407551 0.521300,
2.559055 -1.347591 0.661025,
2.559055 -1.273802 0.793967,
2.559055 -1.186942 0.918761,
2.559055 -1.087903 1.034128,
2.559055 -0.977700 1.138884,
2.559055 -0.857465 1.231953,
2.559055 -0.629921 0.639764,
2.559055 -0.728431 1.312381,
2.559055 -0.591922 1.379341,
2.559055 -0.447978 0.549105,
2.559055 -0.518707 0.482849,
2.559055 -0.579736 0.407563,
2.559055 -0.368871 0.605091,
2.559055 -0.282864 0.649761,
2.559055 -0.449339 1.432148,
2.559055 -0.191567 0.682278,
2.559055 -0.302146 1.470259,
2.559055 -0.096688 0.702035,
2.559055 -0.151852 1.493283,
2.559055 0.000000 0.708661,
2.559055 0.000000 1.500984,
2.559055 0.151852 1.493283,
2.559055 0.100853 0.701448,
2.559055 0.302146 1.470259,
2.559055 0.199653 0.679956,
2.559055 0.449339 1.432148,
2.559055 0.591922 1.379341,
2.559055 0.294389 0.644621,
2.559055 0.728431 1.312381,
2.559055 0.383131 0.596164,
2.559055 0.857465 1.231953,
2.559055 -0.777559 -0.639764,
2.559055 -1.186942 -0.918761,
2.559055 -1.273802 -0.793967,
2.559055 -1.347591 -0.661025,
2.559055 -1.407551 -0.521300,
2.559055 -1.453069 -0.376226,
2.559055 0.464074 0.535570,
2.559055 0.977700 1.138884,
2.559055 -1.087903 -1.034128,
2.559055 -0.629921 -0.639764,
2.559055 -0.579736 -0.407563,
2.559055 -0.518707 -0.482849,
2.559055 1.087903 1.034128,
2.559055 0.535570 0.464074,
2.559055 -0.447978 -0.549105,
2.559055 -0.977700 -1.138884,
2.559055 -0.368871 -0.605091,
2.559055 1.186942 0.918761,
2.559055 0.596164 0.383131,
2.559055 -0.282864 -0.649761,
2.559055 -0.857465 -1.231953,
2.559055 1.273802 0.793967,
2.559055 -0.728431 -1.312381,
2.559055 1.347591 0.661025,
2.559055 0.644621 0.294389,
2.559055 -0.591922 -1.379341,
2.559055 1.407551 0.521300,
2.559055 0.679956 0.199653,
2.559055 -0.449339 -1.432148,
2.559055 -0.191567 -0.682278,
2.559055 1.453069 0.376226,
2.559055 0.701448 0.100853,
2.559055 -0.302146 -1.470259,
2.559055 -0.096688 -0.702035,
2.559055 1.483675 0.227291,
2.559055 -0.151852 -1.493283,
2.559055 0.000000 -0.708661,
2.559055 1.499058 0.076024,
2.559055 0.708661 -0.000000,
2.559055 0.000000 -1.500984,
2.559055 1.499058 -0.076024,
2.559055 0.701448 -0.100853,
2.559055 0.151852 -1.493283,
2.559055 0.100853 -0.701448,
2.559055 1.483675 -0.227291,
2.559055 0.302146 -1.470259,
2.559055 0.199653 -0.679956,
2.559055 1.453069 -0.376226,
2.559055 0.679956 -0.199653,
2.559055 0.449339 -1.432148,
2.559055 1.407551 -0.521300,
2.559055 0.644621 -0.294389,
2.559055 0.591922 -1.379341,
2.559055 0.294389 -0.644621,
2.559055 1.347591 -0.661025,
2.559055 0.596164 -0.383131,
2.559055 0.728431 -1.312381,
2.559055 0.383131 -0.596164,
2.559055 1.273802 -0.793967,
2.559055 0.857465 -1.231953,
2.559055 0.464074 -0.535570,
2.559055 1.186942 -0.918761,
2.559055 0.535570 -0.464074,
2.559055 0.977700 -1.138884,
2.559055 1.087903 -1.034128,
2.559055 -0.629921 -0.324654,
2.559055 -1.483675 0.227291,
2.559055 -1.499058 0.076024,
2.559055 -1.499058 -0.076024,
2.559055 -1.483675 -0.227291,
2.559055 -0.629921 0.324654,
5.561024 -0.535570 0.464074,
5.561024 -0.835165 0.835165,
5.561024 -0.923423 0.736405,
5.561024 -0.464074 0.535570,
5.561024 -0.736405 0.923423,
5.561024 -0.596164 0.383131,
5.561024 -1.000068 0.628384,
5.561024 -1.064137 0.512461,
5.561024 -0.383131 0.596164,
5.561024 -0.628384 1.000068,
5.561024 -0.512461 1.064137,
5.561024 -0.644621 0.294389,
5.561024 -1.114823 0.390093,
5.561024 -0.294389 0.644621,
5.561024 -0.390093 1.114823,
5.561024 -0.679956 0.199653,
5.561024 -1.151490 0.262820,
5.561024 -0.199653 0.679956,
5.561024 -0.262820 1.151490,
5.561024 -0.701448 0.100853,
5.561024 -1.173676 0.132241,
5.561024 -0.100853 0.701448,
5.561024 -0.132241 1.173676,
5.561024 -0.708661 0.000000,
5.561024 -1.181102 -0.000000,
5.561024 -1.173676 -0.132241,
5.561024 0.000000 0.708661,
5.561024 0.132241 1.173676,
5.561024 0.000000 1.181102,
5.561024 -0.701448 -0.100853,
5.561024 -1.151490 -0.262820,
5.561024 0.100853 0.701448,
5.561024 0.262820 1.151490,
5.561024 -0.679956 -0.199653,
5.561024 -1.114823 -0.390093,
5.561024 0.199653 0.679956,
5.561024 0.390093 1.114823,
5.561024 -0.644621 -0.294389,
5.561024 -1.064137 -0.512461,
5.561024 0.294389 0.644621,
5.561024 0.512461 1.064137,
5.561024 -0.596164 -0.383131,
5.561024 -1.000068 -0.628384,
5.561024 0.383131 0.596164,
5.561024 0.628384 1.000068,
5.561024 0.736405 0.923423,
5.561024 -0.923423 -0.736405,
5.561024 -0.535570 -0.464074,
5.561024 0.464074 0.535570,
5.561024 0.835165 0.835165,
5.561024 -0.835165 -0.835165,
5.561024 -0.464074 -0.535570,
5.561024 0.535570 0.464074,
5.561024 0.923423 0.736405,
5.561024 -0.736405 -0.923423,
5.561024 -0.383131 -0.596164,
5.561024 0.596164 0.383131,
5.561024 -0.628384 -1.000068,
5.561024 1.000068 0.628384,
5.561024 1.064137 0.512461,
5.561024 0.644621 0.294389,
5.561024 -0.512461 -1.064137,
5.561024 -0.294389 -0.644621,
5.561024 -0.390093 -1.114823,
5.561024 -0.199653 -0.679956,
5.561024 1.114823 0.390093,
5.561024 0.679956 0.199653,
5.561024 1.151490 0.262820,
5.561024 0.701448 0.100853,
5.561024 -0.262820 -1.151490,
5.561024 -0.100853 -0.701448,
5.561024 1.173676 0.132241,
5.561024 0.708661 -0.000000,
5.561024 -0.132241 -1.173676,
5.561024 0.000000 -0.708661,
5.561024 0.000000 -1.181102,
5.561024 1.181102 0.000000,
5.561024 1.173676 -0.132241,
5.561024 0.701448 -0.100853,
5.561024 0.132241 -1.173676,
5.561024 0.100853 -0.701448,
5.561024 1.151490 -0.262820,
5.561024 0.679956 -0.199653,
5.561024 0.262820 -1.151490,
5.561024 0.199653 -0.679956,
5.561024 1.114823 -0.390093,
5.561024 0.644621 -0.294389,
5.561024 0.390093 -1.114823,
5.561024 0.294389 -0.644621,
5.561024 1.064137 -0.512461,
5.561024 0.596164 -0.383131,
5.561024 0.512461 -1.064137,
5.561024 0.383131 -0.596164,
5.561024 1.000068 -0.628384,
5.561024 0.628384 -1.000068,
5.561024 0.923423 -0.736405,
5.561024 0.535570 -0.464074,
5.561024 0.736405 -0.923423,
5.561024 0.464074 -0.535570,
5.561024 0.835165 -0.835165,
]
}
coordIndex [
0 1 2 -1,
0 3 1 -1,
4 5 3 -1,
4 3 0 -1,
6 7 5 -1,
6 5 4 -1,
8 9 7 -1,
8 7 6 -1,
10 11 9 -1,
10 9 8 -1,
12 13 11 -1,
12 11 10 -1,
14 15 13 -1,
14 13 12 -1,
16 17 15 -1,
16 15 14 -1,
18 19 17 -1,
18 17 16 -1,
20 21 19 -1,
20 19 18 -1,
22 23 21 -1,
22 21 20 -1,
24 25 23 -1,
24 23 22 -1,
26 25 24 -1,
26 27 25 -1,
28 27 26 -1,
28 29 27 -1,
30 29 28 -1,
30 31 29 -1,
32 31 30 -1,
32 33 31 -1,
34 33 32 -1,
34 35 33 -1,
36 35 34 -1,
36 37 35 -1,
38 37 36 -1,
38 39 37 -1,
40 41 39 -1,
40 39 38 -1,
42 43 41 -1,
42 41 40 -1,
44 45 43 -1,
44 43 42 -1,
46 45 44 -1,
47 48 49 -1,
50 48 47 -1,
51 52 48 -1,
51 48 50 -1,
53 54 52 -1,
53 52 51 -1,
55 56 54 -1,
55 54 53 -1,
57 58 56 -1,
57 56 55 -1,
59 60 61 -1,
59 61 58 -1,
59 58 57 -1,
62 60 59 -1,
63 64 60 -1,
63 60 62 -1,
65 66 64 -1,
65 64 63 -1,
67 68 66 -1,
67 66 65 -1,
69 70 71 -1,
69 71 68 -1,
69 68 67 -1,
72 73 70 -1,
72 70 69 -1,
74 73 72 -1,
75 73 74 -1,
75 76 73 -1,
77 76 75 -1,
77 78 76 -1,
79 78 77 -1,
79 80 78 -1,
81 80 79 -1,
81 82 80 -1,
83 82 81 -1,
83 84 82 -1,
85 86 84 -1,
85 84 83 -1,
87 88 86 -1,
87 86 85 -1,
89 90 88 -1,
89 88 87 -1,
91 92 90 -1,
91 90 89 -1,
93 94 95 -1,
93 95 96 -1,
93 96 97 -1,
93 97 98 -1,
93 98 99 -1,
93 99 100 -1,
93 100 101 -1,
102 93 101 -1,
102 101 103 -1,
102 103 104 -1,
105 106 102 -1,
107 102 106 -1,
108 105 102 -1,
109 102 104 -1,
109 104 110 -1,
109 108 102 -1,
111 109 110 -1,
111 110 112 -1,
113 112 114 -1,
113 111 112 -1,
115 116 117 -1,
115 113 114 -1,
115 114 116 -1,
118 117 119 -1,
118 115 117 -1,
120 119 121 -1,
120 121 122 -1,
120 118 119 -1,
123 122 124 -1,
123 120 122 -1,
125 124 126 -1,
125 123 124 -1,
127 128 129 -1,
127 129 130 -1,
127 130 131 -1,
127 131 132 -1,
133 126 134 -1,
133 125 126 -1,
135 128 127 -1,
136 137 138 -1,
139 133 134 -1,
140 133 139 -1,
141 136 138 -1,
142 135 127 -1,
143 136 141 -1,
144 140 139 -1,
144 145 140 -1,
146 136 143 -1,
147 127 136 -1,
147 142 127 -1,
148 145 144 -1,
149 147 136 -1,
150 145 148 -1,
150 151 145 -1,
152 136 146 -1,
152 149 136 -1,
153 151 150 -1,
153 154 151 -1,
155 152 146 -1,
155 146 156 -1,
157 154 153 -1,
157 158 154 -1,
159 155 156 -1,
159 156 160 -1,
161 158 157 -1,
162 159 160 -1,
162 160 163 -1,
164 158 161 -1,
164 165 158 -1,
166 162 163 -1,
167 168 165 -1,
167 165 164 -1,
169 163 170 -1,
169 166 163 -1,
171 168 167 -1,
172 170 173 -1,
172 169 170 -1,
174 175 168 -1,
174 168 171 -1,
176 172 173 -1,
177 178 175 -1,
177 175 174 -1,
179 173 180 -1,
179 176 173 -1,
181 182 178 -1,
181 178 177 -1,
183 179 180 -1,
183 180 184 -1,
185 182 181 -1,
186 183 184 -1,
186 184 187 -1,
188 182 185 -1,
188 189 182 -1,
190 186 187 -1,
191 189 188 -1,
191 190 187 -1,
191 187 189 -1,
192 137 136 -1,
127 94 93 -1,
127 193 94 -1,
127 194 193 -1,
127 195 194 -1,
127 196 195 -1,
127 132 196 -1,
102 107 197 -1,
198 199 200 -1,
201 199 198 -1,
201 202 199 -1,
203 198 200 -1,
203 204 205 -1,
203 200 204 -1,
206 202 201 -1,
206 207 202 -1,
206 208 207 -1,
209 203 205 -1,
209 205 210 -1,
211 208 206 -1,
211 212 208 -1,
213 209 210 -1,
213 210 214 -1,
215 212 211 -1,
215 216 212 -1,
217 213 214 -1,
217 214 218 -1,
219 216 215 -1,
219 220 216 -1,
221 222 223 -1,
221 218 222 -1,
221 217 218 -1,
224 225 226 -1,
224 226 220 -1,
224 220 219 -1,
227 223 228 -1,
227 221 223 -1,
229 230 225 -1,
229 225 224 -1,
231 228 232 -1,
231 227 228 -1,
233 234 230 -1,
233 230 229 -1,
235 232 236 -1,
235 231 232 -1,
237 238 234 -1,
237 234 233 -1,
239 236 240 -1,
239 235 236 -1,
241 242 238 -1,
241 238 237 -1,
243 242 241 -1,
244 239 240 -1,
245 239 244 -1,
246 243 241 -1,
247 243 246 -1,
248 245 244 -1,
249 245 248 -1,
250 247 246 -1,
251 247 250 -1,
252 249 248 -1,
253 249 252 -1,
254 251 250 -1,
255 253 252 -1,
256 251 254 -1,
257 256 254 -1,
257 254 258 -1,
259 253 255 -1,
259 260 253 -1,
261 260 259 -1,
261 262 260 -1,
263 257 258 -1,
263 258 264 -1,
265 263 264 -1,
265 264 266 -1,
267 262 261 -1,
267 268 262 -1,
269 265 266 -1,
269 266 270 -1,
271 268 267 -1,
271 272 268 -1,
273 272 271 -1,
274 269 270 -1,
275 274 270 -1,
275 270 276 -1,
277 272 273 -1,
277 278 272 -1,
279 275 276 -1,
279 276 280 -1,
281 278 277 -1,
281 282 278 -1,
283 279 280 -1,
283 280 284 -1,
285 282 281 -1,
285 286 282 -1,
287 284 288 -1,
287 283 284 -1,
289 290 286 -1,
289 286 285 -1,
291 287 288 -1,
292 290 289 -1,
293 288 294 -1,
293 291 288 -1,
295 290 292 -1,
295 296 290 -1,
297 294 296 -1,
297 293 294 -1,
297 296 295 -1,
]
creaseAngle 0.5
}
}
]
}