WARNING: fp-lib-table file was not found. Component footprints are not available.
WARNING: fp-lib-table file was not found. Component footprints are not available.
WARNING: fp-lib-table file was not found. Component footprints are not available.
WARNING: fp-lib-table file was not found. Component footprints are not available.
WARNING: Merging two named nets (+5V_ANALOG and +5V2) into +5V_ANALOG. @ [/home/g/Repos/retr01/app/schematic_generator/retr01_schem/board.py:157=>/home/g/Repos/retr01/app/schematic_generator/retr01_schem/board.py:150]
WARNING: Merging two named nets (+5V1 and +5V5) into +5V1. @ [/home/g/Repos/retr01/app/schematic_generator/retr01_schem/board.py:157=>/home/g/Repos/retr01/app/schematic_generator/retr01_schem/board.py:150]
WARNING: Merging two named nets (+5V_ANALOG and +5V1) into +5V_ANALOG. @ [/home/g/Repos/retr01/app/schematic_generator/retr01_schem/board.py:157=>/home/g/Repos/retr01/app/schematic_generator/retr01_schem/board.py:150]
WARNING: Merging two named nets (+5V3 and +5V4) into +5V3. @ [/home/g/Repos/retr01/app/schematic_generator/retr01_schem/board.py:157=>/home/g/Repos/retr01/app/schematic_generator/retr01_schem/board.py:150]
WARNING: Merging two named nets (+5V_ANALOG1 and +5V) into +5V_ANALOG1. @ [/home/g/Repos/retr01/app/schematic_generator/retr01_schem/board.py:157=>/home/g/Repos/retr01/app/schematic_generator/retr01_schem/board.py:150]
WARNING: Merging two named nets (+5V3 and +5V_ANALOG1) into +5V3. @ [/home/g/Repos/retr01/app/schematic_generator/retr01_schem/board.py:157=>/home/g/Repos/retr01/app/schematic_generator/retr01_schem/board.py:150]
WARNING: Merging two named nets (+5V_ANALOG and +5V3) into +5V_ANALOG. @ [/home/g/Repos/retr01/app/schematic_generator/retr01_schem/board.py:157=>/home/g/Repos/retr01/app/schematic_generator/retr01_schem/board.py:150]
WARNING: Merging two named nets (PHI2_BUF2 and MUX_AB) into PHI2_BUF2. @ [/home/g/Repos/retr01/app/schematic_generator/retr01_schem/board.py:157=>/home/g/Repos/retr01/app/schematic_generator/retr01_schem/board.py:150]
WARNING: Merging two named nets (PHI2_1 and MUX_AB2) into PHI2_1. @ [/home/g/Repos/retr01/app/schematic_generator/retr01_schem/board.py:157=>/home/g/Repos/retr01/app/schematic_generator/retr01_schem/board.py:150]
WARNING: Merging two named nets (PHI2_BUF2 and PHI2_1) into PHI2_BUF2. @ [/home/g/Repos/retr01/app/schematic_generator/retr01_schem/board.py:157=>/home/g/Repos/retr01/app/schematic_generator/retr01_schem/board.py:150]
WARNING: Merging two named nets (MUX_AB1 and PHI2_2) into MUX_AB1. @ [/home/g/Repos/retr01/app/schematic_generator/retr01_schem/board.py:157=>/home/g/Repos/retr01/app/schematic_generator/retr01_schem/board.py:150]
WARNING: Merging two named nets (PHI2_BUF and PHI2) into PHI2_BUF. @ [/home/g/Repos/retr01/app/schematic_generator/retr01_schem/board.py:157=>/home/g/Repos/retr01/app/schematic_generator/retr01_schem/board.py:150]
WARNING: Merging two named nets (PHI2_BUF1 and PHI2_BUF) into PHI2_BUF1. @ [/home/g/Repos/retr01/app/schematic_generator/retr01_schem/board.py:157=>/home/g/Repos/retr01/app/schematic_generator/retr01_schem/board.py:150]
WARNING: Merging two named nets (MUX_AB1 and PHI2_BUF1) into MUX_AB1. @ [/home/g/Repos/retr01/app/schematic_generator/retr01_schem/board.py:157=>/home/g/Repos/retr01/app/schematic_generator/retr01_schem/board.py:150]
WARNING: Merging two named nets (PHI2_BUF2 and MUX_AB1) into PHI2_BUF2. @ [/home/g/Repos/retr01/app/schematic_generator/retr01_schem/board.py:157=>/home/g/Repos/retr01/app/schematic_generator/retr01_schem/board.py:150]
WARNING: Merging two named nets (RESET_N3 and RESET_N) into RESET_N3. @ [/home/g/Repos/retr01/app/schematic_generator/retr01_schem/board.py:157=>/home/g/Repos/retr01/app/schematic_generator/retr01_schem/board.py:150]
WARNING: Merging two named nets (RESET_N1 and RESET_N2) into RESET_N1. @ [/home/g/Repos/retr01/app/schematic_generator/retr01_schem/board.py:157=>/home/g/Repos/retr01/app/schematic_generator/retr01_schem/board.py:150]
WARNING: Merging two named nets (RESET_N3 and RESET_N1) into RESET_N3. @ [/home/g/Repos/retr01/app/schematic_generator/retr01_schem/board.py:157=>/home/g/Repos/retr01/app/schematic_generator/retr01_schem/board.py:150]
WARNING: Merging two named nets (VIN_RAW1 and VIN_RAW) into VIN_RAW1. @ [/home/g/Repos/retr01/app/schematic_generator/retr01_schem/board.py:157=>/home/g/Repos/retr01/app/schematic_generator/retr01_schem/board.py:150]
WARNING: Merging two named nets (GND5 and PPU_VA10_1) into GND5. @ [/home/g/Repos/retr01/app/schematic_generator/retr01_schem/board.py:157=>/home/g/Repos/retr01/app/schematic_generator/retr01_schem/board.py:150]
WARNING: Merging two named nets (GND3 and GND2) into GND3. @ [/home/g/Repos/retr01/app/schematic_generator/retr01_schem/board.py:157=>/home/g/Repos/retr01/app/schematic_generator/retr01_schem/board.py:150]
WARNING: Merging two named nets (PPU_VA10 and GND3) into PPU_VA10. @ [/home/g/Repos/retr01/app/schematic_generator/retr01_schem/board.py:157=>/home/g/Repos/retr01/app/schematic_generator/retr01_schem/board.py:150]
WARNING: Merging two named nets (GND5 and PPU_VA10) into GND5. @ [/home/g/Repos/retr01/app/schematic_generator/retr01_schem/board.py:157=>/home/g/Repos/retr01/app/schematic_generator/retr01_schem/board.py:150]
WARNING: Merging two named nets (CPU_VA10_1 and GND) into CPU_VA10_1. @ [/home/g/Repos/retr01/app/schematic_generator/retr01_schem/board.py:157=>/home/g/Repos/retr01/app/schematic_generator/retr01_schem/board.py:150]
WARNING: Merging two named nets (CPU_VA10 and GND4) into CPU_VA10. @ [/home/g/Repos/retr01/app/schematic_generator/retr01_schem/board.py:157=>/home/g/Repos/retr01/app/schematic_generator/retr01_schem/board.py:150]
WARNING: Merging two named nets (GND1 and CPU_VA10) into GND1. @ [/home/g/Repos/retr01/app/schematic_generator/retr01_schem/board.py:157=>/home/g/Repos/retr01/app/schematic_generator/retr01_schem/board.py:150]
WARNING: Merging two named nets (CPU_VA10_1 and GND1) into CPU_VA10_1. @ [/home/g/Repos/retr01/app/schematic_generator/retr01_schem/board.py:157=>/home/g/Repos/retr01/app/schematic_generator/retr01_schem/board.py:150]
WARNING: Merging two named nets (GND5 and CPU_VA10_1) into GND5. @ [/home/g/Repos/retr01/app/schematic_generator/retr01_schem/board.py:157=>/home/g/Repos/retr01/app/schematic_generator/retr01_schem/board.py:150]
WARNING: Merging two named nets (VIN_PROT1 and VIN_PROT) into VIN_PROT1. @ [/home/g/Repos/retr01/app/schematic_generator/retr01_schem/board.py:157=>/home/g/Repos/retr01/app/schematic_generator/retr01_schem/board.py:150]
WARNING: Merging two named nets (VIN_FUSED1 and VIN_FUSED) into VIN_FUSED1. @ [/home/g/Repos/retr01/app/schematic_generator/retr01_schem/board.py:157=>/home/g/Repos/retr01/app/schematic_generator/retr01_schem/board.py:150]
WARNING: Merging two named nets (CART_A0_2 and CART_A0_1) into CART_A0_2. @ [/home/g/Repos/retr01/app/schematic_generator/retr01_schem/board.py:157=>/home/g/Repos/retr01/app/schematic_generator/retr01_schem/board.py:150]
WARNING: Merging two named nets (CPU_A0_1 and CART_A0_2) into CPU_A0_1. @ [/home/g/Repos/retr01/app/schematic_generator/retr01_schem/board.py:157=>/home/g/Repos/retr01/app/schematic_generator/retr01_schem/board.py:150]
WARNING: Merging two named nets (CPU_A_LO0 and CPU_A0) into CPU_A_LO0. @ [/home/g/Repos/retr01/app/schematic_generator/retr01_schem/board.py:157=>/home/g/Repos/retr01/app/schematic_generator/retr01_schem/board.py:150]
WARNING: Merging two named nets (CART_A0 and CPU_A_LO0_1) into CART_A0. @ [/home/g/Repos/retr01/app/schematic_generator/retr01_schem/board.py:157=>/home/g/Repos/retr01/app/schematic_generator/retr01_schem/board.py:150]
WARNING: Merging two named nets (CPU_A_LO0 and CART_A0) into CPU_A_LO0. @ [/home/g/Repos/retr01/app/schematic_generator/retr01_schem/board.py:157=>/home/g/Repos/retr01/app/schematic_generator/retr01_schem/board.py:150]
WARNING: Merging two named nets (CPU_A0_1 and CPU_A_LO0) into CPU_A0_1. @ [/home/g/Repos/retr01/app/schematic_generator/retr01_schem/board.py:157=>/home/g/Repos/retr01/app/schematic_generator/retr01_schem/board.py:150]
WARNING: Merging two named nets (CART_A1_1 and CART_A1) into CART_A1_1. @ [/home/g/Repos/retr01/app/schematic_generator/retr01_schem/board.py:157=>/home/g/Repos/retr01/app/schematic_generator/retr01_schem/board.py:150]
WARNING: Merging two named nets (CPU_A_LO1 and CART_A1_1) into CPU_A_LO1. @ [/home/g/Repos/retr01/app/schematic_generator/retr01_schem/board.py:157=>/home/g/Repos/retr01/app/schematic_generator/retr01_schem/board.py:150]
WARNING: Merging two named nets (CPU_A1 and CPU_A_LO1_1) into CPU_A1. @ [/home/g/Repos/retr01/app/schematic_generator/retr01_schem/board.py:157=>/home/g/Repos/retr01/app/schematic_generator/retr01_schem/board.py:150]
WARNING: Merging two named nets (CPU_A1_1 and CART_A1_2) into CPU_A1_1. @ [/home/g/Repos/retr01/app/schematic_generator/retr01_schem/board.py:157=>/home/g/Repos/retr01/app/schematic_generator/retr01_schem/board.py:150]
WARNING: Merging two named nets (CPU_A1 and CPU_A1_1) into CPU_A1. @ [/home/g/Repos/retr01/app/schematic_generator/retr01_schem/board.py:157=>/home/g/Repos/retr01/app/schematic_generator/retr01_schem/board.py:150]
WARNING: Merging two named nets (CPU_A_LO1 and CPU_A1) into CPU_A_LO1. @ [/home/g/Repos/retr01/app/schematic_generator/retr01_schem/board.py:157=>/home/g/Repos/retr01/app/schematic_generator/retr01_schem/board.py:150]
WARNING: Merging two named nets (CPU_A_LO2 and CPU_A2) into CPU_A_LO2. @ [/home/g/Repos/retr01/app/schematic_generator/retr01_schem/board.py:157=>/home/g/Repos/retr01/app/schematic_generator/retr01_schem/board.py:150]
WARNING: Merging two named nets (CART_A2_2 and CPU_A_LO2) into CART_A2_2. @ [/home/g/Repos/retr01/app/schematic_generator/retr01_schem/board.py:157=>/home/g/Repos/retr01/app/schematic_generator/retr01_schem/board.py:150]
WARNING: Merging two named nets (CART_A2 and CART_A2_1) into CART_A2. @ [/home/g/Repos/retr01/app/schematic_generator/retr01_schem/board.py:157=>/home/g/Repos/retr01/app/schematic_generator/retr01_schem/board.py:150]
WARNING: Merging two named nets (CPU_A_LO2_1 and CPU_A2_1) into CPU_A_LO2_1. @ [/home/g/Repos/retr01/app/schematic_generator/retr01_schem/board.py:157=>/home/g/Repos/retr01/app/schematic_generator/retr01_schem/board.py:150]
WARNING: Merging two named nets (CART_A2 and CPU_A_LO2_1) into CART_A2. @ [/home/g/Repos/retr01/app/schematic_generator/retr01_schem/board.py:157=>/home/g/Repos/retr01/app/schematic_generator/retr01_schem/board.py:150]
WARNING: Merging two named nets (CART_A2_2 and CART_A2) into CART_A2_2. @ [/home/g/Repos/retr01/app/schematic_generator/retr01_schem/board.py:157=>/home/g/Repos/retr01/app/schematic_generator/retr01_schem/board.py:150]
WARNING: Merging two named nets (CART_A3_1 and CPU_A3) into CART_A3_1. @ [/home/g/Repos/retr01/app/schematic_generator/retr01_schem/board.py:157=>/home/g/Repos/retr01/app/schematic_generator/retr01_schem/board.py:150]
WARNING: Merging two named nets (CPU_A_LO3 and CART_A3_1) into CPU_A_LO3. @ [/home/g/Repos/retr01/app/schematic_generator/retr01_schem/board.py:157=>/home/g/Repos/retr01/app/schematic_generator/retr01_schem/board.py:150]
WARNING: Merging two named nets (CART_A3 and CPU_A_LO3_1) into CART_A3. @ [/home/g/Repos/retr01/app/schematic_generator/retr01_schem/board.py:157=>/home/g/Repos/retr01/app/schematic_generator/retr01_schem/board.py:150]
WARNING: Merging two named nets (CPU_A3_1 and CART_A3_2) into CPU_A3_1. @ [/home/g/Repos/retr01/app/schematic_generator/retr01_schem/board.py:157=>/home/g/Repos/retr01/app/schematic_generator/retr01_schem/board.py:150]
WARNING: Merging two named nets (CART_A3 and CPU_A3_1) into CART_A3. @ [/home/g/Repos/retr01/app/schematic_generator/retr01_schem/board.py:157=>/home/g/Repos/retr01/app/schematic_generator/retr01_schem/board.py:150]
WARNING: Merging two named nets (CPU_A_LO3 and CART_A3) into CPU_A_LO3. @ [/home/g/Repos/retr01/app/schematic_generator/retr01_schem/board.py:157=>/home/g/Repos/retr01/app/schematic_generator/retr01_schem/board.py:150]
WARNING: Merging two named nets (CPU_A_LO4 and CPU_A4) into CPU_A_LO4. @ [/home/g/Repos/retr01/app/schematic_generator/retr01_schem/board.py:157=>/home/g/Repos/retr01/app/schematic_generator/retr01_schem/board.py:150]
WARNING: Merging two named nets (CART_A4_2 and CPU_A_LO4) into CART_A4_2. @ [/home/g/Repos/retr01/app/schematic_generator/retr01_schem/board.py:157=>/home/g/Repos/retr01/app/schematic_generator/retr01_schem/board.py:150]
WARNING: Merging two named nets (CART_A4 and CART_A4_1) into CART_A4. @ [/home/g/Repos/retr01/app/schematic_generator/retr01_schem/board.py:157=>/home/g/Repos/retr01/app/schematic_generator/retr01_schem/board.py:150]
WARNING: Merging two named nets (CPU_A_LO4_1 and CPU_A4_1) into CPU_A_LO4_1. @ [/home/g/Repos/retr01/app/schematic_generator/retr01_schem/board.py:157=>/home/g/Repos/retr01/app/schematic_generator/retr01_schem/board.py:150]
WARNING: Merging two named nets (CART_A4 and CPU_A_LO4_1) into CART_A4. @ [/home/g/Repos/retr01/app/schematic_generator/retr01_schem/board.py:157=>/home/g/Repos/retr01/app/schematic_generator/retr01_schem/board.py:150]
WARNING: Merging two named nets (CART_A4_2 and CART_A4) into CART_A4_2. @ [/home/g/Repos/retr01/app/schematic_generator/retr01_schem/board.py:157=>/home/g/Repos/retr01/app/schematic_generator/retr01_schem/board.py:150]
WARNING: Merging two named nets (CART_A5 and CPU_A5) into CART_A5. @ [/home/g/Repos/retr01/app/schematic_generator/retr01_schem/board.py:157=>/home/g/Repos/retr01/app/schematic_generator/retr01_schem/board.py:150]
WARNING: Merging two named nets (CART_A5_1 and CART_A5) into CART_A5_1. @ [/home/g/Repos/retr01/app/schematic_generator/retr01_schem/board.py:157=>/home/g/Repos/retr01/app/schematic_generator/retr01_schem/board.py:150]
WARNING: Merging two named nets (CPU_A_LO5_1 and CPU_A5_1) into CPU_A_LO5_1. @ [/home/g/Repos/retr01/app/schematic_generator/retr01_schem/board.py:157=>/home/g/Repos/retr01/app/schematic_generator/retr01_schem/board.py:150]
WARNING: Merging two named nets (CART_A5_2 and CPU_A_LO5) into CART_A5_2. @ [/home/g/Repos/retr01/app/schematic_generator/retr01_schem/board.py:157=>/home/g/Repos/retr01/app/schematic_generator/retr01_schem/board.py:150]
WARNING: Merging two named nets (CPU_A_LO5_1 and CART_A5_2) into CPU_A_LO5_1. @ [/home/g/Repos/retr01/app/schematic_generator/retr01_schem/board.py:157=>/home/g/Repos/retr01/app/schematic_generator/retr01_schem/board.py:150]
WARNING: Merging two named nets (CART_A5_1 and CPU_A_LO5_1) into CART_A5_1. @ [/home/g/Repos/retr01/app/schematic_generator/retr01_schem/board.py:157=>/home/g/Repos/retr01/app/schematic_generator/retr01_schem/board.py:150]
WARNING: Merging two named nets (CPU_A_LO6 and CART_A6_1) into CPU_A_LO6. @ [/home/g/Repos/retr01/app/schematic_generator/retr01_schem/board.py:157=>/home/g/Repos/retr01/app/schematic_generator/retr01_schem/board.py:150]
WARNING: Merging two named nets (CART_A6_2 and CPU_A_LO6) into CART_A6_2. @ [/home/g/Repos/retr01/app/schematic_generator/retr01_schem/board.py:157=>/home/g/Repos/retr01/app/schematic_generator/retr01_schem/board.py:150]
WARNING: Merging two named nets (CART_A6 and CPU_A6) into CART_A6. @ [/home/g/Repos/retr01/app/schematic_generator/retr01_schem/board.py:157=>/home/g/Repos/retr01/app/schematic_generator/retr01_schem/board.py:150]
WARNING: Merging two named nets (CPU_A_LO6_1 and CPU_A6_1) into CPU_A_LO6_1. @ [/home/g/Repos/retr01/app/schematic_generator/retr01_schem/board.py:157=>/home/g/Repos/retr01/app/schematic_generator/retr01_schem/board.py:150]
WARNING: Merging two named nets (CART_A6 and CPU_A_LO6_1) into CART_A6. @ [/home/g/Repos/retr01/app/schematic_generator/retr01_schem/board.py:157=>/home/g/Repos/retr01/app/schematic_generator/retr01_schem/board.py:150]
WARNING: Merging two named nets (CART_A6_2 and CART_A6) into CART_A6_2. @ [/home/g/Repos/retr01/app/schematic_generator/retr01_schem/board.py:157=>/home/g/Repos/retr01/app/schematic_generator/retr01_schem/board.py:150]
WARNING: Merging two named nets (CPU_A7 and CPU_A_LO7_1) into CPU_A7. @ [/home/g/Repos/retr01/app/schematic_generator/retr01_schem/board.py:157=>/home/g/Repos/retr01/app/schematic_generator/retr01_schem/board.py:150]
WARNING: Merging two named nets (CART_A7 and CPU_A7) into CART_A7. @ [/home/g/Repos/retr01/app/schematic_generator/retr01_schem/board.py:157=>/home/g/Repos/retr01/app/schematic_generator/retr01_schem/board.py:150]
WARNING: Merging two named nets (CPU_A7_1 and CART_A7_2) into CPU_A7_1. @ [/home/g/Repos/retr01/app/schematic_generator/retr01_schem/board.py:157=>/home/g/Repos/retr01/app/schematic_generator/retr01_schem/board.py:150]
WARNING: Merging two named nets (CPU_A_LO7 and CART_A7_1) into CPU_A_LO7. @ [/home/g/Repos/retr01/app/schematic_generator/retr01_schem/board.py:157=>/home/g/Repos/retr01/app/schematic_generator/retr01_schem/board.py:150]
WARNING: Merging two named nets (CPU_A7_1 and CPU_A_LO7) into CPU_A7_1. @ [/home/g/Repos/retr01/app/schematic_generator/retr01_schem/board.py:157=>/home/g/Repos/retr01/app/schematic_generator/retr01_schem/board.py:150]
WARNING: Merging two named nets (CART_A7 and CPU_A7_1) into CART_A7. @ [/home/g/Repos/retr01/app/schematic_generator/retr01_schem/board.py:157=>/home/g/Repos/retr01/app/schematic_generator/retr01_schem/board.py:150]
WARNING: Merging two named nets (CPU_A8 and CART_A8_2) into CPU_A8. @ [/home/g/Repos/retr01/app/schematic_generator/retr01_schem/board.py:157=>/home/g/Repos/retr01/app/schematic_generator/retr01_schem/board.py:150]
WARNING: Merging two named nets (CART_A8_1 and CART_A8) into CART_A8_1. @ [/home/g/Repos/retr01/app/schematic_generator/retr01_schem/board.py:157=>/home/g/Repos/retr01/app/schematic_generator/retr01_schem/board.py:150]
WARNING: Merging two named nets (CPU_A8_1 and CART_A8_1) into CPU_A8_1. @ [/home/g/Repos/retr01/app/schematic_generator/retr01_schem/board.py:157=>/home/g/Repos/retr01/app/schematic_generator/retr01_schem/board.py:150]
WARNING: Merging two named nets (CPU_A8 and CPU_A8_1) into CPU_A8. @ [/home/g/Repos/retr01/app/schematic_generator/retr01_schem/board.py:157=>/home/g/Repos/retr01/app/schematic_generator/retr01_schem/board.py:150]
WARNING: Merging two named nets (CPU_A9 and CPU_A9_1) into CPU_A9. @ [/home/g/Repos/retr01/app/schematic_generator/retr01_schem/board.py:157=>/home/g/Repos/retr01/app/schematic_generator/retr01_schem/board.py:150]
WARNING: Merging two named nets (CART_A9_1 and CART_A9) into CART_A9_1. @ [/home/g/Repos/retr01/app/schematic_generator/retr01_schem/board.py:157=>/home/g/Repos/retr01/app/schematic_generator/retr01_schem/board.py:150]
WARNING: Merging two named nets (CART_A9_2 and CART_A9_1) into CART_A9_2. @ [/home/g/Repos/retr01/app/schematic_generator/retr01_schem/board.py:157=>/home/g/Repos/retr01/app/schematic_generator/retr01_schem/board.py:150]
WARNING: Merging two named nets (CPU_A9 and CART_A9_2) into CPU_A9. @ [/home/g/Repos/retr01/app/schematic_generator/retr01_schem/board.py:157=>/home/g/Repos/retr01/app/schematic_generator/retr01_schem/board.py:150]
WARNING: Merging two named nets (CART_A10_2 and CART_A10_1) into CART_A10_2. @ [/home/g/Repos/retr01/app/schematic_generator/retr01_schem/board.py:157=>/home/g/Repos/retr01/app/schematic_generator/retr01_schem/board.py:150]
WARNING: Merging two named nets (CPU_A10 and CPU_A10_1) into CPU_A10. @ [/home/g/Repos/retr01/app/schematic_generator/retr01_schem/board.py:157=>/home/g/Repos/retr01/app/schematic_generator/retr01_schem/board.py:150]
WARNING: Merging two named nets (CART_A10 and CPU_A10) into CART_A10. @ [/home/g/Repos/retr01/app/schematic_generator/retr01_schem/board.py:157=>/home/g/Repos/retr01/app/schematic_generator/retr01_schem/board.py:150]
WARNING: Merging two named nets (CART_A10_2 and CART_A10) into CART_A10_2. @ [/home/g/Repos/retr01/app/schematic_generator/retr01_schem/board.py:157=>/home/g/Repos/retr01/app/schematic_generator/retr01_schem/board.py:150]
WARNING: Merging two named nets (CART_A11_2 and CPU_A11_1) into CART_A11_2. @ [/home/g/Repos/retr01/app/schematic_generator/retr01_schem/board.py:157=>/home/g/Repos/retr01/app/schematic_generator/retr01_schem/board.py:150]
WARNING: Merging two named nets (CART_A11 and CPU_A11) into CART_A11. @ [/home/g/Repos/retr01/app/schematic_generator/retr01_schem/board.py:157=>/home/g/Repos/retr01/app/schematic_generator/retr01_schem/board.py:150]
WARNING: Merging two named nets (CART_A11_1 and CART_A11) into CART_A11_1. @ [/home/g/Repos/retr01/app/schematic_generator/retr01_schem/board.py:157=>/home/g/Repos/retr01/app/schematic_generator/retr01_schem/board.py:150]
WARNING: Merging two named nets (CART_A11_2 and CART_A11_1) into CART_A11_2. @ [/home/g/Repos/retr01/app/schematic_generator/retr01_schem/board.py:157=>/home/g/Repos/retr01/app/schematic_generator/retr01_schem/board.py:150]
WARNING: Merging two named nets (CART_A12_2 and CART_A12_1) into CART_A12_2. @ [/home/g/Repos/retr01/app/schematic_generator/retr01_schem/board.py:157=>/home/g/Repos/retr01/app/schematic_generator/retr01_schem/board.py:150]
WARNING: Merging two named nets (CPU_A12 and CPU_A12_1) into CPU_A12. @ [/home/g/Repos/retr01/app/schematic_generator/retr01_schem/board.py:157=>/home/g/Repos/retr01/app/schematic_generator/retr01_schem/board.py:150]
WARNING: Merging two named nets (CART_A12 and CPU_A12) into CART_A12. @ [/home/g/Repos/retr01/app/schematic_generator/retr01_schem/board.py:157=>/home/g/Repos/retr01/app/schematic_generator/retr01_schem/board.py:150]
WARNING: Merging two named nets (CART_A12_2 and CART_A12) into CART_A12_2. @ [/home/g/Repos/retr01/app/schematic_generator/retr01_schem/board.py:157=>/home/g/Repos/retr01/app/schematic_generator/retr01_schem/board.py:150]
WARNING: Merging two named nets (CART_A13_2 and CPU_A13_1) into CART_A13_2. @ [/home/g/Repos/retr01/app/schematic_generator/retr01_schem/board.py:157=>/home/g/Repos/retr01/app/schematic_generator/retr01_schem/board.py:150]
WARNING: Merging two named nets (CART_A13 and CPU_A13) into CART_A13. @ [/home/g/Repos/retr01/app/schematic_generator/retr01_schem/board.py:157=>/home/g/Repos/retr01/app/schematic_generator/retr01_schem/board.py:150]
WARNING: Merging two named nets (CART_A13_1 and CART_A13) into CART_A13_1. @ [/home/g/Repos/retr01/app/schematic_generator/retr01_schem/board.py:157=>/home/g/Repos/retr01/app/schematic_generator/retr01_schem/board.py:150]
WARNING: Merging two named nets (CART_A13_2 and CART_A13_1) into CART_A13_2. @ [/home/g/Repos/retr01/app/schematic_generator/retr01_schem/board.py:157=>/home/g/Repos/retr01/app/schematic_generator/retr01_schem/board.py:150]
WARNING: Merging two named nets (CPU_A14_1 and CPU_A14) into CPU_A14_1. @ [/home/g/Repos/retr01/app/schematic_generator/retr01_schem/board.py:157=>/home/g/Repos/retr01/app/schematic_generator/retr01_schem/board.py:150]
WARNING: Merging two named nets (PPU_VA0 and CPU_D0_6) into PPU_VA0. @ [/home/g/Repos/retr01/app/schematic_generator/retr01_schem/board.py:157=>/home/g/Repos/retr01/app/schematic_generator/retr01_schem/board.py:150]
WARNING: Merging two named nets (CPU_D0_5 and CPU_D0_1) into CPU_D0_5. @ [/home/g/Repos/retr01/app/schematic_generator/retr01_schem/board.py:157=>/home/g/Repos/retr01/app/schematic_generator/retr01_schem/board.py:150]
WARNING: Merging two named nets (PPU_VA0_1 and CPU_D0_5) into PPU_VA0_1. @ [/home/g/Repos/retr01/app/schematic_generator/retr01_schem/board.py:157=>/home/g/Repos/retr01/app/schematic_generator/retr01_schem/board.py:150]
WARNING: Merging two named nets (PPU_VA0 and PPU_VA0_1) into PPU_VA0. @ [/home/g/Repos/retr01/app/schematic_generator/retr01_schem/board.py:157=>/home/g/Repos/retr01/app/schematic_generator/retr01_schem/board.py:150]
WARNING: Merging two named nets (CPU_VA0 and CPU_VA0_1) into CPU_VA0. @ [/home/g/Repos/retr01/app/schematic_generator/retr01_schem/board.py:157=>/home/g/Repos/retr01/app/schematic_generator/retr01_schem/board.py:150]
WARNING: Merging two named nets (CPU_D0_4 and CPU_VA0) into CPU_D0_4. @ [/home/g/Repos/retr01/app/schematic_generator/retr01_schem/board.py:157=>/home/g/Repos/retr01/app/schematic_generator/retr01_schem/board.py:150]
WARNING: Merging two named nets (CPU_D0 and CPU_D0_2) into CPU_D0. @ [/home/g/Repos/retr01/app/schematic_generator/retr01_schem/board.py:157=>/home/g/Repos/retr01/app/schematic_generator/retr01_schem/board.py:150]
WARNING: Merging two named nets (CPU_D0_3 and CPU_D0) into CPU_D0_3. @ [/home/g/Repos/retr01/app/schematic_generator/retr01_schem/board.py:157=>/home/g/Repos/retr01/app/schematic_generator/retr01_schem/board.py:150]
WARNING: Merging two named nets (CPU_D0_4 and CPU_D0_3) into CPU_D0_4. @ [/home/g/Repos/retr01/app/schematic_generator/retr01_schem/board.py:157=>/home/g/Repos/retr01/app/schematic_generator/retr01_schem/board.py:150]
WARNING: Merging two named nets (PPU_VA0 and CPU_D0_4) into PPU_VA0. @ [/home/g/Repos/retr01/app/schematic_generator/retr01_schem/board.py:157=>/home/g/Repos/retr01/app/schematic_generator/retr01_schem/board.py:150]
WARNING: Merging two named nets (CPU_D1_1 and CPU_D1) into CPU_D1_1. @ [/home/g/Repos/retr01/app/schematic_generator/retr01_schem/board.py:157=>/home/g/Repos/retr01/app/schematic_generator/retr01_schem/board.py:150]
WARNING: Merging two named nets (CPU_VA1 and PPU_VA1) into CPU_VA1. @ [/home/g/Repos/retr01/app/schematic_generator/retr01_schem/board.py:157=>/home/g/Repos/retr01/app/schematic_generator/retr01_schem/board.py:150]
WARNING: Merging two named nets (CPU_D1_2 and CPU_VA1) into CPU_D1_2. @ [/home/g/Repos/retr01/app/schematic_generator/retr01_schem/board.py:157=>/home/g/Repos/retr01/app/schematic_generator/retr01_schem/board.py:150]
WARNING: Merging two named nets (CPU_D1_1 and CPU_D1_2) into CPU_D1_1. @ [/home/g/Repos/retr01/app/schematic_generator/retr01_schem/board.py:157=>/home/g/Repos/retr01/app/schematic_generator/retr01_schem/board.py:150]
WARNING: Merging two named nets (CPU_D1_4 and CPU_D1_6) into CPU_D1_4. @ [/home/g/Repos/retr01/app/schematic_generator/retr01_schem/board.py:157=>/home/g/Repos/retr01/app/schematic_generator/retr01_schem/board.py:150]
WARNING: Merging two named nets (PPU_VA1_1 and CPU_D1_4) into PPU_VA1_1. @ [/home/g/Repos/retr01/app/schematic_generator/retr01_schem/board.py:157=>/home/g/Repos/retr01/app/schematic_generator/retr01_schem/board.py:150]
WARNING: Merging two named nets (CPU_D1_5 and CPU_VA1_1) into CPU_D1_5. @ [/home/g/Repos/retr01/app/schematic_generator/retr01_schem/board.py:157=>/home/g/Repos/retr01/app/schematic_generator/retr01_schem/board.py:150]
WARNING: Merging two named nets (CPU_D1_3 and CPU_D1_5) into CPU_D1_3. @ [/home/g/Repos/retr01/app/schematic_generator/retr01_schem/board.py:157=>/home/g/Repos/retr01/app/schematic_generator/retr01_schem/board.py:150]
WARNING: Merging two named nets (PPU_VA1_1 and CPU_D1_3) into PPU_VA1_1. @ [/home/g/Repos/retr01/app/schematic_generator/retr01_schem/board.py:157=>/home/g/Repos/retr01/app/schematic_generator/retr01_schem/board.py:150]
WARNING: Merging two named nets (CPU_D1_1 and PPU_VA1_1) into CPU_D1_1. @ [/home/g/Repos/retr01/app/schematic_generator/retr01_schem/board.py:157=>/home/g/Repos/retr01/app/schematic_generator/retr01_schem/board.py:150]
WARNING: Merging two named nets (CPU_D2_6 and CPU_D2_5) into CPU_D2_6. @ [/home/g/Repos/retr01/app/schematic_generator/retr01_schem/board.py:157=>/home/g/Repos/retr01/app/schematic_generator/retr01_schem/board.py:150]
WARNING: Merging two named nets (CPU_VA2_1 and CPU_D2_3) into CPU_VA2_1. @ [/home/g/Repos/retr01/app/schematic_generator/retr01_schem/board.py:157=>/home/g/Repos/retr01/app/schematic_generator/retr01_schem/board.py:150]
WARNING: Merging two named nets (CPU_VA2 and CPU_VA2_1) into CPU_VA2. @ [/home/g/Repos/retr01/app/schematic_generator/retr01_schem/board.py:157=>/home/g/Repos/retr01/app/schematic_generator/retr01_schem/board.py:150]
WARNING: Merging two named nets (CPU_D2_6 and CPU_VA2) into CPU_D2_6. @ [/home/g/Repos/retr01/app/schematic_generator/retr01_schem/board.py:157=>/home/g/Repos/retr01/app/schematic_generator/retr01_schem/board.py:150]
WARNING: Merging two named nets (CPU_D2_1 and CPU_D2) into CPU_D2_1. @ [/home/g/Repos/retr01/app/schematic_generator/retr01_schem/board.py:157=>/home/g/Repos/retr01/app/schematic_generator/retr01_schem/board.py:150]
WARNING: Merging two named nets (PPU_VA2 and CPU_D2_1) into PPU_VA2. @ [/home/g/Repos/retr01/app/schematic_generator/retr01_schem/board.py:157=>/home/g/Repos/retr01/app/schematic_generator/retr01_schem/board.py:150]
WARNING: Merging two named nets (PPU_VA2_1 and CPU_D2_4) into PPU_VA2_1. @ [/home/g/Repos/retr01/app/schematic_generator/retr01_schem/board.py:157=>/home/g/Repos/retr01/app/schematic_generator/retr01_schem/board.py:150]
WARNING: Merging two named nets (CPU_D2_2 and PPU_VA2_1) into CPU_D2_2. @ [/home/g/Repos/retr01/app/schematic_generator/retr01_schem/board.py:157=>/home/g/Repos/retr01/app/schematic_generator/retr01_schem/board.py:150]
WARNING: Merging two named nets (PPU_VA2 and CPU_D2_2) into PPU_VA2. @ [/home/g/Repos/retr01/app/schematic_generator/retr01_schem/board.py:157=>/home/g/Repos/retr01/app/schematic_generator/retr01_schem/board.py:150]
WARNING: Merging two named nets (CPU_D2_6 and PPU_VA2) into CPU_D2_6. @ [/home/g/Repos/retr01/app/schematic_generator/retr01_schem/board.py:157=>/home/g/Repos/retr01/app/schematic_generator/retr01_schem/board.py:150]
WARNING: Merging two named nets (CPU_D3_1 and CPU_D3) into CPU_D3_1. @ [/home/g/Repos/retr01/app/schematic_generator/retr01_schem/board.py:157=>/home/g/Repos/retr01/app/schematic_generator/retr01_schem/board.py:150]
WARNING: Merging two named nets (PPU_VA3 and PPU_VA3_1) into PPU_VA3. @ [/home/g/Repos/retr01/app/schematic_generator/retr01_schem/board.py:157=>/home/g/Repos/retr01/app/schematic_generator/retr01_schem/board.py:150]
WARNING: Merging two named nets (CPU_D3_2 and PPU_VA3) into CPU_D3_2. @ [/home/g/Repos/retr01/app/schematic_generator/retr01_schem/board.py:157=>/home/g/Repos/retr01/app/schematic_generator/retr01_schem/board.py:150]
WARNING: Merging two named nets (CPU_D3_1 and CPU_D3_2) into CPU_D3_1. @ [/home/g/Repos/retr01/app/schematic_generator/retr01_schem/board.py:157=>/home/g/Repos/retr01/app/schematic_generator/retr01_schem/board.py:150]
WARNING: Merging two named nets (CPU_D3_6 and CPU_D3_3) into CPU_D3_6. @ [/home/g/Repos/retr01/app/schematic_generator/retr01_schem/board.py:157=>/home/g/Repos/retr01/app/schematic_generator/retr01_schem/board.py:150]
WARNING: Merging two named nets (CPU_D3_4 and CPU_D3_6) into CPU_D3_4. @ [/home/g/Repos/retr01/app/schematic_generator/retr01_schem/board.py:157=>/home/g/Repos/retr01/app/schematic_generator/retr01_schem/board.py:150]
WARNING: Merging two named nets (CPU_D3_5 and CPU_VA3_1) into CPU_D3_5. @ [/home/g/Repos/retr01/app/schematic_generator/retr01_schem/board.py:157=>/home/g/Repos/retr01/app/schematic_generator/retr01_schem/board.py:150]
WARNING: Merging two named nets (CPU_VA3 and CPU_D3_5) into CPU_VA3. @ [/home/g/Repos/retr01/app/schematic_generator/retr01_schem/board.py:157=>/home/g/Repos/retr01/app/schematic_generator/retr01_schem/board.py:150]
WARNING: Merging two named nets (CPU_D3_4 and CPU_VA3) into CPU_D3_4. @ [/home/g/Repos/retr01/app/schematic_generator/retr01_schem/board.py:157=>/home/g/Repos/retr01/app/schematic_generator/retr01_schem/board.py:150]
WARNING: Merging two named nets (CPU_D3_1 and CPU_D3_4) into CPU_D3_1. @ [/home/g/Repos/retr01/app/schematic_generator/retr01_schem/board.py:157=>/home/g/Repos/retr01/app/schematic_generator/retr01_schem/board.py:150]
WARNING: Merging two named nets (CPU_D4_5 and CPU_VA4) into CPU_D4_5. @ [/home/g/Repos/retr01/app/schematic_generator/retr01_schem/board.py:157=>/home/g/Repos/retr01/app/schematic_generator/retr01_schem/board.py:150]
WARNING: Merging two named nets (CPU_D4_3 and CPU_D4_1) into CPU_D4_3. @ [/home/g/Repos/retr01/app/schematic_generator/retr01_schem/board.py:157=>/home/g/Repos/retr01/app/schematic_generator/retr01_schem/board.py:150]
WARNING: Merging two named nets (CPU_VA4_1 and CPU_D4_3) into CPU_VA4_1. @ [/home/g/Repos/retr01/app/schematic_generator/retr01_schem/board.py:157=>/home/g/Repos/retr01/app/schematic_generator/retr01_schem/board.py:150]
WARNING: Merging two named nets (CPU_D4_5 and CPU_VA4_1) into CPU_D4_5. @ [/home/g/Repos/retr01/app/schematic_generator/retr01_schem/board.py:157=>/home/g/Repos/retr01/app/schematic_generator/retr01_schem/board.py:150]
WARNING: Merging two named nets (PPU_VA4_1 and CPU_D4) into PPU_VA4_1. @ [/home/g/Repos/retr01/app/schematic_generator/retr01_schem/board.py:157=>/home/g/Repos/retr01/app/schematic_generator/retr01_schem/board.py:150]
WARNING: Merging two named nets (PPU_VA4 and PPU_VA4_1) into PPU_VA4. @ [/home/g/Repos/retr01/app/schematic_generator/retr01_schem/board.py:157=>/home/g/Repos/retr01/app/schematic_generator/retr01_schem/board.py:150]
WARNING: Merging two named nets (CPU_D4_4 and CPU_D4_6) into CPU_D4_4. @ [/home/g/Repos/retr01/app/schematic_generator/retr01_schem/board.py:157=>/home/g/Repos/retr01/app/schematic_generator/retr01_schem/board.py:150]
WARNING: Merging two named nets (CPU_D4_2 and CPU_D4_4) into CPU_D4_2. @ [/home/g/Repos/retr01/app/schematic_generator/retr01_schem/board.py:157=>/home/g/Repos/retr01/app/schematic_generator/retr01_schem/board.py:150]
WARNING: Merging two named nets (PPU_VA4 and CPU_D4_2) into PPU_VA4. @ [/home/g/Repos/retr01/app/schematic_generator/retr01_schem/board.py:157=>/home/g/Repos/retr01/app/schematic_generator/retr01_schem/board.py:150]
WARNING: Merging two named nets (CPU_D4_5 and PPU_VA4) into CPU_D4_5. @ [/home/g/Repos/retr01/app/schematic_generator/retr01_schem/board.py:157=>/home/g/Repos/retr01/app/schematic_generator/retr01_schem/board.py:150]
WARNING: Merging two named nets (PPU_VA5 and CPU_D5_1) into PPU_VA5. @ [/home/g/Repos/retr01/app/schematic_generator/retr01_schem/board.py:157=>/home/g/Repos/retr01/app/schematic_generator/retr01_schem/board.py:150]
WARNING: Merging two named nets (CPU_D5 and CPU_D5_2) into CPU_D5. @ [/home/g/Repos/retr01/app/schematic_generator/retr01_schem/board.py:157=>/home/g/Repos/retr01/app/schematic_generator/retr01_schem/board.py:150]
WARNING: Merging two named nets (PPU_VA5_1 and CPU_D5) into PPU_VA5_1. @ [/home/g/Repos/retr01/app/schematic_generator/retr01_schem/board.py:157=>/home/g/Repos/retr01/app/schematic_generator/retr01_schem/board.py:150]
WARNING: Merging two named nets (PPU_VA5 and PPU_VA5_1) into PPU_VA5. @ [/home/g/Repos/retr01/app/schematic_generator/retr01_schem/board.py:157=>/home/g/Repos/retr01/app/schematic_generator/retr01_schem/board.py:150]
WARNING: Merging two named nets (CPU_D5_4 and CPU_D5_6) into CPU_D5_4. @ [/home/g/Repos/retr01/app/schematic_generator/retr01_schem/board.py:157=>/home/g/Repos/retr01/app/schematic_generator/retr01_schem/board.py:150]
WARNING: Merging two named nets (CPU_D5_3 and CPU_D5_4) into CPU_D5_3. @ [/home/g/Repos/retr01/app/schematic_generator/retr01_schem/board.py:157=>/home/g/Repos/retr01/app/schematic_generator/retr01_schem/board.py:150]
WARNING: Merging two named nets (CPU_VA5 and CPU_VA5_1) into CPU_VA5. @ [/home/g/Repos/retr01/app/schematic_generator/retr01_schem/board.py:157=>/home/g/Repos/retr01/app/schematic_generator/retr01_schem/board.py:150]
WARNING: Merging two named nets (CPU_D5_5 and CPU_VA5) into CPU_D5_5. @ [/home/g/Repos/retr01/app/schematic_generator/retr01_schem/board.py:157=>/home/g/Repos/retr01/app/schematic_generator/retr01_schem/board.py:150]
WARNING: Merging two named nets (CPU_D5_3 and CPU_D5_5) into CPU_D5_3. @ [/home/g/Repos/retr01/app/schematic_generator/retr01_schem/board.py:157=>/home/g/Repos/retr01/app/schematic_generator/retr01_schem/board.py:150]
WARNING: Merging two named nets (PPU_VA5 and CPU_D5_3) into PPU_VA5. @ [/home/g/Repos/retr01/app/schematic_generator/retr01_schem/board.py:157=>/home/g/Repos/retr01/app/schematic_generator/retr01_schem/board.py:150]
WARNING: Merging two named nets (CPU_VA6 and CPU_VA6_1) into CPU_VA6. @ [/home/g/Repos/retr01/app/schematic_generator/retr01_schem/board.py:157=>/home/g/Repos/retr01/app/schematic_generator/retr01_schem/board.py:150]
WARNING: Merging two named nets (CPU_D6_3 and PPU_VA6) into CPU_D6_3. @ [/home/g/Repos/retr01/app/schematic_generator/retr01_schem/board.py:157=>/home/g/Repos/retr01/app/schematic_generator/retr01_schem/board.py:150]
WARNING: Merging two named nets (CPU_D6_5 and CPU_D6_3) into CPU_D6_5. @ [/home/g/Repos/retr01/app/schematic_generator/retr01_schem/board.py:157=>/home/g/Repos/retr01/app/schematic_generator/retr01_schem/board.py:150]
WARNING: Merging two named nets (CPU_VA6 and CPU_D6_5) into CPU_VA6. @ [/home/g/Repos/retr01/app/schematic_generator/retr01_schem/board.py:157=>/home/g/Repos/retr01/app/schematic_generator/retr01_schem/board.py:150]
WARNING: Merging two named nets (CPU_D6_1 and CPU_D6) into CPU_D6_1. @ [/home/g/Repos/retr01/app/schematic_generator/retr01_schem/board.py:157=>/home/g/Repos/retr01/app/schematic_generator/retr01_schem/board.py:150]
WARNING: Merging two named nets (PPU_VA6_1 and CPU_D6_1) into PPU_VA6_1. @ [/home/g/Repos/retr01/app/schematic_generator/retr01_schem/board.py:157=>/home/g/Repos/retr01/app/schematic_generator/retr01_schem/board.py:150]
WARNING: Merging two named nets (CPU_D6_4 and CPU_D6_6) into CPU_D6_4. @ [/home/g/Repos/retr01/app/schematic_generator/retr01_schem/board.py:157=>/home/g/Repos/retr01/app/schematic_generator/retr01_schem/board.py:150]
WARNING: Merging two named nets (CPU_D6_2 and CPU_D6_4) into CPU_D6_2. @ [/home/g/Repos/retr01/app/schematic_generator/retr01_schem/board.py:157=>/home/g/Repos/retr01/app/schematic_generator/retr01_schem/board.py:150]
WARNING: Merging two named nets (PPU_VA6_1 and CPU_D6_2) into PPU_VA6_1. @ [/home/g/Repos/retr01/app/schematic_generator/retr01_schem/board.py:157=>/home/g/Repos/retr01/app/schematic_generator/retr01_schem/board.py:150]
WARNING: Merging two named nets (CPU_VA6 and PPU_VA6_1) into CPU_VA6. @ [/home/g/Repos/retr01/app/schematic_generator/retr01_schem/board.py:157=>/home/g/Repos/retr01/app/schematic_generator/retr01_schem/board.py:150]
WARNING: Merging two named nets (CPU_D7 and CPU_D7_2) into CPU_D7. @ [/home/g/Repos/retr01/app/schematic_generator/retr01_schem/board.py:157=>/home/g/Repos/retr01/app/schematic_generator/retr01_schem/board.py:150]
WARNING: Merging two named nets (CPU_D7_3 and PPU_VA7) into CPU_D7_3. @ [/home/g/Repos/retr01/app/schematic_generator/retr01_schem/board.py:157=>/home/g/Repos/retr01/app/schematic_generator/retr01_schem/board.py:150]
WARNING: Merging two named nets (CPU_D7_1 and CPU_D7_3) into CPU_D7_1. @ [/home/g/Repos/retr01/app/schematic_generator/retr01_schem/board.py:157=>/home/g/Repos/retr01/app/schematic_generator/retr01_schem/board.py:150]
WARNING: Merging two named nets (CPU_D7 and CPU_D7_1) into CPU_D7. @ [/home/g/Repos/retr01/app/schematic_generator/retr01_schem/board.py:157=>/home/g/Repos/retr01/app/schematic_generator/retr01_schem/board.py:150]
WARNING: Merging two named nets (CPU_D7_6 and CPU_VA7) into CPU_D7_6. @ [/home/g/Repos/retr01/app/schematic_generator/retr01_schem/board.py:157=>/home/g/Repos/retr01/app/schematic_generator/retr01_schem/board.py:150]
WARNING: Merging two named nets (CPU_D7_4 and CPU_D7_6) into CPU_D7_4. @ [/home/g/Repos/retr01/app/schematic_generator/retr01_schem/board.py:157=>/home/g/Repos/retr01/app/schematic_generator/retr01_schem/board.py:150]
WARNING: Merging two named nets (CPU_D7_5 and PPU_VA7_1) into CPU_D7_5. @ [/home/g/Repos/retr01/app/schematic_generator/retr01_schem/board.py:157=>/home/g/Repos/retr01/app/schematic_generator/retr01_schem/board.py:150]
WARNING: Merging two named nets (CPU_VA7_1 and CPU_D7_5) into CPU_VA7_1. @ [/home/g/Repos/retr01/app/schematic_generator/retr01_schem/board.py:157=>/home/g/Repos/retr01/app/schematic_generator/retr01_schem/board.py:150]
WARNING: Merging two named nets (CPU_D7_4 and CPU_VA7_1) into CPU_D7_4. @ [/home/g/Repos/retr01/app/schematic_generator/retr01_schem/board.py:157=>/home/g/Repos/retr01/app/schematic_generator/retr01_schem/board.py:150]
WARNING: Merging two named nets (CPU_D7 and CPU_D7_4) into CPU_D7. @ [/home/g/Repos/retr01/app/schematic_generator/retr01_schem/board.py:157=>/home/g/Repos/retr01/app/schematic_generator/retr01_schem/board.py:150]
WARNING: Merging two named nets (CPU_BE1 and CPU_BE) into CPU_BE1. @ [/home/g/Repos/retr01/app/schematic_generator/retr01_schem/board.py:157=>/home/g/Repos/retr01/app/schematic_generator/retr01_schem/board.py:150]
WARNING: Merging two named nets (CPU_RWB1 and CPU_RWB) into CPU_RWB1. @ [/home/g/Repos/retr01/app/schematic_generator/retr01_schem/board.py:157=>/home/g/Repos/retr01/app/schematic_generator/retr01_schem/board.py:150]
WARNING: Merging two named nets (IO_FE_N1 and IO_FE_N) into IO_FE_N1. @ [/home/g/Repos/retr01/app/schematic_generator/retr01_schem/board.py:157=>/home/g/Repos/retr01/app/schematic_generator/retr01_schem/board.py:150]
WARNING: Merging two named nets (SEL_FE06 and SEL_FE06_1) into SEL_FE06. @ [/home/g/Repos/retr01/app/schematic_generator/retr01_schem/board.py:157=>/home/g/Repos/retr01/app/schematic_generator/retr01_schem/board.py:150]
WARNING: Merging two named nets (SEL_FE06_2 and SEL_FE06) into SEL_FE06_2. @ [/home/g/Repos/retr01/app/schematic_generator/retr01_schem/board.py:157=>/home/g/Repos/retr01/app/schematic_generator/retr01_schem/board.py:150]
WARNING: Merging two named nets (SEL_FE00 and SEL_FE00_2) into SEL_FE00. @ [/home/g/Repos/retr01/app/schematic_generator/retr01_schem/board.py:157=>/home/g/Repos/retr01/app/schematic_generator/retr01_schem/board.py:150]
WARNING: Merging two named nets (SEL_FE00_1 and SEL_FE00) into SEL_FE00_1. @ [/home/g/Repos/retr01/app/schematic_generator/retr01_schem/board.py:157=>/home/g/Repos/retr01/app/schematic_generator/retr01_schem/board.py:150]
WARNING: Merging two named nets (SEL_FE06_2 and SEL_FE00_1) into SEL_FE06_2. @ [/home/g/Repos/retr01/app/schematic_generator/retr01_schem/board.py:157=>/home/g/Repos/retr01/app/schematic_generator/retr01_schem/board.py:150]
WARNING: Merging two named nets (SEL_FE02 and SEL_FE07) into SEL_FE02. @ [/home/g/Repos/retr01/app/schematic_generator/retr01_schem/board.py:157=>/home/g/Repos/retr01/app/schematic_generator/retr01_schem/board.py:150]
WARNING: Merging two named nets (SEL_FE02_1 and SEL_FE02) into SEL_FE02_1. @ [/home/g/Repos/retr01/app/schematic_generator/retr01_schem/board.py:157=>/home/g/Repos/retr01/app/schematic_generator/retr01_schem/board.py:150]
WARNING: Merging two named nets (SEL_FE07_2 and SEL_FE07_1) into SEL_FE07_2. @ [/home/g/Repos/retr01/app/schematic_generator/retr01_schem/board.py:157=>/home/g/Repos/retr01/app/schematic_generator/retr01_schem/board.py:150]
WARNING: Merging two named nets (SEL_FE02_2 and SEL_FE07_2) into SEL_FE02_2. @ [/home/g/Repos/retr01/app/schematic_generator/retr01_schem/board.py:157=>/home/g/Repos/retr01/app/schematic_generator/retr01_schem/board.py:150]
WARNING: Merging two named nets (SEL_FE02_1 and SEL_FE02_2) into SEL_FE02_1. @ [/home/g/Repos/retr01/app/schematic_generator/retr01_schem/board.py:157=>/home/g/Repos/retr01/app/schematic_generator/retr01_schem/board.py:150]
WARNING: Merging two named nets (SEL_FE03 and SEL_FE03_2) into SEL_FE03. @ [/home/g/Repos/retr01/app/schematic_generator/retr01_schem/board.py:157=>/home/g/Repos/retr01/app/schematic_generator/retr01_schem/board.py:150]
WARNING: Merging two named nets (SEL_FE03_1 and SEL_FE03) into SEL_FE03_1. @ [/home/g/Repos/retr01/app/schematic_generator/retr01_schem/board.py:157=>/home/g/Repos/retr01/app/schematic_generator/retr01_schem/board.py:150]
WARNING: Merging two named nets (SEL_FE04 and SEL_FE04_2) into SEL_FE04. @ [/home/g/Repos/retr01/app/schematic_generator/retr01_schem/board.py:157=>/home/g/Repos/retr01/app/schematic_generator/retr01_schem/board.py:150]
WARNING: Merging two named nets (SEL_FE04_1 and SEL_FE04) into SEL_FE04_1. @ [/home/g/Repos/retr01/app/schematic_generator/retr01_schem/board.py:157=>/home/g/Repos/retr01/app/schematic_generator/retr01_schem/board.py:150]
WARNING: Merging two named nets (SEL_FE05_2 and SEL_FE05_1) into SEL_FE05_2. @ [/home/g/Repos/retr01/app/schematic_generator/retr01_schem/board.py:157=>/home/g/Repos/retr01/app/schematic_generator/retr01_schem/board.py:150]
WARNING: Merging two named nets (SEL_FE05 and SEL_FE05_2) into SEL_FE05. @ [/home/g/Repos/retr01/app/schematic_generator/retr01_schem/board.py:157=>/home/g/Repos/retr01/app/schematic_generator/retr01_schem/board.py:150]
WARNING: Merging two named nets (SEL_FE08 and SEL_FE08_2) into SEL_FE08. @ [/home/g/Repos/retr01/app/schematic_generator/retr01_schem/board.py:157=>/home/g/Repos/retr01/app/schematic_generator/retr01_schem/board.py:150]
WARNING: Merging two named nets (SEL_FE08_1 and SEL_FE08) into SEL_FE08_1. @ [/home/g/Repos/retr01/app/schematic_generator/retr01_schem/board.py:157=>/home/g/Repos/retr01/app/schematic_generator/retr01_schem/board.py:150]
WARNING: Merging two named nets (SEL_FE90_2 and SEL_FE90_1) into SEL_FE90_2. @ [/home/g/Repos/retr01/app/schematic_generator/retr01_schem/board.py:157=>/home/g/Repos/retr01/app/schematic_generator/retr01_schem/board.py:150]
WARNING: Merging two named nets (SEL_FE90 and SEL_FE90_2) into SEL_FE90. @ [/home/g/Repos/retr01/app/schematic_generator/retr01_schem/board.py:157=>/home/g/Repos/retr01/app/schematic_generator/retr01_schem/board.py:150]
WARNING: Merging two named nets (SEL_FE91_2 and SEL_FE91_1) into SEL_FE91_2. @ [/home/g/Repos/retr01/app/schematic_generator/retr01_schem/board.py:157=>/home/g/Repos/retr01/app/schematic_generator/retr01_schem/board.py:150]
WARNING: Merging two named nets (SEL_FE91 and SEL_FE91_2) into SEL_FE91. @ [/home/g/Repos/retr01/app/schematic_generator/retr01_schem/board.py:157=>/home/g/Repos/retr01/app/schematic_generator/retr01_schem/board.py:150]
WARNING: Merging two named nets (SEL_FE92_2 and SEL_FE92_1) into SEL_FE92_2. @ [/home/g/Repos/retr01/app/schematic_generator/retr01_schem/board.py:157=>/home/g/Repos/retr01/app/schematic_generator/retr01_schem/board.py:150]
WARNING: Merging two named nets (SEL_FE92 and SEL_FE92_2) into SEL_FE92. @ [/home/g/Repos/retr01/app/schematic_generator/retr01_schem/board.py:157=>/home/g/Repos/retr01/app/schematic_generator/retr01_schem/board.py:150]
WARNING: Merging two named nets (SEL_FE11 and SEL_FE11_1) into SEL_FE11. @ [/home/g/Repos/retr01/app/schematic_generator/retr01_schem/board.py:157=>/home/g/Repos/retr01/app/schematic_generator/retr01_schem/board.py:150]
WARNING: Merging two named nets (SEL_FE10_2 and SEL_FE11) into SEL_FE10_2. @ [/home/g/Repos/retr01/app/schematic_generator/retr01_schem/board.py:157=>/home/g/Repos/retr01/app/schematic_generator/retr01_schem/board.py:150]
WARNING: Merging two named nets (SEL_FE11_2 and SEL_FE10) into SEL_FE11_2. @ [/home/g/Repos/retr01/app/schematic_generator/retr01_schem/board.py:157=>/home/g/Repos/retr01/app/schematic_generator/retr01_schem/board.py:150]
WARNING: Merging two named nets (SEL_FE10_1 and SEL_FE11_2) into SEL_FE10_1. @ [/home/g/Repos/retr01/app/schematic_generator/retr01_schem/board.py:157=>/home/g/Repos/retr01/app/schematic_generator/retr01_schem/board.py:150]
WARNING: Merging two named nets (SEL_FE10_2 and SEL_FE10_1) into SEL_FE10_2. @ [/home/g/Repos/retr01/app/schematic_generator/retr01_schem/board.py:157=>/home/g/Repos/retr01/app/schematic_generator/retr01_schem/board.py:150]
WARNING: Merging two named nets (IRQ_N1 and IRQ_N) into IRQ_N1. @ [/home/g/Repos/retr01/app/schematic_generator/retr01_schem/board.py:157=>/home/g/Repos/retr01/app/schematic_generator/retr01_schem/board.py:150]
WARNING: Merging two named nets (IRQ_N2 and IRQ_N1) into IRQ_N2. @ [/home/g/Repos/retr01/app/schematic_generator/retr01_schem/board.py:157=>/home/g/Repos/retr01/app/schematic_generator/retr01_schem/board.py:150]
WARNING: Merging two named nets (CPU_VA11_1 and CPU_VA11) into CPU_VA11_1. @ [/home/g/Repos/retr01/app/schematic_generator/retr01_schem/board.py:157=>/home/g/Repos/retr01/app/schematic_generator/retr01_schem/board.py:150]
WARNING: Merging two named nets (DIR_CPU245_1 and CPU_VA11_1) into DIR_CPU245_1. @ [/home/g/Repos/retr01/app/schematic_generator/retr01_schem/board.py:157=>/home/g/Repos/retr01/app/schematic_generator/retr01_schem/board.py:150]
WARNING: Merging two named nets (DIR_CPU245_2 and DIR_CPU245) into DIR_CPU245_2. @ [/home/g/Repos/retr01/app/schematic_generator/retr01_schem/board.py:157=>/home/g/Repos/retr01/app/schematic_generator/retr01_schem/board.py:150]
WARNING: Merging two named nets (PPU_VA11_1 and PPU_VA11) into PPU_VA11_1. @ [/home/g/Repos/retr01/app/schematic_generator/retr01_schem/board.py:157=>/home/g/Repos/retr01/app/schematic_generator/retr01_schem/board.py:150]
WARNING: Merging two named nets (DIR_CPU245_2 and PPU_VA11_1) into DIR_CPU245_2. @ [/home/g/Repos/retr01/app/schematic_generator/retr01_schem/board.py:157=>/home/g/Repos/retr01/app/schematic_generator/retr01_schem/board.py:150]
WARNING: Merging two named nets (DIR_CPU245_1 and DIR_CPU245_2) into DIR_CPU245_1. @ [/home/g/Repos/retr01/app/schematic_generator/retr01_schem/board.py:157=>/home/g/Repos/retr01/app/schematic_generator/retr01_schem/board.py:150]
WARNING: Merging two named nets (VRAM_A12_1 and OE_CPU245_1) into VRAM_A12_1. @ [/home/g/Repos/retr01/app/schematic_generator/retr01_schem/board.py:157=>/home/g/Repos/retr01/app/schematic_generator/retr01_schem/board.py:150]
WARNING: Merging two named nets (OE_CPU245_2 and OE_CPU245) into OE_CPU245_2. @ [/home/g/Repos/retr01/app/schematic_generator/retr01_schem/board.py:157=>/home/g/Repos/retr01/app/schematic_generator/retr01_schem/board.py:150]
WARNING: Merging two named nets (VRAM_A12 and OE_CPU245_2) into VRAM_A12. @ [/home/g/Repos/retr01/app/schematic_generator/retr01_schem/board.py:157=>/home/g/Repos/retr01/app/schematic_generator/retr01_schem/board.py:150]
WARNING: Merging two named nets (VRAM_A12_1 and VRAM_A12) into VRAM_A12_1. @ [/home/g/Repos/retr01/app/schematic_generator/retr01_schem/board.py:157=>/home/g/Repos/retr01/app/schematic_generator/retr01_schem/board.py:150]
WARNING: Merging two named nets (NMI_N and NMI_N1) into NMI_N. @ [/home/g/Repos/retr01/app/schematic_generator/retr01_schem/board.py:157=>/home/g/Repos/retr01/app/schematic_generator/retr01_schem/board.py:150]
WARNING: Merging two named nets (NMI_N2 and NMI_N) into NMI_N2. @ [/home/g/Repos/retr01/app/schematic_generator/retr01_schem/board.py:157=>/home/g/Repos/retr01/app/schematic_generator/retr01_schem/board.py:150]
WARNING: Merging two named nets (RASTER_Y0 and RASTER_Y0_2) into RASTER_Y0. @ [/home/g/Repos/retr01/app/schematic_generator/retr01_schem/board.py:157=>/home/g/Repos/retr01/app/schematic_generator/retr01_schem/board.py:150]
WARNING: Merging two named nets (RASTER_Y0_1 and RASTER_Y0) into RASTER_Y0_1. @ [/home/g/Repos/retr01/app/schematic_generator/retr01_schem/board.py:157=>/home/g/Repos/retr01/app/schematic_generator/retr01_schem/board.py:150]
WARNING: Merging two named nets (RASTER_Y1 and RASTER_Y1_2) into RASTER_Y1. @ [/home/g/Repos/retr01/app/schematic_generator/retr01_schem/board.py:157=>/home/g/Repos/retr01/app/schematic_generator/retr01_schem/board.py:150]
WARNING: Merging two named nets (RASTER_Y1_1 and RASTER_Y1) into RASTER_Y1_1. @ [/home/g/Repos/retr01/app/schematic_generator/retr01_schem/board.py:157=>/home/g/Repos/retr01/app/schematic_generator/retr01_schem/board.py:150]
WARNING: Merging two named nets (RASTER_Y2 and RASTER_Y2_2) into RASTER_Y2. @ [/home/g/Repos/retr01/app/schematic_generator/retr01_schem/board.py:157=>/home/g/Repos/retr01/app/schematic_generator/retr01_schem/board.py:150]
WARNING: Merging two named nets (RASTER_Y2_1 and RASTER_Y2) into RASTER_Y2_1. @ [/home/g/Repos/retr01/app/schematic_generator/retr01_schem/board.py:157=>/home/g/Repos/retr01/app/schematic_generator/retr01_schem/board.py:150]
WARNING: Merging two named nets (RASTER_Y3_2 and RASTER_Y3_1) into RASTER_Y3_2. @ [/home/g/Repos/retr01/app/schematic_generator/retr01_schem/board.py:157=>/home/g/Repos/retr01/app/schematic_generator/retr01_schem/board.py:150]
WARNING: Merging two named nets (RASTER_Y3 and RASTER_Y3_2) into RASTER_Y3. @ [/home/g/Repos/retr01/app/schematic_generator/retr01_schem/board.py:157=>/home/g/Repos/retr01/app/schematic_generator/retr01_schem/board.py:150]
WARNING: Merging two named nets (RASTER_Y4 and RASTER_Y4_1) into RASTER_Y4. @ [/home/g/Repos/retr01/app/schematic_generator/retr01_schem/board.py:157=>/home/g/Repos/retr01/app/schematic_generator/retr01_schem/board.py:150]
WARNING: Merging two named nets (RASTER_Y4_2 and RASTER_Y4) into RASTER_Y4_2. @ [/home/g/Repos/retr01/app/schematic_generator/retr01_schem/board.py:157=>/home/g/Repos/retr01/app/schematic_generator/retr01_schem/board.py:150]
WARNING: Merging two named nets (RASTER_Y5 and RASTER_Y5_1) into RASTER_Y5. @ [/home/g/Repos/retr01/app/schematic_generator/retr01_schem/board.py:157=>/home/g/Repos/retr01/app/schematic_generator/retr01_schem/board.py:150]
WARNING: Merging two named nets (RASTER_Y5_2 and RASTER_Y5) into RASTER_Y5_2. @ [/home/g/Repos/retr01/app/schematic_generator/retr01_schem/board.py:157=>/home/g/Repos/retr01/app/schematic_generator/retr01_schem/board.py:150]
WARNING: Merging two named nets (RASTER_Y6 and RASTER_Y6_1) into RASTER_Y6. @ [/home/g/Repos/retr01/app/schematic_generator/retr01_schem/board.py:157=>/home/g/Repos/retr01/app/schematic_generator/retr01_schem/board.py:150]
WARNING: Merging two named nets (RASTER_Y6_2 and RASTER_Y6) into RASTER_Y6_2. @ [/home/g/Repos/retr01/app/schematic_generator/retr01_schem/board.py:157=>/home/g/Repos/retr01/app/schematic_generator/retr01_schem/board.py:150]
WARNING: Merging two named nets (RASTER_Y7_2 and RASTER_Y7_1) into RASTER_Y7_2. @ [/home/g/Repos/retr01/app/schematic_generator/retr01_schem/board.py:157=>/home/g/Repos/retr01/app/schematic_generator/retr01_schem/board.py:150]
WARNING: Merging two named nets (RASTER_Y7 and RASTER_Y7_2) into RASTER_Y7. @ [/home/g/Repos/retr01/app/schematic_generator/retr01_schem/board.py:157=>/home/g/Repos/retr01/app/schematic_generator/retr01_schem/board.py:150]
WARNING: Merging two named nets (CART_A14 and CART_A14_1) into CART_A14. @ [/home/g/Repos/retr01/app/schematic_generator/retr01_schem/board.py:157=>/home/g/Repos/retr01/app/schematic_generator/retr01_schem/board.py:150]
WARNING: Merging two named nets (CART_A14_2 and CART_A14) into CART_A14_2. @ [/home/g/Repos/retr01/app/schematic_generator/retr01_schem/board.py:157=>/home/g/Repos/retr01/app/schematic_generator/retr01_schem/board.py:150]
WARNING: Merging two named nets (CART_A15 and CART_A15_1) into CART_A15. @ [/home/g/Repos/retr01/app/schematic_generator/retr01_schem/board.py:157=>/home/g/Repos/retr01/app/schematic_generator/retr01_schem/board.py:150]
WARNING: Merging two named nets (CART_A15_2 and CART_A15) into CART_A15_2. @ [/home/g/Repos/retr01/app/schematic_generator/retr01_schem/board.py:157=>/home/g/Repos/retr01/app/schematic_generator/retr01_schem/board.py:150]
WARNING: Merging two named nets (CART_A16 and CART_A16_1) into CART_A16. @ [/home/g/Repos/retr01/app/schematic_generator/retr01_schem/board.py:157=>/home/g/Repos/retr01/app/schematic_generator/retr01_schem/board.py:150]
WARNING: Merging two named nets (CART_A16_2 and CART_A16) into CART_A16_2. @ [/home/g/Repos/retr01/app/schematic_generator/retr01_schem/board.py:157=>/home/g/Repos/retr01/app/schematic_generator/retr01_schem/board.py:150]
WARNING: Merging two named nets (CART_A17_1 and CART_A17_2) into CART_A17_1. @ [/home/g/Repos/retr01/app/schematic_generator/retr01_schem/board.py:157=>/home/g/Repos/retr01/app/schematic_generator/retr01_schem/board.py:150]
WARNING: Merging two named nets (CART_A17 and CART_A17_1) into CART_A17. @ [/home/g/Repos/retr01/app/schematic_generator/retr01_schem/board.py:157=>/home/g/Repos/retr01/app/schematic_generator/retr01_schem/board.py:150]
WARNING: Merging two named nets (CART_A18_1 and CART_A18_2) into CART_A18_1. @ [/home/g/Repos/retr01/app/schematic_generator/retr01_schem/board.py:157=>/home/g/Repos/retr01/app/schematic_generator/retr01_schem/board.py:150]
WARNING: Merging two named nets (CART_A18 and CART_A18_1) into CART_A18. @ [/home/g/Repos/retr01/app/schematic_generator/retr01_schem/board.py:157=>/home/g/Repos/retr01/app/schematic_generator/retr01_schem/board.py:150]
WARNING: Merging two named nets (MUX_G_N and MUX_G_N1) into MUX_G_N. @ [/home/g/Repos/retr01/app/schematic_generator/retr01_schem/board.py:157=>/home/g/Repos/retr01/app/schematic_generator/retr01_schem/board.py:150]
WARNING: Merging two named nets (VRAM_A0_1 and VRAM_A0) into VRAM_A0_1. @ [/home/g/Repos/retr01/app/schematic_generator/retr01_schem/board.py:157=>/home/g/Repos/retr01/app/schematic_generator/retr01_schem/board.py:150]
WARNING: Merging two named nets (VRAM_A1 and VRAM_A1_1) into VRAM_A1. @ [/home/g/Repos/retr01/app/schematic_generator/retr01_schem/board.py:157=>/home/g/Repos/retr01/app/schematic_generator/retr01_schem/board.py:150]
WARNING: Merging two named nets (VRAM_A2_1 and VRAM_A2) into VRAM_A2_1. @ [/home/g/Repos/retr01/app/schematic_generator/retr01_schem/board.py:157=>/home/g/Repos/retr01/app/schematic_generator/retr01_schem/board.py:150]
WARNING: Merging two named nets (VRAM_A3 and VRAM_A3_1) into VRAM_A3. @ [/home/g/Repos/retr01/app/schematic_generator/retr01_schem/board.py:157=>/home/g/Repos/retr01/app/schematic_generator/retr01_schem/board.py:150]
WARNING: Merging two named nets (VRAM_A4_1 and VRAM_A4) into VRAM_A4_1. @ [/home/g/Repos/retr01/app/schematic_generator/retr01_schem/board.py:157=>/home/g/Repos/retr01/app/schematic_generator/retr01_schem/board.py:150]
WARNING: Merging two named nets (VRAM_A5_1 and VRAM_A5) into VRAM_A5_1. @ [/home/g/Repos/retr01/app/schematic_generator/retr01_schem/board.py:157=>/home/g/Repos/retr01/app/schematic_generator/retr01_schem/board.py:150]
WARNING: Merging two named nets (VRAM_A6 and VRAM_A6_1) into VRAM_A6. @ [/home/g/Repos/retr01/app/schematic_generator/retr01_schem/board.py:157=>/home/g/Repos/retr01/app/schematic_generator/retr01_schem/board.py:150]
WARNING: Merging two named nets (VRAM_A7 and VRAM_A7_1) into VRAM_A7. @ [/home/g/Repos/retr01/app/schematic_generator/retr01_schem/board.py:157=>/home/g/Repos/retr01/app/schematic_generator/retr01_schem/board.py:150]
WARNING: Merging two named nets (CPU_VA8 and PPU_VA8_1) into CPU_VA8. @ [/home/g/Repos/retr01/app/schematic_generator/retr01_schem/board.py:157=>/home/g/Repos/retr01/app/schematic_generator/retr01_schem/board.py:150]
WARNING: Merging two named nets (CPU_VA8_1 and PPU_VA8) into CPU_VA8_1. @ [/home/g/Repos/retr01/app/schematic_generator/retr01_schem/board.py:157=>/home/g/Repos/retr01/app/schematic_generator/retr01_schem/board.py:150]
WARNING: Merging two named nets (CPU_VA8 and CPU_VA8_1) into CPU_VA8. @ [/home/g/Repos/retr01/app/schematic_generator/retr01_schem/board.py:157=>/home/g/Repos/retr01/app/schematic_generator/retr01_schem/board.py:150]
WARNING: Merging two named nets (VRAM_A8_1 and VRAM_A8) into VRAM_A8_1. @ [/home/g/Repos/retr01/app/schematic_generator/retr01_schem/board.py:157=>/home/g/Repos/retr01/app/schematic_generator/retr01_schem/board.py:150]
WARNING: Merging two named nets (PPU_VA9_1 and CPU_VA9_1) into PPU_VA9_1. @ [/home/g/Repos/retr01/app/schematic_generator/retr01_schem/board.py:157=>/home/g/Repos/retr01/app/schematic_generator/retr01_schem/board.py:150]
WARNING: Merging two named nets (PPU_VA9 and CPU_VA9) into PPU_VA9. @ [/home/g/Repos/retr01/app/schematic_generator/retr01_schem/board.py:157=>/home/g/Repos/retr01/app/schematic_generator/retr01_schem/board.py:150]
WARNING: Merging two named nets (PPU_VA9_1 and PPU_VA9) into PPU_VA9_1. @ [/home/g/Repos/retr01/app/schematic_generator/retr01_schem/board.py:157=>/home/g/Repos/retr01/app/schematic_generator/retr01_schem/board.py:150]
WARNING: Merging two named nets (VRAM_A9_1 and VRAM_A9) into VRAM_A9_1. @ [/home/g/Repos/retr01/app/schematic_generator/retr01_schem/board.py:157=>/home/g/Repos/retr01/app/schematic_generator/retr01_schem/board.py:150]
WARNING: Merging two named nets (VRAM_A10_1 and VRAM_A10) into VRAM_A10_1. @ [/home/g/Repos/retr01/app/schematic_generator/retr01_schem/board.py:157=>/home/g/Repos/retr01/app/schematic_generator/retr01_schem/board.py:150]
WARNING: Merging two named nets (VRAM_A11 and VRAM_A11_1) into VRAM_A11. @ [/home/g/Repos/retr01/app/schematic_generator/retr01_schem/board.py:157=>/home/g/Repos/retr01/app/schematic_generator/retr01_schem/board.py:150]
WARNING: Merging two named nets (VRAM_A13 and DIR_VID245_2) into VRAM_A13. @ [/home/g/Repos/retr01/app/schematic_generator/retr01_schem/board.py:157=>/home/g/Repos/retr01/app/schematic_generator/retr01_schem/board.py:150]
WARNING: Merging two named nets (VRAM_A13_1 and DIR_VID245) into VRAM_A13_1. @ [/home/g/Repos/retr01/app/schematic_generator/retr01_schem/board.py:157=>/home/g/Repos/retr01/app/schematic_generator/retr01_schem/board.py:150]
WARNING: Merging two named nets (DIR_VID245_1 and VRAM_A13_1) into DIR_VID245_1. @ [/home/g/Repos/retr01/app/schematic_generator/retr01_schem/board.py:157=>/home/g/Repos/retr01/app/schematic_generator/retr01_schem/board.py:150]
WARNING: Merging two named nets (VRAM_A13 and DIR_VID245_1) into VRAM_A13. @ [/home/g/Repos/retr01/app/schematic_generator/retr01_schem/board.py:157=>/home/g/Repos/retr01/app/schematic_generator/retr01_schem/board.py:150]
WARNING: Merging two named nets (VRAM_A14 and OE_VID245_2) into VRAM_A14. @ [/home/g/Repos/retr01/app/schematic_generator/retr01_schem/board.py:157=>/home/g/Repos/retr01/app/schematic_generator/retr01_schem/board.py:150]
WARNING: Merging two named nets (VRAM_A14_1 and OE_VID245) into VRAM_A14_1. @ [/home/g/Repos/retr01/app/schematic_generator/retr01_schem/board.py:157=>/home/g/Repos/retr01/app/schematic_generator/retr01_schem/board.py:150]
WARNING: Merging two named nets (OE_VID245_1 and VRAM_A14_1) into OE_VID245_1. @ [/home/g/Repos/retr01/app/schematic_generator/retr01_schem/board.py:157=>/home/g/Repos/retr01/app/schematic_generator/retr01_schem/board.py:150]
WARNING: Merging two named nets (VRAM_A14 and OE_VID245_1) into VRAM_A14. @ [/home/g/Repos/retr01/app/schematic_generator/retr01_schem/board.py:157=>/home/g/Repos/retr01/app/schematic_generator/retr01_schem/board.py:150]
WARNING: Merging two named nets (DIR_CART245_1 and DIR_CART245) into DIR_CART245_1. @ [/home/g/Repos/retr01/app/schematic_generator/retr01_schem/board.py:157=>/home/g/Repos/retr01/app/schematic_generator/retr01_schem/board.py:150]
WARNING: Merging two named nets (DIR_CART245_2 and DIR_CART245_1) into DIR_CART245_2. @ [/home/g/Repos/retr01/app/schematic_generator/retr01_schem/board.py:157=>/home/g/Repos/retr01/app/schematic_generator/retr01_schem/board.py:150]
WARNING: Merging two named nets (OE_CART245_1 and OE_CART245) into OE_CART245_1. @ [/home/g/Repos/retr01/app/schematic_generator/retr01_schem/board.py:157=>/home/g/Repos/retr01/app/schematic_generator/retr01_schem/board.py:150]
WARNING: Merging two named nets (OE_CART245_2 and OE_CART245_1) into OE_CART245_2. @ [/home/g/Repos/retr01/app/schematic_generator/retr01_schem/board.py:157=>/home/g/Repos/retr01/app/schematic_generator/retr01_schem/board.py:150]
WARNING: Merging two named nets (CART_OE_N and CART_OE_N2) into CART_OE_N. @ [/home/g/Repos/retr01/app/schematic_generator/retr01_schem/board.py:157=>/home/g/Repos/retr01/app/schematic_generator/retr01_schem/board.py:150]
WARNING: Merging two named nets (CART_OE_N1 and CART_OE_N) into CART_OE_N1. @ [/home/g/Repos/retr01/app/schematic_generator/retr01_schem/board.py:157=>/home/g/Repos/retr01/app/schematic_generator/retr01_schem/board.py:150]
WARNING: Merging two named nets (CART_WE_N and CART_WE_N2) into CART_WE_N. @ [/home/g/Repos/retr01/app/schematic_generator/retr01_schem/board.py:157=>/home/g/Repos/retr01/app/schematic_generator/retr01_schem/board.py:150]
WARNING: Merging two named nets (CART_WE_N1 and CART_WE_N) into CART_WE_N1. @ [/home/g/Repos/retr01/app/schematic_generator/retr01_schem/board.py:157=>/home/g/Repos/retr01/app/schematic_generator/retr01_schem/board.py:150]
WARNING: Merging two named nets (DOT_CLK and DOT_CLK1) into DOT_CLK. @ [/home/g/Repos/retr01/app/schematic_generator/retr01_schem/board.py:157=>/home/g/Repos/retr01/app/schematic_generator/retr01_schem/board.py:150]
WARNING: Merging two named nets (BEAM_Y0_1 and BEAM_Y0) into BEAM_Y0_1. @ [/home/g/Repos/retr01/app/schematic_generator/retr01_schem/board.py:157=>/home/g/Repos/retr01/app/schematic_generator/retr01_schem/board.py:150]
WARNING: Merging two named nets (BEAM_LB_A8 and BEAM_LB_A4_1) into BEAM_LB_A8. @ [/home/g/Repos/retr01/app/schematic_generator/retr01_schem/board.py:157=>/home/g/Repos/retr01/app/schematic_generator/retr01_schem/board.py:150]
WARNING: Merging two named nets (BEAM_LB_A0_2 and BEAM_LB_A8) into BEAM_LB_A0_2. @ [/home/g/Repos/retr01/app/schematic_generator/retr01_schem/board.py:157=>/home/g/Repos/retr01/app/schematic_generator/retr01_schem/board.py:150]
WARNING: Merging two named nets (BEAM_Y0_1 and BEAM_LB_A0_2) into BEAM_Y0_1. @ [/home/g/Repos/retr01/app/schematic_generator/retr01_schem/board.py:157=>/home/g/Repos/retr01/app/schematic_generator/retr01_schem/board.py:150]
WARNING: Merging two named nets (BEAM_LB_A4 and BEAM_LB_A8_1) into BEAM_LB_A4. @ [/home/g/Repos/retr01/app/schematic_generator/retr01_schem/board.py:157=>/home/g/Repos/retr01/app/schematic_generator/retr01_schem/board.py:150]
WARNING: Merging two named nets (BEAM_LB_A8_2 and BEAM_LB_A4) into BEAM_LB_A8_2. @ [/home/g/Repos/retr01/app/schematic_generator/retr01_schem/board.py:157=>/home/g/Repos/retr01/app/schematic_generator/retr01_schem/board.py:150]
WARNING: Merging two named nets (BEAM_LB_A0_1 and BEAM_LB_A4_2) into BEAM_LB_A0_1. @ [/home/g/Repos/retr01/app/schematic_generator/retr01_schem/board.py:157=>/home/g/Repos/retr01/app/schematic_generator/retr01_schem/board.py:150]
WARNING: Merging two named nets (BEAM_LB_A0 and BEAM_LB_A0_1) into BEAM_LB_A0. @ [/home/g/Repos/retr01/app/schematic_generator/retr01_schem/board.py:157=>/home/g/Repos/retr01/app/schematic_generator/retr01_schem/board.py:150]
WARNING: Merging two named nets (BEAM_LB_A8_2 and BEAM_LB_A0) into BEAM_LB_A8_2. @ [/home/g/Repos/retr01/app/schematic_generator/retr01_schem/board.py:157=>/home/g/Repos/retr01/app/schematic_generator/retr01_schem/board.py:150]
WARNING: Merging two named nets (BEAM_Y0_1 and BEAM_LB_A8_2) into BEAM_Y0_1. @ [/home/g/Repos/retr01/app/schematic_generator/retr01_schem/board.py:157=>/home/g/Repos/retr01/app/schematic_generator/retr01_schem/board.py:150]
WARNING: Merging two named nets (BEAM_LB_A5 and BEAM_LB_A9_2) into BEAM_LB_A5. @ [/home/g/Repos/retr01/app/schematic_generator/retr01_schem/board.py:157=>/home/g/Repos/retr01/app/schematic_generator/retr01_schem/board.py:150]
WARNING: Merging two named nets (BEAM_Y1 and BEAM_LB_A1) into BEAM_Y1. @ [/home/g/Repos/retr01/app/schematic_generator/retr01_schem/board.py:157=>/home/g/Repos/retr01/app/schematic_generator/retr01_schem/board.py:150]
WARNING: Merging two named nets (BEAM_LB_A9_1 and BEAM_Y1) into BEAM_LB_A9_1. @ [/home/g/Repos/retr01/app/schematic_generator/retr01_schem/board.py:157=>/home/g/Repos/retr01/app/schematic_generator/retr01_schem/board.py:150]
WARNING: Merging two named nets (BEAM_LB_A5 and BEAM_LB_A9_1) into BEAM_LB_A5. @ [/home/g/Repos/retr01/app/schematic_generator/retr01_schem/board.py:157=>/home/g/Repos/retr01/app/schematic_generator/retr01_schem/board.py:150]
WARNING: Merging two named nets (BEAM_LB_A5_1 and BEAM_LB_A5_2) into BEAM_LB_A5_1. @ [/home/g/Repos/retr01/app/schematic_generator/retr01_schem/board.py:157=>/home/g/Repos/retr01/app/schematic_generator/retr01_schem/board.py:150]
WARNING: Merging two named nets (BEAM_LB_A1_1 and BEAM_LB_A5_1) into BEAM_LB_A1_1. @ [/home/g/Repos/retr01/app/schematic_generator/retr01_schem/board.py:157=>/home/g/Repos/retr01/app/schematic_generator/retr01_schem/board.py:150]
WARNING: Merging two named nets (BEAM_LB_A9 and BEAM_Y1_1) into BEAM_LB_A9. @ [/home/g/Repos/retr01/app/schematic_generator/retr01_schem/board.py:157=>/home/g/Repos/retr01/app/schematic_generator/retr01_schem/board.py:150]
WARNING: Merging two named nets (BEAM_LB_A1_2 and BEAM_LB_A9) into BEAM_LB_A1_2. @ [/home/g/Repos/retr01/app/schematic_generator/retr01_schem/board.py:157=>/home/g/Repos/retr01/app/schematic_generator/retr01_schem/board.py:150]
WARNING: Merging two named nets (BEAM_LB_A1_1 and BEAM_LB_A1_2) into BEAM_LB_A1_1. @ [/home/g/Repos/retr01/app/schematic_generator/retr01_schem/board.py:157=>/home/g/Repos/retr01/app/schematic_generator/retr01_schem/board.py:150]
WARNING: Merging two named nets (BEAM_LB_A5 and BEAM_LB_A1_1) into BEAM_LB_A5. @ [/home/g/Repos/retr01/app/schematic_generator/retr01_schem/board.py:157=>/home/g/Repos/retr01/app/schematic_generator/retr01_schem/board.py:150]
WARNING: Merging two named nets (BEAM_Y2 and BEAM_LB_A2_2) into BEAM_Y2. @ [/home/g/Repos/retr01/app/schematic_generator/retr01_schem/board.py:157=>/home/g/Repos/retr01/app/schematic_generator/retr01_schem/board.py:150]
WARNING: Merging two named nets (BEAM_LB_A10_2 and BEAM_LB_A6) into BEAM_LB_A10_2. @ [/home/g/Repos/retr01/app/schematic_generator/retr01_schem/board.py:157=>/home/g/Repos/retr01/app/schematic_generator/retr01_schem/board.py:150]
WARNING: Merging two named nets (BEAM_LB_A10 and BEAM_LB_A10_2) into BEAM_LB_A10. @ [/home/g/Repos/retr01/app/schematic_generator/retr01_schem/board.py:157=>/home/g/Repos/retr01/app/schematic_generator/retr01_schem/board.py:150]
WARNING: Merging two named nets (BEAM_Y2 and BEAM_LB_A10) into BEAM_Y2. @ [/home/g/Repos/retr01/app/schematic_generator/retr01_schem/board.py:157=>/home/g/Repos/retr01/app/schematic_generator/retr01_schem/board.py:150]
WARNING: Merging two named nets (BEAM_LB_A2_1 and BEAM_LB_A2) into BEAM_LB_A2_1. @ [/home/g/Repos/retr01/app/schematic_generator/retr01_schem/board.py:157=>/home/g/Repos/retr01/app/schematic_generator/retr01_schem/board.py:150]
WARNING: Merging two named nets (BEAM_LB_A10_1 and BEAM_LB_A2_1) into BEAM_LB_A10_1. @ [/home/g/Repos/retr01/app/schematic_generator/retr01_schem/board.py:157=>/home/g/Repos/retr01/app/schematic_generator/retr01_schem/board.py:150]
WARNING: Merging two named nets (BEAM_LB_A6_2 and BEAM_Y2_1) into BEAM_LB_A6_2. @ [/home/g/Repos/retr01/app/schematic_generator/retr01_schem/board.py:157=>/home/g/Repos/retr01/app/schematic_generator/retr01_schem/board.py:150]
WARNING: Merging two named nets (BEAM_LB_A6_1 and BEAM_LB_A6_2) into BEAM_LB_A6_1. @ [/home/g/Repos/retr01/app/schematic_generator/retr01_schem/board.py:157=>/home/g/Repos/retr01/app/schematic_generator/retr01_schem/board.py:150]
WARNING: Merging two named nets (BEAM_LB_A10_1 and BEAM_LB_A6_1) into BEAM_LB_A10_1. @ [/home/g/Repos/retr01/app/schematic_generator/retr01_schem/board.py:157=>/home/g/Repos/retr01/app/schematic_generator/retr01_schem/board.py:150]
WARNING: Merging two named nets (BEAM_Y2 and BEAM_LB_A10_1) into BEAM_Y2. @ [/home/g/Repos/retr01/app/schematic_generator/retr01_schem/board.py:157=>/home/g/Repos/retr01/app/schematic_generator/retr01_schem/board.py:150]
WARNING: Merging two named nets (BEAM_Y3 and BEAM_LB_A3_1) into BEAM_Y3. @ [/home/g/Repos/retr01/app/schematic_generator/retr01_schem/board.py:157=>/home/g/Repos/retr01/app/schematic_generator/retr01_schem/board.py:150]
WARNING: Merging two named nets (BEAM_LB_A7_1 and BEAM_LB_A7_2) into BEAM_LB_A7_1. @ [/home/g/Repos/retr01/app/schematic_generator/retr01_schem/board.py:157=>/home/g/Repos/retr01/app/schematic_generator/retr01_schem/board.py:150]
WARNING: Merging two named nets (BEAM_LB_A3 and BEAM_LB_A7_1) into BEAM_LB_A3. @ [/home/g/Repos/retr01/app/schematic_generator/retr01_schem/board.py:157=>/home/g/Repos/retr01/app/schematic_generator/retr01_schem/board.py:150]
WARNING: Merging two named nets (BEAM_Y3 and BEAM_LB_A3) into BEAM_Y3. @ [/home/g/Repos/retr01/app/schematic_generator/retr01_schem/board.py:157=>/home/g/Repos/retr01/app/schematic_generator/retr01_schem/board.py:150]
WARNING: Merging two named nets (BEAM_LB_A11_1 and BEAM_Y3_1) into BEAM_LB_A11_1. @ [/home/g/Repos/retr01/app/schematic_generator/retr01_schem/board.py:157=>/home/g/Repos/retr01/app/schematic_generator/retr01_schem/board.py:150]
WARNING: Merging two named nets (BEAM_LB_A3_2 and BEAM_LB_A11_1) into BEAM_LB_A3_2. @ [/home/g/Repos/retr01/app/schematic_generator/retr01_schem/board.py:157=>/home/g/Repos/retr01/app/schematic_generator/retr01_schem/board.py:150]
WARNING: Merging two named nets (BEAM_LB_A11_2 and BEAM_LB_A7) into BEAM_LB_A11_2. @ [/home/g/Repos/retr01/app/schematic_generator/retr01_schem/board.py:157=>/home/g/Repos/retr01/app/schematic_generator/retr01_schem/board.py:150]
WARNING: Merging two named nets (BEAM_LB_A11 and BEAM_LB_A11_2) into BEAM_LB_A11. @ [/home/g/Repos/retr01/app/schematic_generator/retr01_schem/board.py:157=>/home/g/Repos/retr01/app/schematic_generator/retr01_schem/board.py:150]
WARNING: Merging two named nets (BEAM_LB_A3_2 and BEAM_LB_A11) into BEAM_LB_A3_2. @ [/home/g/Repos/retr01/app/schematic_generator/retr01_schem/board.py:157=>/home/g/Repos/retr01/app/schematic_generator/retr01_schem/board.py:150]
WARNING: Merging two named nets (BEAM_Y3 and BEAM_LB_A3_2) into BEAM_Y3. @ [/home/g/Repos/retr01/app/schematic_generator/retr01_schem/board.py:157=>/home/g/Repos/retr01/app/schematic_generator/retr01_schem/board.py:150]
WARNING: Merging two named nets (BEAM_Y4_1 and BEAM_Y4) into BEAM_Y4_1. @ [/home/g/Repos/retr01/app/schematic_generator/retr01_schem/board.py:157=>/home/g/Repos/retr01/app/schematic_generator/retr01_schem/board.py:150]
WARNING: Merging two named nets (BEAM_Y5 and BEAM_Y5_1) into BEAM_Y5. @ [/home/g/Repos/retr01/app/schematic_generator/retr01_schem/board.py:157=>/home/g/Repos/retr01/app/schematic_generator/retr01_schem/board.py:150]
WARNING: Merging two named nets (BEAM_Y6 and BEAM_Y6_1) into BEAM_Y6. @ [/home/g/Repos/retr01/app/schematic_generator/retr01_schem/board.py:157=>/home/g/Repos/retr01/app/schematic_generator/retr01_schem/board.py:150]
WARNING: Merging two named nets (BEAM_Y7 and BEAM_Y7_1) into BEAM_Y7. @ [/home/g/Repos/retr01/app/schematic_generator/retr01_schem/board.py:157=>/home/g/Repos/retr01/app/schematic_generator/retr01_schem/board.py:150]
WARNING: Merging two named nets (CART_D0_1 and CART_D0) into CART_D0_1. @ [/home/g/Repos/retr01/app/schematic_generator/retr01_schem/board.py:157=>/home/g/Repos/retr01/app/schematic_generator/retr01_schem/board.py:150]
WARNING: Merging two named nets (CART_D1_1 and CART_D1) into CART_D1_1. @ [/home/g/Repos/retr01/app/schematic_generator/retr01_schem/board.py:157=>/home/g/Repos/retr01/app/schematic_generator/retr01_schem/board.py:150]
WARNING: Merging two named nets (CART_D2_1 and CART_D2) into CART_D2_1. @ [/home/g/Repos/retr01/app/schematic_generator/retr01_schem/board.py:157=>/home/g/Repos/retr01/app/schematic_generator/retr01_schem/board.py:150]
WARNING: Merging two named nets (CART_D3 and CART_D3_1) into CART_D3. @ [/home/g/Repos/retr01/app/schematic_generator/retr01_schem/board.py:157=>/home/g/Repos/retr01/app/schematic_generator/retr01_schem/board.py:150]
WARNING: Merging two named nets (CART_D4 and CART_D4_1) into CART_D4. @ [/home/g/Repos/retr01/app/schematic_generator/retr01_schem/board.py:157=>/home/g/Repos/retr01/app/schematic_generator/retr01_schem/board.py:150]
WARNING: Merging two named nets (CART_D5 and CART_D5_1) into CART_D5. @ [/home/g/Repos/retr01/app/schematic_generator/retr01_schem/board.py:157=>/home/g/Repos/retr01/app/schematic_generator/retr01_schem/board.py:150]
WARNING: Merging two named nets (CART_D6 and CART_D6_1) into CART_D6. @ [/home/g/Repos/retr01/app/schematic_generator/retr01_schem/board.py:157=>/home/g/Repos/retr01/app/schematic_generator/retr01_schem/board.py:150]
WARNING: Merging two named nets (CART_D7 and CART_D7_1) into CART_D7. @ [/home/g/Repos/retr01/app/schematic_generator/retr01_schem/board.py:157=>/home/g/Repos/retr01/app/schematic_generator/retr01_schem/board.py:150]
WARNING: Merging two named nets (I2C_SDA2 and I2C_SDA) into I2C_SDA2. @ [/home/g/Repos/retr01/app/schematic_generator/retr01_schem/board.py:157=>/home/g/Repos/retr01/app/schematic_generator/retr01_schem/board.py:150]
WARNING: Merging two named nets (I2C_SDA1 and I2C_SDA2) into I2C_SDA1. @ [/home/g/Repos/retr01/app/schematic_generator/retr01_schem/board.py:157=>/home/g/Repos/retr01/app/schematic_generator/retr01_schem/board.py:150]
WARNING: Merging two named nets (I2C_SCL and I2C_SCL1) into I2C_SCL. @ [/home/g/Repos/retr01/app/schematic_generator/retr01_schem/board.py:157=>/home/g/Repos/retr01/app/schematic_generator/retr01_schem/board.py:150]
WARNING: Merging two named nets (I2C_SCL2 and I2C_SCL) into I2C_SCL2. @ [/home/g/Repos/retr01/app/schematic_generator/retr01_schem/board.py:157=>/home/g/Repos/retr01/app/schematic_generator/retr01_schem/board.py:150]
WARNING: Merging two named nets (AUD0 and AUD0_1) into AUD0. @ [/home/g/Repos/retr01/app/schematic_generator/retr01_schem/board.py:157=>/home/g/Repos/retr01/app/schematic_generator/retr01_schem/board.py:150]
WARNING: Merging two named nets (AUD1 and AUD1_1) into AUD1. @ [/home/g/Repos/retr01/app/schematic_generator/retr01_schem/board.py:157=>/home/g/Repos/retr01/app/schematic_generator/retr01_schem/board.py:150]
WARNING: Merging two named nets (AUD2_1 and AUD2) into AUD2_1. @ [/home/g/Repos/retr01/app/schematic_generator/retr01_schem/board.py:157=>/home/g/Repos/retr01/app/schematic_generator/retr01_schem/board.py:150]
WARNING: Merging two named nets (AUD3 and AUD3_1) into AUD3. @ [/home/g/Repos/retr01/app/schematic_generator/retr01_schem/board.py:157=>/home/g/Repos/retr01/app/schematic_generator/retr01_schem/board.py:150]
WARNING: Merging two named nets (AUD4 and AUD4_1) into AUD4. @ [/home/g/Repos/retr01/app/schematic_generator/retr01_schem/board.py:157=>/home/g/Repos/retr01/app/schematic_generator/retr01_schem/board.py:150]
WARNING: Merging two named nets (AUD5 and AUD5_1) into AUD5. @ [/home/g/Repos/retr01/app/schematic_generator/retr01_schem/board.py:157=>/home/g/Repos/retr01/app/schematic_generator/retr01_schem/board.py:150]
WARNING: Merging two named nets (AUD6 and AUD6_1) into AUD6. @ [/home/g/Repos/retr01/app/schematic_generator/retr01_schem/board.py:157=>/home/g/Repos/retr01/app/schematic_generator/retr01_schem/board.py:150]
WARNING: Merging two named nets (AUD7 and AUD7_1) into AUD7. @ [/home/g/Repos/retr01/app/schematic_generator/retr01_schem/board.py:157=>/home/g/Repos/retr01/app/schematic_generator/retr01_schem/board.py:150]
WARNING: Merging two named nets (AUDIO_OUT and AUDIO_OUT1) into AUDIO_OUT. @ [/home/g/Repos/retr01/app/schematic_generator/retr01_schem/board.py:157=>/home/g/Repos/retr01/app/schematic_generator/retr01_schem/board.py:150]
WARNING: Merging two named nets (LB_MUX_AB1 and LB_MUX_AB) into LB_MUX_AB1. @ [/home/g/Repos/retr01/app/schematic_generator/retr01_schem/board.py:157=>/home/g/Repos/retr01/app/schematic_generator/retr01_schem/board.py:150]
WARNING: Merging two named nets (LB_MUX_G_N1 and LB_MUX_G_N) into LB_MUX_G_N1. @ [/home/g/Repos/retr01/app/schematic_generator/retr01_schem/board.py:157=>/home/g/Repos/retr01/app/schematic_generator/retr01_schem/board.py:150]
WARNING: Merging two named nets (MCU_LB_A8_1 and P2_RIGHT) into MCU_LB_A8_1. @ [/home/g/Repos/retr01/app/schematic_generator/retr01_schem/board.py:157=>/home/g/Repos/retr01/app/schematic_generator/retr01_schem/board.py:150]
WARNING: Merging two named nets (MCU_LB_A8 and MCU_LB_A8_1) into MCU_LB_A8. @ [/home/g/Repos/retr01/app/schematic_generator/retr01_schem/board.py:157=>/home/g/Repos/retr01/app/schematic_generator/retr01_schem/board.py:150]
WARNING: Merging two named nets (MCU_LB_A0 and P2_RIGHT1) into MCU_LB_A0. @ [/home/g/Repos/retr01/app/schematic_generator/retr01_schem/board.py:157=>/home/g/Repos/retr01/app/schematic_generator/retr01_schem/board.py:150]
WARNING: Merging two named nets (MCU_LB_A0_1 and MCU_LB_A0) into MCU_LB_A0_1. @ [/home/g/Repos/retr01/app/schematic_generator/retr01_schem/board.py:157=>/home/g/Repos/retr01/app/schematic_generator/retr01_schem/board.py:150]
WARNING: Merging two named nets (MCU_LB_A8 and MCU_LB_A0_1) into MCU_LB_A8. @ [/home/g/Repos/retr01/app/schematic_generator/retr01_schem/board.py:157=>/home/g/Repos/retr01/app/schematic_generator/retr01_schem/board.py:150]
WARNING: Merging two named nets (LB_A0 and LB_A0_1) into LB_A0. @ [/home/g/Repos/retr01/app/schematic_generator/retr01_schem/board.py:157=>/home/g/Repos/retr01/app/schematic_generator/retr01_schem/board.py:150]
WARNING: Merging two named nets (MCU_LB_A9_1 and MCU_LB_A9) into MCU_LB_A9_1. @ [/home/g/Repos/retr01/app/schematic_generator/retr01_schem/board.py:157=>/home/g/Repos/retr01/app/schematic_generator/retr01_schem/board.py:150]
WARNING: Merging two named nets (MCU_LB_A1 and MCU_LB_A9_1) into MCU_LB_A1. @ [/home/g/Repos/retr01/app/schematic_generator/retr01_schem/board.py:157=>/home/g/Repos/retr01/app/schematic_generator/retr01_schem/board.py:150]
WARNING: Merging two named nets (P2_LEFT and P2_LEFT1) into P2_LEFT. @ [/home/g/Repos/retr01/app/schematic_generator/retr01_schem/board.py:157=>/home/g/Repos/retr01/app/schematic_generator/retr01_schem/board.py:150]
WARNING: Merging two named nets (MCU_LB_A1_1 and P2_LEFT) into MCU_LB_A1_1. @ [/home/g/Repos/retr01/app/schematic_generator/retr01_schem/board.py:157=>/home/g/Repos/retr01/app/schematic_generator/retr01_schem/board.py:150]
WARNING: Merging two named nets (MCU_LB_A1 and MCU_LB_A1_1) into MCU_LB_A1. @ [/home/g/Repos/retr01/app/schematic_generator/retr01_schem/board.py:157=>/home/g/Repos/retr01/app/schematic_generator/retr01_schem/board.py:150]
WARNING: Merging two named nets (LB_A1_1 and LB_A1) into LB_A1_1. @ [/home/g/Repos/retr01/app/schematic_generator/retr01_schem/board.py:157=>/home/g/Repos/retr01/app/schematic_generator/retr01_schem/board.py:150]
WARNING: Merging two named nets (MCU_LB_A10_1 and MCU_LB_A2_1) into MCU_LB_A10_1. @ [/home/g/Repos/retr01/app/schematic_generator/retr01_schem/board.py:157=>/home/g/Repos/retr01/app/schematic_generator/retr01_schem/board.py:150]
WARNING: Merging two named nets (MCU_LB_A10 and MCU_LB_A10_1) into MCU_LB_A10. @ [/home/g/Repos/retr01/app/schematic_generator/retr01_schem/board.py:157=>/home/g/Repos/retr01/app/schematic_generator/retr01_schem/board.py:150]
WARNING: Merging two named nets (P2_DOWN and P2_DOWN1) into P2_DOWN. @ [/home/g/Repos/retr01/app/schematic_generator/retr01_schem/board.py:157=>/home/g/Repos/retr01/app/schematic_generator/retr01_schem/board.py:150]
WARNING: Merging two named nets (MCU_LB_A2 and P2_DOWN) into MCU_LB_A2. @ [/home/g/Repos/retr01/app/schematic_generator/retr01_schem/board.py:157=>/home/g/Repos/retr01/app/schematic_generator/retr01_schem/board.py:150]
WARNING: Merging two named nets (MCU_LB_A10 and MCU_LB_A2) into MCU_LB_A10. @ [/home/g/Repos/retr01/app/schematic_generator/retr01_schem/board.py:157=>/home/g/Repos/retr01/app/schematic_generator/retr01_schem/board.py:150]
WARNING: Merging two named nets (LB_A2 and LB_A2_1) into LB_A2. @ [/home/g/Repos/retr01/app/schematic_generator/retr01_schem/board.py:157=>/home/g/Repos/retr01/app/schematic_generator/retr01_schem/board.py:150]
WARNING: Merging two named nets (P2_UP and P2_UP1) into P2_UP. @ [/home/g/Repos/retr01/app/schematic_generator/retr01_schem/board.py:157=>/home/g/Repos/retr01/app/schematic_generator/retr01_schem/board.py:150]
WARNING: Merging two named nets (MCU_LB_A3 and P2_UP) into MCU_LB_A3. @ [/home/g/Repos/retr01/app/schematic_generator/retr01_schem/board.py:157=>/home/g/Repos/retr01/app/schematic_generator/retr01_schem/board.py:150]
WARNING: Merging two named nets (MCU_LB_A11 and MCU_LB_A11_1) into MCU_LB_A11. @ [/home/g/Repos/retr01/app/schematic_generator/retr01_schem/board.py:157=>/home/g/Repos/retr01/app/schematic_generator/retr01_schem/board.py:150]
WARNING: Merging two named nets (MCU_LB_A3_1 and MCU_LB_A11) into MCU_LB_A3_1. @ [/home/g/Repos/retr01/app/schematic_generator/retr01_schem/board.py:157=>/home/g/Repos/retr01/app/schematic_generator/retr01_schem/board.py:150]
WARNING: Merging two named nets (MCU_LB_A3 and MCU_LB_A3_1) into MCU_LB_A3. @ [/home/g/Repos/retr01/app/schematic_generator/retr01_schem/board.py:157=>/home/g/Repos/retr01/app/schematic_generator/retr01_schem/board.py:150]
WARNING: Merging two named nets (LB_A3_1 and LB_A3) into LB_A3_1. @ [/home/g/Repos/retr01/app/schematic_generator/retr01_schem/board.py:157=>/home/g/Repos/retr01/app/schematic_generator/retr01_schem/board.py:150]
WARNING: Merging two named nets (P2_X and P2_X1) into P2_X. @ [/home/g/Repos/retr01/app/schematic_generator/retr01_schem/board.py:157=>/home/g/Repos/retr01/app/schematic_generator/retr01_schem/board.py:150]
WARNING: Merging two named nets (MCU_LB_A4 and P2_X) into MCU_LB_A4. @ [/home/g/Repos/retr01/app/schematic_generator/retr01_schem/board.py:157=>/home/g/Repos/retr01/app/schematic_generator/retr01_schem/board.py:150]
WARNING: Merging two named nets (LB_A12 and MCU_LB_A4_1) into LB_A12. @ [/home/g/Repos/retr01/app/schematic_generator/retr01_schem/board.py:157=>/home/g/Repos/retr01/app/schematic_generator/retr01_schem/board.py:150]
WARNING: Merging two named nets (LB_A12_1 and LB_A12) into LB_A12_1. @ [/home/g/Repos/retr01/app/schematic_generator/retr01_schem/board.py:157=>/home/g/Repos/retr01/app/schematic_generator/retr01_schem/board.py:150]
WARNING: Merging two named nets (MCU_LB_A4 and LB_A12_1) into MCU_LB_A4. @ [/home/g/Repos/retr01/app/schematic_generator/retr01_schem/board.py:157=>/home/g/Repos/retr01/app/schematic_generator/retr01_schem/board.py:150]
WARNING: Merging two named nets (LB_A4 and LB_A4_1) into LB_A4. @ [/home/g/Repos/retr01/app/schematic_generator/retr01_schem/board.py:157=>/home/g/Repos/retr01/app/schematic_generator/retr01_schem/board.py:150]
WARNING: Merging two named nets (LB_A13_1 and LB_A13) into LB_A13_1. @ [/home/g/Repos/retr01/app/schematic_generator/retr01_schem/board.py:157=>/home/g/Repos/retr01/app/schematic_generator/retr01_schem/board.py:150]
WARNING: Merging two named nets (MCU_LB_A5 and LB_A13_1) into MCU_LB_A5. @ [/home/g/Repos/retr01/app/schematic_generator/retr01_schem/board.py:157=>/home/g/Repos/retr01/app/schematic_generator/retr01_schem/board.py:150]
WARNING: Merging two named nets (P2_Y1 and MCU_LB_A5_1) into P2_Y1. @ [/home/g/Repos/retr01/app/schematic_generator/retr01_schem/board.py:157=>/home/g/Repos/retr01/app/schematic_generator/retr01_schem/board.py:150]
WARNING: Merging two named nets (P2_Y and P2_Y1) into P2_Y. @ [/home/g/Repos/retr01/app/schematic_generator/retr01_schem/board.py:157=>/home/g/Repos/retr01/app/schematic_generator/retr01_schem/board.py:150]
WARNING: Merging two named nets (MCU_LB_A5 and P2_Y) into MCU_LB_A5. @ [/home/g/Repos/retr01/app/schematic_generator/retr01_schem/board.py:157=>/home/g/Repos/retr01/app/schematic_generator/retr01_schem/board.py:150]
WARNING: Merging two named nets (LB_A5_1 and LB_A5) into LB_A5_1. @ [/home/g/Repos/retr01/app/schematic_generator/retr01_schem/board.py:157=>/home/g/Repos/retr01/app/schematic_generator/retr01_schem/board.py:150]
WARNING: Merging two named nets (MCU_LB_A6_1 and LB_A14) into MCU_LB_A6_1. @ [/home/g/Repos/retr01/app/schematic_generator/retr01_schem/board.py:157=>/home/g/Repos/retr01/app/schematic_generator/retr01_schem/board.py:150]
WARNING: Merging two named nets (LB_A14_1 and MCU_LB_A6_1) into LB_A14_1. @ [/home/g/Repos/retr01/app/schematic_generator/retr01_schem/board.py:157=>/home/g/Repos/retr01/app/schematic_generator/retr01_schem/board.py:150]
WARNING: Merging two named nets (P2_COIN and P2_COIN1) into P2_COIN. @ [/home/g/Repos/retr01/app/schematic_generator/retr01_schem/board.py:157=>/home/g/Repos/retr01/app/schematic_generator/retr01_schem/board.py:150]
WARNING: Merging two named nets (MCU_LB_A6 and P2_COIN) into MCU_LB_A6. @ [/home/g/Repos/retr01/app/schematic_generator/retr01_schem/board.py:157=>/home/g/Repos/retr01/app/schematic_generator/retr01_schem/board.py:150]
WARNING: Merging two named nets (LB_A14_1 and MCU_LB_A6) into LB_A14_1. @ [/home/g/Repos/retr01/app/schematic_generator/retr01_schem/board.py:157=>/home/g/Repos/retr01/app/schematic_generator/retr01_schem/board.py:150]
WARNING: Merging two named nets (LB_A6 and LB_A6_1) into LB_A6. @ [/home/g/Repos/retr01/app/schematic_generator/retr01_schem/board.py:157=>/home/g/Repos/retr01/app/schematic_generator/retr01_schem/board.py:150]
WARNING: Merging two named nets (MCU_LB_A7_1 and MCU_LB_A7) into MCU_LB_A7_1. @ [/home/g/Repos/retr01/app/schematic_generator/retr01_schem/board.py:157=>/home/g/Repos/retr01/app/schematic_generator/retr01_schem/board.py:150]
WARNING: Merging two named nets (P2_START and P2_START1) into P2_START. @ [/home/g/Repos/retr01/app/schematic_generator/retr01_schem/board.py:157=>/home/g/Repos/retr01/app/schematic_generator/retr01_schem/board.py:150]
WARNING: Merging two named nets (MCU_LB_A7_1 and P2_START) into MCU_LB_A7_1. @ [/home/g/Repos/retr01/app/schematic_generator/retr01_schem/board.py:157=>/home/g/Repos/retr01/app/schematic_generator/retr01_schem/board.py:150]
WARNING: Merging two named nets (LB_A7 and LB_A7_1) into LB_A7. @ [/home/g/Repos/retr01/app/schematic_generator/retr01_schem/board.py:157=>/home/g/Repos/retr01/app/schematic_generator/retr01_schem/board.py:150]
WARNING: Merging two named nets (LB_A8 and LB_A8_1) into LB_A8. @ [/home/g/Repos/retr01/app/schematic_generator/retr01_schem/board.py:157=>/home/g/Repos/retr01/app/schematic_generator/retr01_schem/board.py:150]
WARNING: Merging two named nets (LB_A9_1 and LB_A9) into LB_A9_1. @ [/home/g/Repos/retr01/app/schematic_generator/retr01_schem/board.py:157=>/home/g/Repos/retr01/app/schematic_generator/retr01_schem/board.py:150]
WARNING: Merging two named nets (LB_A10 and LB_A10_1) into LB_A10. @ [/home/g/Repos/retr01/app/schematic_generator/retr01_schem/board.py:157=>/home/g/Repos/retr01/app/schematic_generator/retr01_schem/board.py:150]
WARNING: Merging two named nets (LB_A11 and LB_A11_1) into LB_A11. @ [/home/g/Repos/retr01/app/schematic_generator/retr01_schem/board.py:157=>/home/g/Repos/retr01/app/schematic_generator/retr01_schem/board.py:150]
WARNING: Merging two named nets (PAD_VCC_P1 and PAD_VCC_P1_1) into PAD_VCC_P1. @ [/home/g/Repos/retr01/app/schematic_generator/retr01_schem/board.py:157=>/home/g/Repos/retr01/app/schematic_generator/retr01_schem/board.py:150]
WARNING: Merging two named nets (PAD_DATA and PAD_DATA1) into PAD_DATA. @ [/home/g/Repos/retr01/app/schematic_generator/retr01_schem/board.py:157=>/home/g/Repos/retr01/app/schematic_generator/retr01_schem/board.py:150]
WARNING: Merging two named nets (PAD_VCC_P2 and PAD_VCC_P2_1) into PAD_VCC_P2. @ [/home/g/Repos/retr01/app/schematic_generator/retr01_schem/board.py:157=>/home/g/Repos/retr01/app/schematic_generator/retr01_schem/board.py:150]
WARNING: Merging two named nets (P1_RIGHT and P1_RIGHT1) into P1_RIGHT. @ [/home/g/Repos/retr01/app/schematic_generator/retr01_schem/board.py:157=>/home/g/Repos/retr01/app/schematic_generator/retr01_schem/board.py:150]
WARNING: Merging two named nets (P1_LEFT1 and P1_LEFT) into P1_LEFT1. @ [/home/g/Repos/retr01/app/schematic_generator/retr01_schem/board.py:157=>/home/g/Repos/retr01/app/schematic_generator/retr01_schem/board.py:150]
WARNING: Merging two named nets (P1_DOWN1 and P1_DOWN) into P1_DOWN1. @ [/home/g/Repos/retr01/app/schematic_generator/retr01_schem/board.py:157=>/home/g/Repos/retr01/app/schematic_generator/retr01_schem/board.py:150]
WARNING: Merging two named nets (P1_UP and P1_UP1) into P1_UP. @ [/home/g/Repos/retr01/app/schematic_generator/retr01_schem/board.py:157=>/home/g/Repos/retr01/app/schematic_generator/retr01_schem/board.py:150]
WARNING: Merging two named nets (P1_X and P1_X1) into P1_X. @ [/home/g/Repos/retr01/app/schematic_generator/retr01_schem/board.py:157=>/home/g/Repos/retr01/app/schematic_generator/retr01_schem/board.py:150]
WARNING: Merging two named nets (P1_Y1 and P1_Y) into P1_Y1. @ [/home/g/Repos/retr01/app/schematic_generator/retr01_schem/board.py:157=>/home/g/Repos/retr01/app/schematic_generator/retr01_schem/board.py:150]
WARNING: Merging two named nets (P1_COIN1 and P1_COIN) into P1_COIN1. @ [/home/g/Repos/retr01/app/schematic_generator/retr01_schem/board.py:157=>/home/g/Repos/retr01/app/schematic_generator/retr01_schem/board.py:150]
WARNING: Merging two named nets (P1_START and P1_START1) into P1_START. @ [/home/g/Repos/retr01/app/schematic_generator/retr01_schem/board.py:157=>/home/g/Repos/retr01/app/schematic_generator/retr01_schem/board.py:150]
WARNING: Merging two named nets (PROM_A0_1 and PROM_A0) into PROM_A0_1. @ [/home/g/Repos/retr01/app/schematic_generator/retr01_schem/board.py:157=>/home/g/Repos/retr01/app/schematic_generator/retr01_schem/board.py:150]
WARNING: Merging two named nets (PROM_A1_1 and PROM_A1) into PROM_A1_1. @ [/home/g/Repos/retr01/app/schematic_generator/retr01_schem/board.py:157=>/home/g/Repos/retr01/app/schematic_generator/retr01_schem/board.py:150]
WARNING: Merging two named nets (PROM_A2_1 and PROM_A2) into PROM_A2_1. @ [/home/g/Repos/retr01/app/schematic_generator/retr01_schem/board.py:157=>/home/g/Repos/retr01/app/schematic_generator/retr01_schem/board.py:150]
WARNING: Merging two named nets (PROM_A3 and PROM_A3_1) into PROM_A3. @ [/home/g/Repos/retr01/app/schematic_generator/retr01_schem/board.py:157=>/home/g/Repos/retr01/app/schematic_generator/retr01_schem/board.py:150]
WARNING: Merging two named nets (PROM_A4 and PROM_A4_1) into PROM_A4. @ [/home/g/Repos/retr01/app/schematic_generator/retr01_schem/board.py:157=>/home/g/Repos/retr01/app/schematic_generator/retr01_schem/board.py:150]
WARNING: Merging two named nets (PROM_A5 and PROM_A5_1) into PROM_A5. @ [/home/g/Repos/retr01/app/schematic_generator/retr01_schem/board.py:157=>/home/g/Repos/retr01/app/schematic_generator/retr01_schem/board.py:150]
WARNING: Merging two named nets (PROM_D0 and PROM_D0_1) into PROM_D0. @ [/home/g/Repos/retr01/app/schematic_generator/retr01_schem/board.py:157=>/home/g/Repos/retr01/app/schematic_generator/retr01_schem/board.py:150]
WARNING: Merging two named nets (VIDEO_R and VIDEO_R1) into VIDEO_R. @ [/home/g/Repos/retr01/app/schematic_generator/retr01_schem/board.py:157=>/home/g/Repos/retr01/app/schematic_generator/retr01_schem/board.py:150]
WARNING: Merging two named nets (PROM_D1 and PROM_D1_1) into PROM_D1. @ [/home/g/Repos/retr01/app/schematic_generator/retr01_schem/board.py:157=>/home/g/Repos/retr01/app/schematic_generator/retr01_schem/board.py:150]
WARNING: Merging two named nets (PROM_D2 and PROM_D2_1) into PROM_D2. @ [/home/g/Repos/retr01/app/schematic_generator/retr01_schem/board.py:157=>/home/g/Repos/retr01/app/schematic_generator/retr01_schem/board.py:150]
WARNING: Merging two named nets (PROM_D3 and PROM_D3_1) into PROM_D3. @ [/home/g/Repos/retr01/app/schematic_generator/retr01_schem/board.py:157=>/home/g/Repos/retr01/app/schematic_generator/retr01_schem/board.py:150]
WARNING: Merging two named nets (VIDEO_G and VIDEO_G1) into VIDEO_G. @ [/home/g/Repos/retr01/app/schematic_generator/retr01_schem/board.py:157=>/home/g/Repos/retr01/app/schematic_generator/retr01_schem/board.py:150]
WARNING: Merging two named nets (PROM_D4_1 and PROM_D4) into PROM_D4_1. @ [/home/g/Repos/retr01/app/schematic_generator/retr01_schem/board.py:157=>/home/g/Repos/retr01/app/schematic_generator/retr01_schem/board.py:150]
WARNING: Merging two named nets (PROM_D5_1 and PROM_D5) into PROM_D5_1. @ [/home/g/Repos/retr01/app/schematic_generator/retr01_schem/board.py:157=>/home/g/Repos/retr01/app/schematic_generator/retr01_schem/board.py:150]
WARNING: Merging two named nets (PROM_D6_1 and PROM_D6) into PROM_D6_1. @ [/home/g/Repos/retr01/app/schematic_generator/retr01_schem/board.py:157=>/home/g/Repos/retr01/app/schematic_generator/retr01_schem/board.py:150]
WARNING: Merging two named nets (VIDEO_B1 and VIDEO_B) into VIDEO_B1. @ [/home/g/Repos/retr01/app/schematic_generator/retr01_schem/board.py:157=>/home/g/Repos/retr01/app/schematic_generator/retr01_schem/board.py:150]
WARNING: Merging two named nets (PROM_D7_1 and PROM_D7) into PROM_D7_1. @ [/home/g/Repos/retr01/app/schematic_generator/retr01_schem/board.py:157=>/home/g/Repos/retr01/app/schematic_generator/retr01_schem/board.py:150]
WARNING: Merging two named nets (CSYNC1 and CSYNC) into CSYNC1. @ [/home/g/Repos/retr01/app/schematic_generator/retr01_schem/board.py:157=>/home/g/Repos/retr01/app/schematic_generator/retr01_schem/board.py:150]
WARNING: Merging two named nets (SCALE_1X1 and SCALE_1X) into SCALE_1X1. @ [/home/g/Repos/retr01/app/schematic_generator/retr01_schem/board.py:157=>/home/g/Repos/retr01/app/schematic_generator/retr01_schem/board.py:150]
WARNING: Missing tag on W65C02S instantiated at /home/g/Repos/retr01/app/schematic_generator/retr01_schem/parts.py:73.
WARNING: Random tag _6kQ2csdIB generated for W65C02S.
WARNING: Missing tag on AS6C62256 instantiated at /home/g/Repos/retr01/app/schematic_generator/retr01_schem/parts.py:73.
WARNING: Random tag VOkkv9ta9R generated for AS6C62256.
WARNING: Missing tag on ATmega1284P instantiated at /home/g/Repos/retr01/app/schematic_generator/retr01_schem/parts.py:73.
WARNING: Random tag 95g_n7wsPm generated for ATmega1284P.
WARNING: Missing tag on ATmega328P instantiated at /home/g/Repos/retr01/app/schematic_generator/retr01_schem/parts.py:73.
WARNING: Random tag inrhwV4OHL generated for ATmega328P.
WARNING: Missing tag on AS6C62256 instantiated at /home/g/Repos/retr01/app/schematic_generator/retr01_schem/parts.py:73.
WARNING: Random tag dykhUmi8Ql generated for AS6C62256.
WARNING: Missing tag on AS6C62256 instantiated at /home/g/Repos/retr01/app/schematic_generator/retr01_schem/parts.py:73.
WARNING: Random tag 6pFlIsgwiD generated for AS6C62256.
WARNING: Missing tag on AT27C256R instantiated at /home/g/Repos/retr01/app/schematic_generator/retr01_schem/parts.py:73.
WARNING: Random tag HEXOOr_sBl generated for AT27C256R.
WARNING: Missing tag on ATF22V10 instantiated at /home/g/Repos/retr01/app/schematic_generator/retr01_schem/parts.py:73.
WARNING: Random tag qxoovcirfs generated for ATF22V10.
WARNING: Missing tag on ATF22V10 instantiated at /home/g/Repos/retr01/app/schematic_generator/retr01_schem/parts.py:73.
WARNING: Random tag chaAVJEU9e generated for ATF22V10.
WARNING: Missing tag on ATF22V10 instantiated at /home/g/Repos/retr01/app/schematic_generator/retr01_schem/parts.py:73.
WARNING: Random tag JbACn0_bsT generated for ATF22V10.
WARNING: Missing tag on ATF22V10 instantiated at /home/g/Repos/retr01/app/schematic_generator/retr01_schem/parts.py:73.
WARNING: Random tag lfl_rQmRhQ generated for ATF22V10.
WARNING: Missing tag on ATF22V10 instantiated at /home/g/Repos/retr01/app/schematic_generator/retr01_schem/parts.py:73.
WARNING: Random tag 5nGGa1tgrJ generated for ATF22V10.
WARNING: Missing tag on SN74HC573 instantiated at /home/g/Repos/retr01/app/schematic_generator/retr01_schem/parts.py:73.
WARNING: Random tag lK9Hp8xcDl generated for SN74HC573.
WARNING: Missing tag on SN74HC573 instantiated at /home/g/Repos/retr01/app/schematic_generator/retr01_schem/parts.py:73.
WARNING: Random tag RZA_bNQpjN generated for SN74HC573.
WARNING: Missing tag on SN74HC573 instantiated at /home/g/Repos/retr01/app/schematic_generator/retr01_schem/parts.py:73.
WARNING: Random tag Ft93yC0OB6 generated for SN74HC573.
WARNING: Missing tag on SN74HC573 instantiated at /home/g/Repos/retr01/app/schematic_generator/retr01_schem/parts.py:73.
WARNING: Random tag BbEfoHNGzs generated for SN74HC573.
WARNING: Missing tag on SN74HC573 instantiated at /home/g/Repos/retr01/app/schematic_generator/retr01_schem/parts.py:73.
WARNING: Random tag ELMLBgCC4u generated for SN74HC573.
WARNING: Missing tag on SN74HC573 instantiated at /home/g/Repos/retr01/app/schematic_generator/retr01_schem/parts.py:73.
WARNING: Random tag _cKLjkKzX0 generated for SN74HC573.
WARNING: Missing tag on SN74HC573 instantiated at /home/g/Repos/retr01/app/schematic_generator/retr01_schem/parts.py:73.
WARNING: Random tag jNQQ22Cy1B generated for SN74HC573.
WARNING: Missing tag on SN74HC573 instantiated at /home/g/Repos/retr01/app/schematic_generator/retr01_schem/parts.py:73.
WARNING: Random tag MQO9PEVtEq generated for SN74HC573.
WARNING: Missing tag on SN74HC573 instantiated at /home/g/Repos/retr01/app/schematic_generator/retr01_schem/parts.py:73.
WARNING: Random tag 6tTWFOJTlj generated for SN74HC573.
WARNING: Missing tag on SN74HC157 instantiated at /home/g/Repos/retr01/app/schematic_generator/retr01_schem/parts.py:73.
WARNING: Random tag zxJwhbxGf0 generated for SN74HC157.
WARNING: Missing tag on SN74HC157 instantiated at /home/g/Repos/retr01/app/schematic_generator/retr01_schem/parts.py:73.
WARNING: Random tag ut6DeWk24T generated for SN74HC157.
WARNING: Missing tag on SN74HC157 instantiated at /home/g/Repos/retr01/app/schematic_generator/retr01_schem/parts.py:73.
WARNING: Random tag LhLHin3KEe generated for SN74HC157.
WARNING: Missing tag on SN74HC157 instantiated at /home/g/Repos/retr01/app/schematic_generator/retr01_schem/parts.py:73.
WARNING: Random tag _URWBxTvKC generated for SN74HC157.
WARNING: Missing tag on SN74HC157 instantiated at /home/g/Repos/retr01/app/schematic_generator/retr01_schem/parts.py:73.
WARNING: Random tag gctEbuyXQv generated for SN74HC157.
WARNING: Missing tag on SN74HC157 instantiated at /home/g/Repos/retr01/app/schematic_generator/retr01_schem/parts.py:73.
WARNING: Random tag n6tLKGJ204 generated for SN74HC157.
WARNING: Missing tag on SN74HC245 instantiated at /home/g/Repos/retr01/app/schematic_generator/retr01_schem/parts.py:73.
WARNING: Random tag kid912Ybv1 generated for SN74HC245.
WARNING: Missing tag on SN74HC245 instantiated at /home/g/Repos/retr01/app/schematic_generator/retr01_schem/parts.py:73.
WARNING: Random tag kfUe_U5vwQ generated for SN74HC245.
WARNING: Missing tag on SN74HC245 instantiated at /home/g/Repos/retr01/app/schematic_generator/retr01_schem/parts.py:73.
WARNING: Random tag BZ1R8S4aLP generated for SN74HC245.
WARNING: Missing tag on SN74HC14 instantiated at /home/g/Repos/retr01/app/schematic_generator/retr01_schem/parts.py:73.
WARNING: Random tag pRIcRP3pWs generated for SN74HC14.
WARNING: Missing tag on OSC8M instantiated at /home/g/Repos/retr01/app/schematic_generator/retr01_schem/parts.py:73.
WARNING: Random tag 5b3e6YBoGL generated for OSC8M.
WARNING: Missing tag on OSC_DOT instantiated at /home/g/Repos/retr01/app/schematic_generator/retr01_schem/parts.py:73.
WARNING: Random tag yIpdm3VFb9 generated for OSC_DOT.
WARNING: Missing tag on CART_EDGE_36 instantiated at /home/g/Repos/retr01/app/schematic_generator/retr01_schem/parts.py:73.
WARNING: Random tag UEIoxSC59a generated for CART_EDGE_36.
WARNING: Missing tag on BARREL_5V instantiated at /home/g/Repos/retr01/app/schematic_generator/retr01_schem/parts.py:73.
WARNING: Random tag 71HWuKXHM5 generated for BARREL_5V.
WARNING: Missing tag on RGBS_HDR instantiated at /home/g/Repos/retr01/app/schematic_generator/retr01_schem/parts.py:73.
WARNING: Random tag G8MP0aXxzp generated for RGBS_HDR.
WARNING: Missing tag on TRS_P1 instantiated at /home/g/Repos/retr01/app/schematic_generator/retr01_schem/parts.py:73.
WARNING: Random tag 5e58ipdMXK generated for TRS_P1.
WARNING: Missing tag on TRS_P2 instantiated at /home/g/Repos/retr01/app/schematic_generator/retr01_schem/parts.py:73.
WARNING: Random tag WZvMRDi7Wk generated for TRS_P2.
WARNING: Missing tag on ARCADE_P1 instantiated at /home/g/Repos/retr01/app/schematic_generator/retr01_schem/parts.py:73.
WARNING: Random tag Ks5U5xl5ok generated for ARCADE_P1.
WARNING: Missing tag on ARCADE_P2 instantiated at /home/g/Repos/retr01/app/schematic_generator/retr01_schem/parts.py:73.
WARNING: Random tag 28Ma6x02OQ generated for ARCADE_P2.
WARNING: Missing tag on CAB_PWR_RST instantiated at /home/g/Repos/retr01/app/schematic_generator/retr01_schem/parts.py:73.
WARNING: Random tag wkxXZkTF2w generated for CAB_PWR_RST.
WARNING: Missing tag on SCALE_SW instantiated at /home/g/Repos/retr01/app/schematic_generator/retr01_schem/parts.py:73.
WARNING: Random tag hxhNjBfwJo generated for SCALE_SW.
WARNING: Missing tag on R_10K instantiated at /home/g/Repos/retr01/app/schematic_generator/retr01_schem/parts.py:73.
WARNING: Random tag VOjUp99tm8 generated for R_10K.
WARNING: Missing tag on AUDIO_OUT instantiated at /home/g/Repos/retr01/app/schematic_generator/retr01_schem/parts.py:73.
WARNING: Random tag 6bq7YrjtWi generated for AUDIO_OUT.
WARNING: Missing tag on COMPOSITE_OUT instantiated at /home/g/Repos/retr01/app/schematic_generator/retr01_schem/parts.py:73.
WARNING: Random tag O9hcxN5HrO generated for COMPOSITE_OUT.
WARNING: Missing tag on PPTC instantiated at /home/g/Repos/retr01/app/schematic_generator/retr01_schem/parts.py:73.
WARNING: Random tag PZpbIN0llN generated for PPTC.
WARNING: Missing tag on FERRITE instantiated at /home/g/Repos/retr01/app/schematic_generator/retr01_schem/parts.py:73.
WARNING: Random tag xcrvPo1SsJ generated for FERRITE.
WARNING: Missing tag on SCHOTTKY instantiated at /home/g/Repos/retr01/app/schematic_generator/retr01_schem/parts.py:73.
WARNING: Random tag e0aSyicIJa generated for SCHOTTKY.
WARNING: Missing tag on C_BULK instantiated at /home/g/Repos/retr01/app/schematic_generator/retr01_schem/parts.py:73.
WARNING: Random tag 8EawZpPzMw generated for C_BULK.
WARNING: Missing tag on FERRITE instantiated at /home/g/Repos/retr01/app/schematic_generator/retr01_schem/parts.py:73.
WARNING: Random tag itYpmur7u3 generated for FERRITE.
WARNING: Missing tag on C_10U instantiated at /home/g/Repos/retr01/app/schematic_generator/retr01_schem/parts.py:73.
WARNING: Random tag SgMqHiZugd generated for C_10U.
WARNING: Missing tag on PPTC instantiated at /home/g/Repos/retr01/app/schematic_generator/retr01_schem/parts.py:73.
WARNING: Random tag roMes9pDgZ generated for PPTC.
WARNING: Missing tag on PPTC instantiated at /home/g/Repos/retr01/app/schematic_generator/retr01_schem/parts.py:73.
WARNING: Random tag gZYFXJCNeG generated for PPTC.
WARNING: Missing tag on R_4K7 instantiated at /home/g/Repos/retr01/app/schematic_generator/retr01_schem/parts.py:73.
WARNING: Random tag LQV3KB9Ufe generated for R_4K7.
WARNING: Missing tag on R_R2R instantiated at /home/g/Repos/retr01/app/schematic_generator/retr01_schem/parts.py:88.
WARNING: Random tag 8oH3Ufpu61 generated for R_R2R.
WARNING: Missing tag on R_R2R instantiated at /home/g/Repos/retr01/app/schematic_generator/retr01_schem/parts.py:88.
WARNING: Random tag FZkNhl4SP_ generated for R_R2R.
WARNING: Missing tag on R_R2R instantiated at /home/g/Repos/retr01/app/schematic_generator/retr01_schem/parts.py:88.
WARNING: Random tag jPg7Q7fNI4 generated for R_R2R.
WARNING: Missing tag on R_R2R instantiated at /home/g/Repos/retr01/app/schematic_generator/retr01_schem/parts.py:88.
WARNING: Random tag qYeODzbgRl generated for R_R2R.
WARNING: Missing tag on R_R2R instantiated at /home/g/Repos/retr01/app/schematic_generator/retr01_schem/parts.py:88.
WARNING: Random tag zQQrIUQ3af generated for R_R2R.
WARNING: Missing tag on R_R2R instantiated at /home/g/Repos/retr01/app/schematic_generator/retr01_schem/parts.py:88.
WARNING: Random tag SSpURumQ49 generated for R_R2R.
WARNING: Missing tag on R_R2R instantiated at /home/g/Repos/retr01/app/schematic_generator/retr01_schem/parts.py:88.
WARNING: Random tag 1_j6MHekT9 generated for R_R2R.
WARNING: Missing tag on R_R2R instantiated at /home/g/Repos/retr01/app/schematic_generator/retr01_schem/parts.py:88.
WARNING: Random tag kxM__tWWQs generated for R_R2R.
WARNING: Missing tag on R_75 instantiated at /home/g/Repos/retr01/app/schematic_generator/retr01_schem/parts.py:88.
WARNING: Random tag 18pzzCit1C generated for R_75.
WARNING: Missing tag on R_75 instantiated at /home/g/Repos/retr01/app/schematic_generator/retr01_schem/parts.py:88.
WARNING: Random tag 9m7vowCKd4 generated for R_75.
WARNING: Missing tag on R_75 instantiated at /home/g/Repos/retr01/app/schematic_generator/retr01_schem/parts.py:88.
WARNING: Random tag DAThVvxbiu generated for R_75.
WARNING: Missing tag on R_10K instantiated at /home/g/Repos/retr01/app/schematic_generator/retr01_schem/parts.py:88.
WARNING: Random tag mGc1LE999p generated for R_10K.
WARNING: Missing tag on R_10K instantiated at /home/g/Repos/retr01/app/schematic_generator/retr01_schem/parts.py:88.
WARNING: Random tag qnAUiRMGmi generated for R_10K.
WARNING: Missing tag on R_10K instantiated at /home/g/Repos/retr01/app/schematic_generator/retr01_schem/parts.py:88.
WARNING: Random tag jYKscOzwnN generated for R_10K.
WARNING: Missing tag on R_10K instantiated at /home/g/Repos/retr01/app/schematic_generator/retr01_schem/parts.py:88.
WARNING: Random tag SzA21labNh generated for R_10K.
WARNING: Missing tag on R_10K instantiated at /home/g/Repos/retr01/app/schematic_generator/retr01_schem/parts.py:88.
WARNING: Random tag UiFbf1iv87 generated for R_10K.
WARNING: Missing tag on R_10K instantiated at /home/g/Repos/retr01/app/schematic_generator/retr01_schem/parts.py:88.
WARNING: Random tag OwjUcPhoX1 generated for R_10K.
WARNING: Missing tag on R_10K instantiated at /home/g/Repos/retr01/app/schematic_generator/retr01_schem/parts.py:88.
WARNING: Random tag t9khFHxxqZ generated for R_10K.
WARNING: Missing tag on R_10K instantiated at /home/g/Repos/retr01/app/schematic_generator/retr01_schem/parts.py:88.
WARNING: Random tag XQ_XyXetbI generated for R_10K.
WARNING: Missing tag on R_1K instantiated at /home/g/Repos/retr01/app/schematic_generator/retr01_schem/parts.py:88.
WARNING: Random tag I4SKluZN7k generated for R_1K.
WARNING: Missing tag on C_10U_AUD instantiated at /home/g/Repos/retr01/app/schematic_generator/retr01_schem/parts.py:88.
WARNING: Random tag io85TDZ6sH generated for C_10U_AUD.
WARNING: Missing tag on C_100N instantiated at /home/g/Repos/retr01/app/schematic_generator/retr01_schem/parts.py:88.
WARNING: Random tag j_qeM3Czqu generated for C_100N.
WARNING: Missing tag on C_100N instantiated at /home/g/Repos/retr01/app/schematic_generator/retr01_schem/parts.py:88.
WARNING: Random tag m8fphLF4lF generated for C_100N.
WARNING: Missing tag on C_100N instantiated at /home/g/Repos/retr01/app/schematic_generator/retr01_schem/parts.py:88.
WARNING: Random tag D1xzP7_Yqd generated for C_100N.
WARNING: Missing tag on C_100N instantiated at /home/g/Repos/retr01/app/schematic_generator/retr01_schem/parts.py:88.
WARNING: Random tag x04D6OQL8h generated for C_100N.
WARNING: Missing tag on C_100N instantiated at /home/g/Repos/retr01/app/schematic_generator/retr01_schem/parts.py:88.
WARNING: Random tag cOB9c4hyxa generated for C_100N.
WARNING: Missing tag on C_100N instantiated at /home/g/Repos/retr01/app/schematic_generator/retr01_schem/parts.py:88.
WARNING: Random tag E9Dv4jxn7E generated for C_100N.
WARNING: Missing tag on C_100N instantiated at /home/g/Repos/retr01/app/schematic_generator/retr01_schem/parts.py:88.
WARNING: Random tag HKOGsKPb0U generated for C_100N.
WARNING: Missing tag on C_100N instantiated at /home/g/Repos/retr01/app/schematic_generator/retr01_schem/parts.py:88.
WARNING: Random tag v0DZmcq4OF generated for C_100N.
WARNING: Missing tag on C_100N instantiated at /home/g/Repos/retr01/app/schematic_generator/retr01_schem/parts.py:88.
WARNING: Random tag WveIOdKk8g generated for C_100N.
WARNING: Missing tag on C_100N instantiated at /home/g/Repos/retr01/app/schematic_generator/retr01_schem/parts.py:88.
WARNING: Random tag OnATnw3Ca0 generated for C_100N.
WARNING: Missing tag on C_100N instantiated at /home/g/Repos/retr01/app/schematic_generator/retr01_schem/parts.py:88.
WARNING: Random tag tDceK3wVXV generated for C_100N.
WARNING: Missing tag on C_100N instantiated at /home/g/Repos/retr01/app/schematic_generator/retr01_schem/parts.py:88.
WARNING: Random tag lV5oqxCkyc generated for C_100N.
WARNING: Missing tag on C_100N instantiated at /home/g/Repos/retr01/app/schematic_generator/retr01_schem/parts.py:88.
WARNING: Random tag uydMFS7cxI generated for C_100N.
WARNING: Missing tag on C_100N instantiated at /home/g/Repos/retr01/app/schematic_generator/retr01_schem/parts.py:88.
WARNING: Random tag 3m_mfZ3gom generated for C_100N.
WARNING: Missing tag on C_100N instantiated at /home/g/Repos/retr01/app/schematic_generator/retr01_schem/parts.py:88.
WARNING: Random tag fjYrC3S4Ei generated for C_100N.
WARNING: Missing tag on C_100N instantiated at /home/g/Repos/retr01/app/schematic_generator/retr01_schem/parts.py:88.
WARNING: Random tag nyFsO6kDg9 generated for C_100N.
WARNING: Missing tag on C_100N instantiated at /home/g/Repos/retr01/app/schematic_generator/retr01_schem/parts.py:88.
WARNING: Random tag Izp04gC6qw generated for C_100N.
WARNING: Missing tag on C_100N instantiated at /home/g/Repos/retr01/app/schematic_generator/retr01_schem/parts.py:88.
WARNING: Random tag HbsLx_KRJ3 generated for C_100N.
WARNING: Missing tag on C_100N instantiated at /home/g/Repos/retr01/app/schematic_generator/retr01_schem/parts.py:88.
WARNING: Random tag lTUT8TOAh7 generated for C_100N.
WARNING: Missing tag on C_100N instantiated at /home/g/Repos/retr01/app/schematic_generator/retr01_schem/parts.py:88.
WARNING: Random tag P6LJ3IMrkt generated for C_100N.
WARNING: Missing tag on C_100N instantiated at /home/g/Repos/retr01/app/schematic_generator/retr01_schem/parts.py:88.
WARNING: Random tag 9LdHclmG1w generated for C_100N.
WARNING: Missing tag on C_100N instantiated at /home/g/Repos/retr01/app/schematic_generator/retr01_schem/parts.py:88.
WARNING: Random tag Vp8oDO519I generated for C_100N.
WARNING: Missing tag on C_100N instantiated at /home/g/Repos/retr01/app/schematic_generator/retr01_schem/parts.py:88.
WARNING: Random tag 5BQMQ2jC56 generated for C_100N.
WARNING: Missing tag on C_100N instantiated at /home/g/Repos/retr01/app/schematic_generator/retr01_schem/parts.py:88.
WARNING: Random tag D5HWH22hJU generated for C_100N.
WARNING: Missing tag on C_100N instantiated at /home/g/Repos/retr01/app/schematic_generator/retr01_schem/parts.py:88.
WARNING: Random tag aRnlqSqT4H generated for C_100N.
WARNING: Missing tag on C_100N instantiated at /home/g/Repos/retr01/app/schematic_generator/retr01_schem/parts.py:88.
WARNING: Random tag 18yLI_WEYo generated for C_100N.
WARNING: Missing tag on C_100N instantiated at /home/g/Repos/retr01/app/schematic_generator/retr01_schem/parts.py:88.
WARNING: Random tag 7oXDfb7QY6 generated for C_100N.
WARNING: Missing tag on C_100N instantiated at /home/g/Repos/retr01/app/schematic_generator/retr01_schem/parts.py:88.
WARNING: Random tag vwbln2fz_d generated for C_100N.
WARNING: Missing tag on C_100N instantiated at /home/g/Repos/retr01/app/schematic_generator/retr01_schem/parts.py:88.
WARNING: Random tag OPbYyfUNiZ generated for C_100N.
WARNING: Missing tag on C_100N instantiated at /home/g/Repos/retr01/app/schematic_generator/retr01_schem/parts.py:88.
WARNING: Random tag Usgh_IrNCO generated for C_100N.
WARNING: Missing tag on  instantiated at /home/g/Repos/retr01/app/schematic_generator/retr01_schem/board.py:142.
INFO: 653 warnings found while generating netlist.
INFO: 0 errors found while generating netlist.

WARNING: Missing tag on SST39SF040 instantiated at /home/g/Repos/retr01/app/schematic_generator/retr01_schem/parts.py:73.
WARNING: Random tag 8l4b3jRdMc generated for SST39SF040.
WARNING: Missing tag on 24C64 instantiated at /home/g/Repos/retr01/app/schematic_generator/retr01_schem/parts.py:73.
WARNING: Random tag 9LV8M3NMPf generated for 24C64.
WARNING: Missing tag on CART_EDGE_36 instantiated at /home/g/Repos/retr01/app/schematic_generator/retr01_schem/parts.py:73.
WARNING: Random tag QFx1FCUbRU generated for CART_EDGE_36.
WARNING: Missing tag on C_100N instantiated at /home/g/Repos/retr01/app/schematic_generator/retr01_schem/parts.py:88.
WARNING: Random tag azKK1opSMo generated for C_100N.
WARNING: Missing tag on C_100N instantiated at /home/g/Repos/retr01/app/schematic_generator/retr01_schem/parts.py:88.
WARNING: Random tag CUTZ4bEscT generated for C_100N.
WARNING: Missing tag on  instantiated at /home/g/Repos/retr01/app/schematic_generator/retr01_schem/board.py:142.
INFO: 226 warnings found while generating netlist.
INFO: 0 errors found while generating netlist.

